current_path,group,confidence,evidence
board_chess/match_ui/arena.png,board_chess/match_ui,high,Backed by direct named asset reference in client code or jar path.
board_chess/match_ui/arrow.png,board_chess/match_ui,high,Backed by direct named asset reference in client code or jar path.
board_chess/match_ui/focusname.png,board_chess/match_ui,high,Backed by direct named asset reference in client code or jar path.
board_chess/match_ui/fsw.png,board_chess/match_ui,high,Backed by direct named asset reference in client code or jar path.
board_chess/match_ui/hand.png,board_chess/match_ui,high,Backed by direct named asset reference in client code or jar path.
board_chess/match_ui/l.png,board_chess/match_ui,high,Backed by direct named asset reference in client code or jar path.
board_chess/match_ui/lock.png,board_chess/match_ui,high,Backed by direct named asset reference in client code or jar path.
board_chess/match_ui/lock2.png,board_chess/match_ui,high,Backed by direct named asset reference in client code or jar path.
board_chess/match_ui/m.png,board_chess/match_ui,high,Backed by direct named asset reference in client code or jar path.
board_chess/match_ui/room.png,board_chess/match_ui,high,Backed by direct named asset reference in client code or jar path.
board_chess/pieces_and_fx/chess0.png,board_chess/pieces_and_fx,high,Backed by direct named asset reference in client code or jar path.
board_chess/pieces_and_fx/chess1.png,board_chess/pieces_and_fx,high,Backed by direct named asset reference in client code or jar path.
board_chess/pieces_and_fx/chess2.png,board_chess/pieces_and_fx,high,Backed by direct named asset reference in client code or jar path.
board_chess/pieces_and_fx/chess3.png,board_chess/pieces_and_fx,high,Backed by direct named asset reference in client code or jar path.
board_chess/pieces_and_fx/chess4.png,board_chess/pieces_and_fx,high,Backed by direct named asset reference in client code or jar path.
board_chess/pieces_and_fx/chess5.png,board_chess/pieces_and_fx,high,Backed by direct named asset reference in client code or jar path.
board_chess/pieces_and_fx/chess6.png,board_chess/pieces_and_fx,high,Backed by direct named asset reference in client code or jar path.
board_chess/pieces_and_fx/chess7.png,board_chess/pieces_and_fx,high,Backed by direct named asset reference in client code or jar path.
board_chess/pieces_and_fx/chess8.png,board_chess/pieces_and_fx,high,Backed by direct named asset reference in client code or jar path.
board_chess/pieces_and_fx/chesscrystal.png,board_chess/pieces_and_fx,high,Backed by direct named asset reference in client code or jar path.
board_chess/pieces_and_fx/focusmovechess1.png,board_chess/pieces_and_fx,high,Backed by direct named asset reference in client code or jar path.
board_chess/play_ui/bkboardh.png,board_chess/play_ui,high,Backed by direct named asset reference in client code or jar path.
board_chess/play_ui/bkboardv.png,board_chess/play_ui,high,Backed by direct named asset reference in client code or jar path.
board_chess/play_ui/ground.png,board_chess/play_ui,high,Backed by direct named asset reference in client code or jar path.
board_chess/play_ui/hpbar.png,board_chess/play_ui,high,Backed by direct named asset reference in client code or jar path.
board_chess/play_ui/manabar.png,board_chess/play_ui,high,Backed by direct named asset reference in client code or jar path.
board_chess/play_ui/powerbar.png,board_chess/play_ui,high,Backed by direct named asset reference in client code or jar path.
character_resources/appearance_group_798xx_uncertain/79800.png,character_resources/appearance_group_798xx_uncertain,low,Used by create-character composer; exact semantic label not confirmed from client alone.
character_resources/appearance_group_798xx_uncertain/79801.png,character_resources/appearance_group_798xx_uncertain,low,Used by create-character composer; exact semantic label not confirmed from client alone.
character_resources/appearance_group_798xx_uncertain/79802.png,character_resources/appearance_group_798xx_uncertain,low,Used by create-character composer; exact semantic label not confirmed from client alone.
character_resources/appearance_group_798xx_uncertain/79803.png,character_resources/appearance_group_798xx_uncertain,low,Used by create-character composer; exact semantic label not confirmed from client alone.
character_resources/appearance_group_798xx_uncertain/79804.png,character_resources/appearance_group_798xx_uncertain,low,Used by create-character composer; exact semantic label not confirmed from client alone.
character_resources/appearance_group_798xx_uncertain/79805.png,character_resources/appearance_group_798xx_uncertain,low,Used by create-character composer; exact semantic label not confirmed from client alone.
character_resources/appearance_group_798xx_uncertain/79806.png,character_resources/appearance_group_798xx_uncertain,low,Used by create-character composer; exact semantic label not confirmed from client alone.
character_resources/appearance_group_798xx_uncertain/79807.png,character_resources/appearance_group_798xx_uncertain,low,Used by create-character composer; exact semantic label not confirmed from client alone.
character_resources/appearance_group_798xx_uncertain/79808.png,character_resources/appearance_group_798xx_uncertain,low,Used by create-character composer; exact semantic label not confirmed from client alone.
character_resources/appearance_group_798xx_uncertain/79809.png,character_resources/appearance_group_798xx_uncertain,low,Used by create-character composer; exact semantic label not confirmed from client alone.
character_resources/appearance_group_798xx_uncertain/79898.png,character_resources/appearance_group_798xx_uncertain,low,Used by create-character composer; exact semantic label not confirmed from client alone.
character_resources/appearance_group_799xx_uncertain/79900.png,character_resources/appearance_group_799xx_uncertain,low,Used by create-character composer; exact semantic label not confirmed from client alone.
character_resources/appearance_group_799xx_uncertain/79901.png,character_resources/appearance_group_799xx_uncertain,low,Used by create-character composer; exact semantic label not confirmed from client alone.
character_resources/appearance_group_799xx_uncertain/79902.png,character_resources/appearance_group_799xx_uncertain,low,Used by create-character composer; exact semantic label not confirmed from client alone.
character_resources/appearance_group_799xx_uncertain/79903.png,character_resources/appearance_group_799xx_uncertain,low,Used by create-character composer; exact semantic label not confirmed from client alone.
character_resources/appearance_group_799xx_uncertain/79904.png,character_resources/appearance_group_799xx_uncertain,low,Used by create-character composer; exact semantic label not confirmed from client alone.
character_resources/appearance_group_799xx_uncertain/79905.png,character_resources/appearance_group_799xx_uncertain,low,Used by create-character composer; exact semantic label not confirmed from client alone.
character_resources/appearance_group_799xx_uncertain/79906.png,character_resources/appearance_group_799xx_uncertain,low,Used by create-character composer; exact semantic label not confirmed from client alone.
character_resources/appearance_group_799xx_uncertain/79907.png,character_resources/appearance_group_799xx_uncertain,low,Used by create-character composer; exact semantic label not confirmed from client alone.
character_resources/appearance_group_799xx_uncertain/79908.png,character_resources/appearance_group_799xx_uncertain,low,Used by create-character composer; exact semantic label not confirmed from client alone.
character_resources/appearance_group_799xx_uncertain/79909.png,character_resources/appearance_group_799xx_uncertain,low,Used by create-character composer; exact semantic label not confirmed from client alone.
character_resources/appearance_group_799xx_uncertain/79998.png,character_resources/appearance_group_799xx_uncertain,low,Used by create-character composer; exact semantic label not confirmed from client alone.
character_resources/body_990xx_confirmed/99000.png,character_resources/body_990xx_confirmed,high,Confirmed by body-part compositor using base 99000 resources.
character_resources/body_990xx_confirmed/99001.png,character_resources/body_990xx_confirmed,high,Confirmed by body-part compositor using base 99000 resources.
character_resources/body_990xx_confirmed/99002.png,character_resources/body_990xx_confirmed,high,Confirmed by body-part compositor using base 99000 resources.
character_resources/body_990xx_confirmed/99003.png,character_resources/body_990xx_confirmed,high,Confirmed by body-part compositor using base 99000 resources.
character_resources/body_990xx_confirmed/99004.png,character_resources/body_990xx_confirmed,high,Confirmed by body-part compositor using base 99000 resources.
character_resources/body_990xx_confirmed/99005.png,character_resources/body_990xx_confirmed,high,Confirmed by body-part compositor using base 99000 resources.
character_resources/body_990xx_confirmed/99006.png,character_resources/body_990xx_confirmed,high,Confirmed by body-part compositor using base 99000 resources.
character_resources/body_990xx_confirmed/99007.png,character_resources/body_990xx_confirmed,high,Confirmed by body-part compositor using base 99000 resources.
character_resources/body_990xx_confirmed/99008.png,character_resources/body_990xx_confirmed,high,Confirmed by body-part compositor using base 99000 resources.
character_resources/body_990xx_confirmed/99009.png,character_resources/body_990xx_confirmed,high,Confirmed by body-part compositor using base 99000 resources.
character_resources/body_990xx_confirmed/99099.png,character_resources/body_990xx_confirmed,high,Confirmed by body-part compositor using base 99000 resources.
character_resources/create_screen/bk.png,character_resources/create_screen,high,Backed by direct named asset reference in client code or jar path.
character_resources/create_screen/stone.png,character_resources/create_screen,high,Backed by direct named asset reference in client code or jar path.
character_resources/skin_899xx_likely/89900.png,character_resources/skin_899xx_likely,medium,Linked to create-character skin-color selection and body-part composition.
character_resources/skin_899xx_likely/89901.png,character_resources/skin_899xx_likely,medium,Linked to create-character skin-color selection and body-part composition.
character_resources/skin_899xx_likely/89902.png,character_resources/skin_899xx_likely,medium,Linked to create-character skin-color selection and body-part composition.
character_resources/skin_899xx_likely/89903.png,character_resources/skin_899xx_likely,medium,Linked to create-character skin-color selection and body-part composition.
character_resources/skin_899xx_likely/89904.png,character_resources/skin_899xx_likely,medium,Linked to create-character skin-color selection and body-part composition.
character_resources/skin_899xx_likely/89905.png,character_resources/skin_899xx_likely,medium,Linked to create-character skin-color selection and body-part composition.
character_resources/skin_899xx_likely/89906.png,character_resources/skin_899xx_likely,medium,Linked to create-character skin-color selection and body-part composition.
character_resources/skin_899xx_likely/89907.png,character_resources/skin_899xx_likely,medium,Linked to create-character skin-color selection and body-part composition.
character_resources/skin_899xx_likely/89908.png,character_resources/skin_899xx_likely,medium,Linked to create-character skin-color selection and body-part composition.
character_resources/skin_899xx_likely/89909.png,character_resources/skin_899xx_likely,medium,Linked to create-character skin-color selection and body-part composition.
fonts_logos/_blackfont.png,fonts_logos/_blackfont.png,high,Backed by direct named asset reference in client code or jar path.
fonts_logos/_corner.png,fonts_logos/_corner.png,high,Backed by direct named asset reference in client code or jar path.
fonts_logos/_fontcap.png,fonts_logos/_fontcap.png,high,Backed by direct named asset reference in client code or jar path.
fonts_logos/_mglogo.png,fonts_logos/_mglogo.png,high,Backed by direct named asset reference in client code or jar path.
fonts_logos/_partnerLogo.png,fonts_logos/_partnerLogo.png,high,Backed by direct named asset reference in client code or jar path.
fonts_logos/_sound1.png,fonts_logos/_sound1.png,high,Backed by direct named asset reference in client code or jar path.
fonts_logos/_sound2.png,fonts_logos/_sound2.png,high,Backed by direct named asset reference in client code or jar path.
fonts_logos/version_tags/ver.png,fonts_logos/version_tags,high,Backed by direct named asset reference in client code or jar path.
fonts_logos/version_tags/ver_b.png,fonts_logos/version_tags,high,Backed by direct named asset reference in client code or jar path.
items_objects/blacksmith.png,items_objects,high,Backed by direct named asset reference in client code or jar path.
items_objects/broken_heart.png,items_objects,high,Backed by direct named asset reference in client code or jar path.
items_objects/crystalblue.png,items_objects,high,Backed by direct named asset reference in client code or jar path.
items_objects/crystalred.png,items_objects,high,Backed by direct named asset reference in client code or jar path.
items_objects/effblacksmith.png,items_objects,high,Backed by direct named asset reference in client code or jar path.
items_objects/elementsicon.png,items_objects,high,Backed by direct named asset reference in client code or jar path.
items_objects/gate.png,items_objects,high,Backed by direct named asset reference in client code or jar path.
items_objects/star.png,items_objects,high,Backed by direct named asset reference in client code or jar path.
items_objects/staricon.png,items_objects,high,Backed by direct named asset reference in client code or jar path.
items_objects/taythuytinh.png,items_objects,high,Backed by direct named asset reference in client code or jar path.
monster/ice.png,monster/ice.png,high,Backed by direct named asset reference in client code or jar path.
monster/monster.png,monster/monster.png,high,Backed by direct named asset reference in client code or jar path.
monster/zap.png,monster/zap.png,high,Backed by direct named asset reference in client code or jar path.
offline_unclassified/1000000.png,offline_unclassified,low,Numeric offline cache resource; semantic role not derivable from filename alone.
offline_unclassified/1000001.png,offline_unclassified,low,Numeric offline cache resource; semantic role not derivable from filename alone.
offline_unclassified/1000002.png,offline_unclassified,low,Numeric offline cache resource; semantic role not derivable from filename alone.
offline_unclassified/100001.png,offline_unclassified,low,Numeric offline cache resource; semantic role not derivable from filename alone.
offline_unclassified/100003.png,offline_unclassified,low,Numeric offline cache resource; semantic role not derivable from filename alone.
offline_unclassified/100004.png,offline_unclassified,low,Numeric offline cache resource; semantic role not derivable from filename alone.
offline_unclassified/100005.png,offline_unclassified,low,Numeric offline cache resource; semantic role not derivable from filename alone.
offline_unclassified/100011.png,offline_unclassified,low,Numeric offline cache resource; semantic role not derivable from filename alone.
offline_unclassified/100013.png,offline_unclassified,low,Numeric offline cache resource; semantic role not derivable from filename alone.
offline_unclassified/100014.png,offline_unclassified,low,Numeric offline cache resource; semantic role not derivable from filename alone.
offline_unclassified/100015.png,offline_unclassified,low,Numeric offline cache resource; semantic role not derivable from filename alone.
offline_unclassified/100021.png,offline_unclassified,low,Numeric offline cache resource; semantic role not derivable from filename alone.
offline_unclassified/100023.png,offline_unclassified,low,Numeric offline cache resource; semantic role not derivable from filename alone.
offline_unclassified/100024.png,offline_unclassified,low,Numeric offline cache resource; semantic role not derivable from filename alone.
offline_unclassified/100025.png,offline_unclassified,low,Numeric offline cache resource; semantic role not derivable from filename alone.
offline_unclassified/100031.png,offline_unclassified,low,Numeric offline cache resource; semantic role not derivable from filename alone.
offline_unclassified/100033.png,offline_unclassified,low,Numeric offline cache resource; semantic role not derivable from filename alone.
offline_unclassified/100034.png,offline_unclassified,low,Numeric offline cache resource; semantic role not derivable from filename alone.
offline_unclassified/100035.png,offline_unclassified,low,Numeric offline cache resource; semantic role not derivable from filename alone.
offline_unclassified/100041.png,offline_unclassified,low,Numeric offline cache resource; semantic role not derivable from filename alone.
offline_unclassified/100043.png,offline_unclassified,low,Numeric offline cache resource; semantic role not derivable from filename alone.
offline_unclassified/100044.png,offline_unclassified,low,Numeric offline cache resource; semantic role not derivable from filename alone.
offline_unclassified/100045.png,offline_unclassified,low,Numeric offline cache resource; semantic role not derivable from filename alone.
offline_unclassified/100051.png,offline_unclassified,low,Numeric offline cache resource; semantic role not derivable from filename alone.
offline_unclassified/100053.png,offline_unclassified,low,Numeric offline cache resource; semantic role not derivable from filename alone.
offline_unclassified/100054.png,offline_unclassified,low,Numeric offline cache resource; semantic role not derivable from filename alone.
offline_unclassified/100055.png,offline_unclassified,low,Numeric offline cache resource; semantic role not derivable from filename alone.
offline_unclassified/100061.png,offline_unclassified,low,Numeric offline cache resource; semantic role not derivable from filename alone.
offline_unclassified/100063.png,offline_unclassified,low,Numeric offline cache resource; semantic role not derivable from filename alone.
offline_unclassified/100064.png,offline_unclassified,low,Numeric offline cache resource; semantic role not derivable from filename alone.
offline_unclassified/100065.png,offline_unclassified,low,Numeric offline cache resource; semantic role not derivable from filename alone.
offline_unclassified/100071.png,offline_unclassified,low,Numeric offline cache resource; semantic role not derivable from filename alone.
offline_unclassified/100073.png,offline_unclassified,low,Numeric offline cache resource; semantic role not derivable from filename alone.
offline_unclassified/100074.png,offline_unclassified,low,Numeric offline cache resource; semantic role not derivable from filename alone.
offline_unclassified/100075.png,offline_unclassified,low,Numeric offline cache resource; semantic role not derivable from filename alone.
offline_unclassified/100081.png,offline_unclassified,low,Numeric offline cache resource; semantic role not derivable from filename alone.
offline_unclassified/100083.png,offline_unclassified,low,Numeric offline cache resource; semantic role not derivable from filename alone.
offline_unclassified/100085.png,offline_unclassified,low,Numeric offline cache resource; semantic role not derivable from filename alone.
offline_unclassified/100086.png,offline_unclassified,low,Numeric offline cache resource; semantic role not derivable from filename alone.
offline_unclassified/100091.png,offline_unclassified,low,Numeric offline cache resource; semantic role not derivable from filename alone.
offline_unclassified/100093.png,offline_unclassified,low,Numeric offline cache resource; semantic role not derivable from filename alone.
offline_unclassified/100095.png,offline_unclassified,low,Numeric offline cache resource; semantic role not derivable from filename alone.
offline_unclassified/100096.png,offline_unclassified,low,Numeric offline cache resource; semantic role not derivable from filename alone.
offline_unclassified/1001000.png,offline_unclassified,low,Numeric offline cache resource; semantic role not derivable from filename alone.
offline_unclassified/1001001.png,offline_unclassified,low,Numeric offline cache resource; semantic role not derivable from filename alone.
offline_unclassified/100101.png,offline_unclassified,low,Numeric offline cache resource; semantic role not derivable from filename alone.
offline_unclassified/100103.png,offline_unclassified,low,Numeric offline cache resource; semantic role not derivable from filename alone.
offline_unclassified/100105.png,offline_unclassified,low,Numeric offline cache resource; semantic role not derivable from filename alone.
offline_unclassified/100106.png,offline_unclassified,low,Numeric offline cache resource; semantic role not derivable from filename alone.
offline_unclassified/100111.png,offline_unclassified,low,Numeric offline cache resource; semantic role not derivable from filename alone.
offline_unclassified/100113.png,offline_unclassified,low,Numeric offline cache resource; semantic role not derivable from filename alone.
offline_unclassified/100114.png,offline_unclassified,low,Numeric offline cache resource; semantic role not derivable from filename alone.
offline_unclassified/100115.png,offline_unclassified,low,Numeric offline cache resource; semantic role not derivable from filename alone.
offline_unclassified/100121.png,offline_unclassified,low,Numeric offline cache resource; semantic role not derivable from filename alone.
offline_unclassified/100123.png,offline_unclassified,low,Numeric offline cache resource; semantic role not derivable from filename alone.
offline_unclassified/100124.png,offline_unclassified,low,Numeric offline cache resource; semantic role not derivable from filename alone.
offline_unclassified/100125.png,offline_unclassified,low,Numeric offline cache resource; semantic role not derivable from filename alone.
offline_unclassified/100131.png,offline_unclassified,low,Numeric offline cache resource; semantic role not derivable from filename alone.
offline_unclassified/100133.png,offline_unclassified,low,Numeric offline cache resource; semantic role not derivable from filename alone.
offline_unclassified/100135.png,offline_unclassified,low,Numeric offline cache resource; semantic role not derivable from filename alone.
offline_unclassified/100136.png,offline_unclassified,low,Numeric offline cache resource; semantic role not derivable from filename alone.
offline_unclassified/100141.png,offline_unclassified,low,Numeric offline cache resource; semantic role not derivable from filename alone.
offline_unclassified/100143.png,offline_unclassified,low,Numeric offline cache resource; semantic role not derivable from filename alone.
offline_unclassified/100144.png,offline_unclassified,low,Numeric offline cache resource; semantic role not derivable from filename alone.
offline_unclassified/100145.png,offline_unclassified,low,Numeric offline cache resource; semantic role not derivable from filename alone.
offline_unclassified/100151.png,offline_unclassified,low,Numeric offline cache resource; semantic role not derivable from filename alone.
offline_unclassified/100153.png,offline_unclassified,low,Numeric offline cache resource; semantic role not derivable from filename alone.
offline_unclassified/100155.png,offline_unclassified,low,Numeric offline cache resource; semantic role not derivable from filename alone.
offline_unclassified/100156.png,offline_unclassified,low,Numeric offline cache resource; semantic role not derivable from filename alone.
offline_unclassified/100161.png,offline_unclassified,low,Numeric offline cache resource; semantic role not derivable from filename alone.
offline_unclassified/100163.png,offline_unclassified,low,Numeric offline cache resource; semantic role not derivable from filename alone.
offline_unclassified/100164.png,offline_unclassified,low,Numeric offline cache resource; semantic role not derivable from filename alone.
offline_unclassified/100165.png,offline_unclassified,low,Numeric offline cache resource; semantic role not derivable from filename alone.
offline_unclassified/100171.png,offline_unclassified,low,Numeric offline cache resource; semantic role not derivable from filename alone.
offline_unclassified/100173.png,offline_unclassified,low,Numeric offline cache resource; semantic role not derivable from filename alone.
offline_unclassified/100175.png,offline_unclassified,low,Numeric offline cache resource; semantic role not derivable from filename alone.
offline_unclassified/100176.png,offline_unclassified,low,Numeric offline cache resource; semantic role not derivable from filename alone.
offline_unclassified/100181.png,offline_unclassified,low,Numeric offline cache resource; semantic role not derivable from filename alone.
offline_unclassified/100183.png,offline_unclassified,low,Numeric offline cache resource; semantic role not derivable from filename alone.
offline_unclassified/100185.png,offline_unclassified,low,Numeric offline cache resource; semantic role not derivable from filename alone.
offline_unclassified/100186.png,offline_unclassified,low,Numeric offline cache resource; semantic role not derivable from filename alone.
offline_unclassified/100191.png,offline_unclassified,low,Numeric offline cache resource; semantic role not derivable from filename alone.
offline_unclassified/100193.png,offline_unclassified,low,Numeric offline cache resource; semantic role not derivable from filename alone.
offline_unclassified/100194.png,offline_unclassified,low,Numeric offline cache resource; semantic role not derivable from filename alone.
offline_unclassified/100195.png,offline_unclassified,low,Numeric offline cache resource; semantic role not derivable from filename alone.
offline_unclassified/1002000.png,offline_unclassified,low,Numeric offline cache resource; semantic role not derivable from filename alone.
offline_unclassified/100201.png,offline_unclassified,low,Numeric offline cache resource; semantic role not derivable from filename alone.
offline_unclassified/100203.png,offline_unclassified,low,Numeric offline cache resource; semantic role not derivable from filename alone.
offline_unclassified/100204.png,offline_unclassified,low,Numeric offline cache resource; semantic role not derivable from filename alone.
offline_unclassified/100205.png,offline_unclassified,low,Numeric offline cache resource; semantic role not derivable from filename alone.
offline_unclassified/100211.png,offline_unclassified,low,Numeric offline cache resource; semantic role not derivable from filename alone.
offline_unclassified/100213.png,offline_unclassified,low,Numeric offline cache resource; semantic role not derivable from filename alone.
offline_unclassified/100214.png,offline_unclassified,low,Numeric offline cache resource; semantic role not derivable from filename alone.
offline_unclassified/100215.png,offline_unclassified,low,Numeric offline cache resource; semantic role not derivable from filename alone.
offline_unclassified/100221.png,offline_unclassified,low,Numeric offline cache resource; semantic role not derivable from filename alone.
offline_unclassified/100223.png,offline_unclassified,low,Numeric offline cache resource; semantic role not derivable from filename alone.
offline_unclassified/100225.png,offline_unclassified,low,Numeric offline cache resource; semantic role not derivable from filename alone.
offline_unclassified/100226.png,offline_unclassified,low,Numeric offline cache resource; semantic role not derivable from filename alone.
offline_unclassified/100231.png,offline_unclassified,low,Numeric offline cache resource; semantic role not derivable from filename alone.
offline_unclassified/100233.png,offline_unclassified,low,Numeric offline cache resource; semantic role not derivable from filename alone.
offline_unclassified/100234.png,offline_unclassified,low,Numeric offline cache resource; semantic role not derivable from filename alone.
offline_unclassified/100235.png,offline_unclassified,low,Numeric offline cache resource; semantic role not derivable from filename alone.
offline_unclassified/100241.png,offline_unclassified,low,Numeric offline cache resource; semantic role not derivable from filename alone.
offline_unclassified/100243.png,offline_unclassified,low,Numeric offline cache resource; semantic role not derivable from filename alone.
offline_unclassified/100245.png,offline_unclassified,low,Numeric offline cache resource; semantic role not derivable from filename alone.
offline_unclassified/100246.png,offline_unclassified,low,Numeric offline cache resource; semantic role not derivable from filename alone.
offline_unclassified/100251.png,offline_unclassified,low,Numeric offline cache resource; semantic role not derivable from filename alone.
offline_unclassified/100253.png,offline_unclassified,low,Numeric offline cache resource; semantic role not derivable from filename alone.
offline_unclassified/100254.png,offline_unclassified,low,Numeric offline cache resource; semantic role not derivable from filename alone.
offline_unclassified/100255.png,offline_unclassified,low,Numeric offline cache resource; semantic role not derivable from filename alone.
offline_unclassified/100261.png,offline_unclassified,low,Numeric offline cache resource; semantic role not derivable from filename alone.
offline_unclassified/100263.png,offline_unclassified,low,Numeric offline cache resource; semantic role not derivable from filename alone.
offline_unclassified/100264.png,offline_unclassified,low,Numeric offline cache resource; semantic role not derivable from filename alone.
offline_unclassified/100265.png,offline_unclassified,low,Numeric offline cache resource; semantic role not derivable from filename alone.
offline_unclassified/100271.png,offline_unclassified,low,Numeric offline cache resource; semantic role not derivable from filename alone.
offline_unclassified/100273.png,offline_unclassified,low,Numeric offline cache resource; semantic role not derivable from filename alone.
offline_unclassified/100274.png,offline_unclassified,low,Numeric offline cache resource; semantic role not derivable from filename alone.
offline_unclassified/100275.png,offline_unclassified,low,Numeric offline cache resource; semantic role not derivable from filename alone.
offline_unclassified/100281.png,offline_unclassified,low,Numeric offline cache resource; semantic role not derivable from filename alone.
offline_unclassified/100283.png,offline_unclassified,low,Numeric offline cache resource; semantic role not derivable from filename alone.
offline_unclassified/100284.png,offline_unclassified,low,Numeric offline cache resource; semantic role not derivable from filename alone.
offline_unclassified/100285.png,offline_unclassified,low,Numeric offline cache resource; semantic role not derivable from filename alone.
offline_unclassified/100291.png,offline_unclassified,low,Numeric offline cache resource; semantic role not derivable from filename alone.
offline_unclassified/100293.png,offline_unclassified,low,Numeric offline cache resource; semantic role not derivable from filename alone.
offline_unclassified/100294.png,offline_unclassified,low,Numeric offline cache resource; semantic role not derivable from filename alone.
offline_unclassified/100295.png,offline_unclassified,low,Numeric offline cache resource; semantic role not derivable from filename alone.
offline_unclassified/1003000.png,offline_unclassified,low,Numeric offline cache resource; semantic role not derivable from filename alone.
offline_unclassified/1003001.png,offline_unclassified,low,Numeric offline cache resource; semantic role not derivable from filename alone.
offline_unclassified/1003002.png,offline_unclassified,low,Numeric offline cache resource; semantic role not derivable from filename alone.
offline_unclassified/1003003.png,offline_unclassified,low,Numeric offline cache resource; semantic role not derivable from filename alone.
offline_unclassified/100303.png,offline_unclassified,low,Numeric offline cache resource; semantic role not derivable from filename alone.
offline_unclassified/100305.png,offline_unclassified,low,Numeric offline cache resource; semantic role not derivable from filename alone.
offline_unclassified/100306.png,offline_unclassified,low,Numeric offline cache resource; semantic role not derivable from filename alone.
offline_unclassified/100313.png,offline_unclassified,low,Numeric offline cache resource; semantic role not derivable from filename alone.
offline_unclassified/100315.png,offline_unclassified,low,Numeric offline cache resource; semantic role not derivable from filename alone.
offline_unclassified/100316.png,offline_unclassified,low,Numeric offline cache resource; semantic role not derivable from filename alone.
offline_unclassified/100323.png,offline_unclassified,low,Numeric offline cache resource; semantic role not derivable from filename alone.
offline_unclassified/100325.png,offline_unclassified,low,Numeric offline cache resource; semantic role not derivable from filename alone.
offline_unclassified/100326.png,offline_unclassified,low,Numeric offline cache resource; semantic role not derivable from filename alone.
offline_unclassified/100331.png,offline_unclassified,low,Numeric offline cache resource; semantic role not derivable from filename alone.
offline_unclassified/100333.png,offline_unclassified,low,Numeric offline cache resource; semantic role not derivable from filename alone.
offline_unclassified/100335.png,offline_unclassified,low,Numeric offline cache resource; semantic role not derivable from filename alone.
offline_unclassified/100336.png,offline_unclassified,low,Numeric offline cache resource; semantic role not derivable from filename alone.
offline_unclassified/100341.png,offline_unclassified,low,Numeric offline cache resource; semantic role not derivable from filename alone.
offline_unclassified/100343.png,offline_unclassified,low,Numeric offline cache resource; semantic role not derivable from filename alone.
offline_unclassified/100345.png,offline_unclassified,low,Numeric offline cache resource; semantic role not derivable from filename alone.
offline_unclassified/100346.png,offline_unclassified,low,Numeric offline cache resource; semantic role not derivable from filename alone.
offline_unclassified/100351.png,offline_unclassified,low,Numeric offline cache resource; semantic role not derivable from filename alone.
offline_unclassified/100353.png,offline_unclassified,low,Numeric offline cache resource; semantic role not derivable from filename alone.
offline_unclassified/100354.png,offline_unclassified,low,Numeric offline cache resource; semantic role not derivable from filename alone.
offline_unclassified/100355.png,offline_unclassified,low,Numeric offline cache resource; semantic role not derivable from filename alone.
offline_unclassified/100361.png,offline_unclassified,low,Numeric offline cache resource; semantic role not derivable from filename alone.
offline_unclassified/100363.png,offline_unclassified,low,Numeric offline cache resource; semantic role not derivable from filename alone.
offline_unclassified/100364.png,offline_unclassified,low,Numeric offline cache resource; semantic role not derivable from filename alone.
offline_unclassified/100365.png,offline_unclassified,low,Numeric offline cache resource; semantic role not derivable from filename alone.
offline_unclassified/100371.png,offline_unclassified,low,Numeric offline cache resource; semantic role not derivable from filename alone.
offline_unclassified/100373.png,offline_unclassified,low,Numeric offline cache resource; semantic role not derivable from filename alone.
offline_unclassified/100374.png,offline_unclassified,low,Numeric offline cache resource; semantic role not derivable from filename alone.
offline_unclassified/100375.png,offline_unclassified,low,Numeric offline cache resource; semantic role not derivable from filename alone.
offline_unclassified/100381.png,offline_unclassified,low,Numeric offline cache resource; semantic role not derivable from filename alone.
offline_unclassified/100383.png,offline_unclassified,low,Numeric offline cache resource; semantic role not derivable from filename alone.
offline_unclassified/100384.png,offline_unclassified,low,Numeric offline cache resource; semantic role not derivable from filename alone.
offline_unclassified/100385.png,offline_unclassified,low,Numeric offline cache resource; semantic role not derivable from filename alone.
offline_unclassified/100391.png,offline_unclassified,low,Numeric offline cache resource; semantic role not derivable from filename alone.
offline_unclassified/100393.png,offline_unclassified,low,Numeric offline cache resource; semantic role not derivable from filename alone.
offline_unclassified/100394.png,offline_unclassified,low,Numeric offline cache resource; semantic role not derivable from filename alone.
offline_unclassified/100395.png,offline_unclassified,low,Numeric offline cache resource; semantic role not derivable from filename alone.
offline_unclassified/1004000.png,offline_unclassified,low,Numeric offline cache resource; semantic role not derivable from filename alone.
offline_unclassified/1004001.png,offline_unclassified,low,Numeric offline cache resource; semantic role not derivable from filename alone.
offline_unclassified/100401.png,offline_unclassified,low,Numeric offline cache resource; semantic role not derivable from filename alone.
offline_unclassified/100403.png,offline_unclassified,low,Numeric offline cache resource; semantic role not derivable from filename alone.
offline_unclassified/100404.png,offline_unclassified,low,Numeric offline cache resource; semantic role not derivable from filename alone.
offline_unclassified/100405.png,offline_unclassified,low,Numeric offline cache resource; semantic role not derivable from filename alone.
offline_unclassified/100411.png,offline_unclassified,low,Numeric offline cache resource; semantic role not derivable from filename alone.
offline_unclassified/100413.png,offline_unclassified,low,Numeric offline cache resource; semantic role not derivable from filename alone.
offline_unclassified/100414.png,offline_unclassified,low,Numeric offline cache resource; semantic role not derivable from filename alone.
offline_unclassified/100415.png,offline_unclassified,low,Numeric offline cache resource; semantic role not derivable from filename alone.
offline_unclassified/100421.png,offline_unclassified,low,Numeric offline cache resource; semantic role not derivable from filename alone.
offline_unclassified/100423.png,offline_unclassified,low,Numeric offline cache resource; semantic role not derivable from filename alone.
offline_unclassified/100424.png,offline_unclassified,low,Numeric offline cache resource; semantic role not derivable from filename alone.
offline_unclassified/100425.png,offline_unclassified,low,Numeric offline cache resource; semantic role not derivable from filename alone.
offline_unclassified/100431.png,offline_unclassified,low,Numeric offline cache resource; semantic role not derivable from filename alone.
offline_unclassified/100433.png,offline_unclassified,low,Numeric offline cache resource; semantic role not derivable from filename alone.
offline_unclassified/100435.png,offline_unclassified,low,Numeric offline cache resource; semantic role not derivable from filename alone.
offline_unclassified/100436.png,offline_unclassified,low,Numeric offline cache resource; semantic role not derivable from filename alone.
offline_unclassified/100441.png,offline_unclassified,low,Numeric offline cache resource; semantic role not derivable from filename alone.
offline_unclassified/100443.png,offline_unclassified,low,Numeric offline cache resource; semantic role not derivable from filename alone.
offline_unclassified/100444.png,offline_unclassified,low,Numeric offline cache resource; semantic role not derivable from filename alone.
offline_unclassified/100445.png,offline_unclassified,low,Numeric offline cache resource; semantic role not derivable from filename alone.
offline_unclassified/100451.png,offline_unclassified,low,Numeric offline cache resource; semantic role not derivable from filename alone.
offline_unclassified/100453.png,offline_unclassified,low,Numeric offline cache resource; semantic role not derivable from filename alone.
offline_unclassified/100454.png,offline_unclassified,low,Numeric offline cache resource; semantic role not derivable from filename alone.
offline_unclassified/100455.png,offline_unclassified,low,Numeric offline cache resource; semantic role not derivable from filename alone.
offline_unclassified/100461.png,offline_unclassified,low,Numeric offline cache resource; semantic role not derivable from filename alone.
offline_unclassified/100463.png,offline_unclassified,low,Numeric offline cache resource; semantic role not derivable from filename alone.
offline_unclassified/100464.png,offline_unclassified,low,Numeric offline cache resource; semantic role not derivable from filename alone.
offline_unclassified/100465.png,offline_unclassified,low,Numeric offline cache resource; semantic role not derivable from filename alone.
offline_unclassified/100471.png,offline_unclassified,low,Numeric offline cache resource; semantic role not derivable from filename alone.
offline_unclassified/100473.png,offline_unclassified,low,Numeric offline cache resource; semantic role not derivable from filename alone.
offline_unclassified/100475.png,offline_unclassified,low,Numeric offline cache resource; semantic role not derivable from filename alone.
offline_unclassified/100476.png,offline_unclassified,low,Numeric offline cache resource; semantic role not derivable from filename alone.
offline_unclassified/100481.png,offline_unclassified,low,Numeric offline cache resource; semantic role not derivable from filename alone.
offline_unclassified/100483.png,offline_unclassified,low,Numeric offline cache resource; semantic role not derivable from filename alone.
offline_unclassified/100484.png,offline_unclassified,low,Numeric offline cache resource; semantic role not derivable from filename alone.
offline_unclassified/100485.png,offline_unclassified,low,Numeric offline cache resource; semantic role not derivable from filename alone.
offline_unclassified/100491.png,offline_unclassified,low,Numeric offline cache resource; semantic role not derivable from filename alone.
offline_unclassified/100493.png,offline_unclassified,low,Numeric offline cache resource; semantic role not derivable from filename alone.
offline_unclassified/100494.png,offline_unclassified,low,Numeric offline cache resource; semantic role not derivable from filename alone.
offline_unclassified/100495.png,offline_unclassified,low,Numeric offline cache resource; semantic role not derivable from filename alone.
offline_unclassified/1005000.png,offline_unclassified,low,Numeric offline cache resource; semantic role not derivable from filename alone.
offline_unclassified/1005001.png,offline_unclassified,low,Numeric offline cache resource; semantic role not derivable from filename alone.
offline_unclassified/100501.png,offline_unclassified,low,Numeric offline cache resource; semantic role not derivable from filename alone.
offline_unclassified/100503.png,offline_unclassified,low,Numeric offline cache resource; semantic role not derivable from filename alone.
offline_unclassified/100504.png,offline_unclassified,low,Numeric offline cache resource; semantic role not derivable from filename alone.
offline_unclassified/100505.png,offline_unclassified,low,Numeric offline cache resource; semantic role not derivable from filename alone.
offline_unclassified/100511.png,offline_unclassified,low,Numeric offline cache resource; semantic role not derivable from filename alone.
offline_unclassified/100513.png,offline_unclassified,low,Numeric offline cache resource; semantic role not derivable from filename alone.
offline_unclassified/100515.png,offline_unclassified,low,Numeric offline cache resource; semantic role not derivable from filename alone.
offline_unclassified/100516.png,offline_unclassified,low,Numeric offline cache resource; semantic role not derivable from filename alone.
offline_unclassified/100521.png,offline_unclassified,low,Numeric offline cache resource; semantic role not derivable from filename alone.
offline_unclassified/100523.png,offline_unclassified,low,Numeric offline cache resource; semantic role not derivable from filename alone.
offline_unclassified/100524.png,offline_unclassified,low,Numeric offline cache resource; semantic role not derivable from filename alone.
offline_unclassified/100525.png,offline_unclassified,low,Numeric offline cache resource; semantic role not derivable from filename alone.
offline_unclassified/100531.png,offline_unclassified,low,Numeric offline cache resource; semantic role not derivable from filename alone.
offline_unclassified/100533.png,offline_unclassified,low,Numeric offline cache resource; semantic role not derivable from filename alone.
offline_unclassified/100534.png,offline_unclassified,low,Numeric offline cache resource; semantic role not derivable from filename alone.
offline_unclassified/100535.png,offline_unclassified,low,Numeric offline cache resource; semantic role not derivable from filename alone.
offline_unclassified/100541.png,offline_unclassified,low,Numeric offline cache resource; semantic role not derivable from filename alone.
offline_unclassified/100543.png,offline_unclassified,low,Numeric offline cache resource; semantic role not derivable from filename alone.
offline_unclassified/100544.png,offline_unclassified,low,Numeric offline cache resource; semantic role not derivable from filename alone.
offline_unclassified/100545.png,offline_unclassified,low,Numeric offline cache resource; semantic role not derivable from filename alone.
offline_unclassified/100551.png,offline_unclassified,low,Numeric offline cache resource; semantic role not derivable from filename alone.
offline_unclassified/100553.png,offline_unclassified,low,Numeric offline cache resource; semantic role not derivable from filename alone.
offline_unclassified/100554.png,offline_unclassified,low,Numeric offline cache resource; semantic role not derivable from filename alone.
offline_unclassified/100555.png,offline_unclassified,low,Numeric offline cache resource; semantic role not derivable from filename alone.
offline_unclassified/100561.png,offline_unclassified,low,Numeric offline cache resource; semantic role not derivable from filename alone.
offline_unclassified/100563.png,offline_unclassified,low,Numeric offline cache resource; semantic role not derivable from filename alone.
offline_unclassified/100564.png,offline_unclassified,low,Numeric offline cache resource; semantic role not derivable from filename alone.
offline_unclassified/100565.png,offline_unclassified,low,Numeric offline cache resource; semantic role not derivable from filename alone.
offline_unclassified/100571.png,offline_unclassified,low,Numeric offline cache resource; semantic role not derivable from filename alone.
offline_unclassified/100573.png,offline_unclassified,low,Numeric offline cache resource; semantic role not derivable from filename alone.
offline_unclassified/100574.png,offline_unclassified,low,Numeric offline cache resource; semantic role not derivable from filename alone.
offline_unclassified/100575.png,offline_unclassified,low,Numeric offline cache resource; semantic role not derivable from filename alone.
offline_unclassified/100581.png,offline_unclassified,low,Numeric offline cache resource; semantic role not derivable from filename alone.
offline_unclassified/100583.png,offline_unclassified,low,Numeric offline cache resource; semantic role not derivable from filename alone.
offline_unclassified/100584.png,offline_unclassified,low,Numeric offline cache resource; semantic role not derivable from filename alone.
offline_unclassified/100585.png,offline_unclassified,low,Numeric offline cache resource; semantic role not derivable from filename alone.
offline_unclassified/1006000.png,offline_unclassified,low,Numeric offline cache resource; semantic role not derivable from filename alone.
offline_unclassified/1006001.png,offline_unclassified,low,Numeric offline cache resource; semantic role not derivable from filename alone.
offline_unclassified/1006002.png,offline_unclassified,low,Numeric offline cache resource; semantic role not derivable from filename alone.
offline_unclassified/100601.png,offline_unclassified,low,Numeric offline cache resource; semantic role not derivable from filename alone.
offline_unclassified/100603.png,offline_unclassified,low,Numeric offline cache resource; semantic role not derivable from filename alone.
offline_unclassified/100604.png,offline_unclassified,low,Numeric offline cache resource; semantic role not derivable from filename alone.
offline_unclassified/100605.png,offline_unclassified,low,Numeric offline cache resource; semantic role not derivable from filename alone.
offline_unclassified/100611.png,offline_unclassified,low,Numeric offline cache resource; semantic role not derivable from filename alone.
offline_unclassified/100613.png,offline_unclassified,low,Numeric offline cache resource; semantic role not derivable from filename alone.
offline_unclassified/100615.png,offline_unclassified,low,Numeric offline cache resource; semantic role not derivable from filename alone.
offline_unclassified/100616.png,offline_unclassified,low,Numeric offline cache resource; semantic role not derivable from filename alone.
offline_unclassified/100621.png,offline_unclassified,low,Numeric offline cache resource; semantic role not derivable from filename alone.
offline_unclassified/100623.png,offline_unclassified,low,Numeric offline cache resource; semantic role not derivable from filename alone.
offline_unclassified/100624.png,offline_unclassified,low,Numeric offline cache resource; semantic role not derivable from filename alone.
offline_unclassified/100625.png,offline_unclassified,low,Numeric offline cache resource; semantic role not derivable from filename alone.
offline_unclassified/100631.png,offline_unclassified,low,Numeric offline cache resource; semantic role not derivable from filename alone.
offline_unclassified/100633.png,offline_unclassified,low,Numeric offline cache resource; semantic role not derivable from filename alone.
offline_unclassified/100634.png,offline_unclassified,low,Numeric offline cache resource; semantic role not derivable from filename alone.
offline_unclassified/100635.png,offline_unclassified,low,Numeric offline cache resource; semantic role not derivable from filename alone.
offline_unclassified/100641.png,offline_unclassified,low,Numeric offline cache resource; semantic role not derivable from filename alone.
offline_unclassified/100643.png,offline_unclassified,low,Numeric offline cache resource; semantic role not derivable from filename alone.
offline_unclassified/100644.png,offline_unclassified,low,Numeric offline cache resource; semantic role not derivable from filename alone.
offline_unclassified/100645.png,offline_unclassified,low,Numeric offline cache resource; semantic role not derivable from filename alone.
offline_unclassified/100651.png,offline_unclassified,low,Numeric offline cache resource; semantic role not derivable from filename alone.
offline_unclassified/100653.png,offline_unclassified,low,Numeric offline cache resource; semantic role not derivable from filename alone.
offline_unclassified/100654.png,offline_unclassified,low,Numeric offline cache resource; semantic role not derivable from filename alone.
offline_unclassified/100655.png,offline_unclassified,low,Numeric offline cache resource; semantic role not derivable from filename alone.
offline_unclassified/100661.png,offline_unclassified,low,Numeric offline cache resource; semantic role not derivable from filename alone.
offline_unclassified/100663.png,offline_unclassified,low,Numeric offline cache resource; semantic role not derivable from filename alone.
offline_unclassified/100664.png,offline_unclassified,low,Numeric offline cache resource; semantic role not derivable from filename alone.
offline_unclassified/100665.png,offline_unclassified,low,Numeric offline cache resource; semantic role not derivable from filename alone.
offline_unclassified/100671.png,offline_unclassified,low,Numeric offline cache resource; semantic role not derivable from filename alone.
offline_unclassified/100673.png,offline_unclassified,low,Numeric offline cache resource; semantic role not derivable from filename alone.
offline_unclassified/100674.png,offline_unclassified,low,Numeric offline cache resource; semantic role not derivable from filename alone.
offline_unclassified/100675.png,offline_unclassified,low,Numeric offline cache resource; semantic role not derivable from filename alone.
offline_unclassified/100681.png,offline_unclassified,low,Numeric offline cache resource; semantic role not derivable from filename alone.
offline_unclassified/100683.png,offline_unclassified,low,Numeric offline cache resource; semantic role not derivable from filename alone.
offline_unclassified/100684.png,offline_unclassified,low,Numeric offline cache resource; semantic role not derivable from filename alone.
offline_unclassified/100685.png,offline_unclassified,low,Numeric offline cache resource; semantic role not derivable from filename alone.
offline_unclassified/100691.png,offline_unclassified,low,Numeric offline cache resource; semantic role not derivable from filename alone.
offline_unclassified/100693.png,offline_unclassified,low,Numeric offline cache resource; semantic role not derivable from filename alone.
offline_unclassified/100694.png,offline_unclassified,low,Numeric offline cache resource; semantic role not derivable from filename alone.
offline_unclassified/100695.png,offline_unclassified,low,Numeric offline cache resource; semantic role not derivable from filename alone.
offline_unclassified/1007000.png,offline_unclassified,low,Numeric offline cache resource; semantic role not derivable from filename alone.
offline_unclassified/1007001.png,offline_unclassified,low,Numeric offline cache resource; semantic role not derivable from filename alone.
offline_unclassified/100701.png,offline_unclassified,low,Numeric offline cache resource; semantic role not derivable from filename alone.
offline_unclassified/100703.png,offline_unclassified,low,Numeric offline cache resource; semantic role not derivable from filename alone.
offline_unclassified/100704.png,offline_unclassified,low,Numeric offline cache resource; semantic role not derivable from filename alone.
offline_unclassified/100705.png,offline_unclassified,low,Numeric offline cache resource; semantic role not derivable from filename alone.
offline_unclassified/100711.png,offline_unclassified,low,Numeric offline cache resource; semantic role not derivable from filename alone.
offline_unclassified/100713.png,offline_unclassified,low,Numeric offline cache resource; semantic role not derivable from filename alone.
offline_unclassified/100714.png,offline_unclassified,low,Numeric offline cache resource; semantic role not derivable from filename alone.
offline_unclassified/100715.png,offline_unclassified,low,Numeric offline cache resource; semantic role not derivable from filename alone.
offline_unclassified/100721.png,offline_unclassified,low,Numeric offline cache resource; semantic role not derivable from filename alone.
offline_unclassified/100723.png,offline_unclassified,low,Numeric offline cache resource; semantic role not derivable from filename alone.
offline_unclassified/100724.png,offline_unclassified,low,Numeric offline cache resource; semantic role not derivable from filename alone.
offline_unclassified/100725.png,offline_unclassified,low,Numeric offline cache resource; semantic role not derivable from filename alone.
offline_unclassified/100731.png,offline_unclassified,low,Numeric offline cache resource; semantic role not derivable from filename alone.
offline_unclassified/100733.png,offline_unclassified,low,Numeric offline cache resource; semantic role not derivable from filename alone.
offline_unclassified/100734.png,offline_unclassified,low,Numeric offline cache resource; semantic role not derivable from filename alone.
offline_unclassified/100735.png,offline_unclassified,low,Numeric offline cache resource; semantic role not derivable from filename alone.
offline_unclassified/100741.png,offline_unclassified,low,Numeric offline cache resource; semantic role not derivable from filename alone.
offline_unclassified/100743.png,offline_unclassified,low,Numeric offline cache resource; semantic role not derivable from filename alone.
offline_unclassified/100744.png,offline_unclassified,low,Numeric offline cache resource; semantic role not derivable from filename alone.
offline_unclassified/100745.png,offline_unclassified,low,Numeric offline cache resource; semantic role not derivable from filename alone.
offline_unclassified/100751.png,offline_unclassified,low,Numeric offline cache resource; semantic role not derivable from filename alone.
offline_unclassified/100753.png,offline_unclassified,low,Numeric offline cache resource; semantic role not derivable from filename alone.
offline_unclassified/100754.png,offline_unclassified,low,Numeric offline cache resource; semantic role not derivable from filename alone.
offline_unclassified/100755.png,offline_unclassified,low,Numeric offline cache resource; semantic role not derivable from filename alone.
offline_unclassified/100761.png,offline_unclassified,low,Numeric offline cache resource; semantic role not derivable from filename alone.
offline_unclassified/100763.png,offline_unclassified,low,Numeric offline cache resource; semantic role not derivable from filename alone.
offline_unclassified/100764.png,offline_unclassified,low,Numeric offline cache resource; semantic role not derivable from filename alone.
offline_unclassified/100765.png,offline_unclassified,low,Numeric offline cache resource; semantic role not derivable from filename alone.
offline_unclassified/100771.png,offline_unclassified,low,Numeric offline cache resource; semantic role not derivable from filename alone.
offline_unclassified/100773.png,offline_unclassified,low,Numeric offline cache resource; semantic role not derivable from filename alone.
offline_unclassified/100774.png,offline_unclassified,low,Numeric offline cache resource; semantic role not derivable from filename alone.
offline_unclassified/100775.png,offline_unclassified,low,Numeric offline cache resource; semantic role not derivable from filename alone.
offline_unclassified/100781.png,offline_unclassified,low,Numeric offline cache resource; semantic role not derivable from filename alone.
offline_unclassified/100783.png,offline_unclassified,low,Numeric offline cache resource; semantic role not derivable from filename alone.
offline_unclassified/100784.png,offline_unclassified,low,Numeric offline cache resource; semantic role not derivable from filename alone.
offline_unclassified/100785.png,offline_unclassified,low,Numeric offline cache resource; semantic role not derivable from filename alone.
offline_unclassified/1008000.png,offline_unclassified,low,Numeric offline cache resource; semantic role not derivable from filename alone.
offline_unclassified/1008001.png,offline_unclassified,low,Numeric offline cache resource; semantic role not derivable from filename alone.
offline_unclassified/101001.png,offline_unclassified,low,Numeric offline cache resource; semantic role not derivable from filename alone.
offline_unclassified/101003.png,offline_unclassified,low,Numeric offline cache resource; semantic role not derivable from filename alone.
offline_unclassified/101005.png,offline_unclassified,low,Numeric offline cache resource; semantic role not derivable from filename alone.
offline_unclassified/101011.png,offline_unclassified,low,Numeric offline cache resource; semantic role not derivable from filename alone.
offline_unclassified/101013.png,offline_unclassified,low,Numeric offline cache resource; semantic role not derivable from filename alone.
offline_unclassified/101014.png,offline_unclassified,low,Numeric offline cache resource; semantic role not derivable from filename alone.
offline_unclassified/101015.png,offline_unclassified,low,Numeric offline cache resource; semantic role not derivable from filename alone.
offline_unclassified/101021.png,offline_unclassified,low,Numeric offline cache resource; semantic role not derivable from filename alone.
offline_unclassified/101023.png,offline_unclassified,low,Numeric offline cache resource; semantic role not derivable from filename alone.
offline_unclassified/101025.png,offline_unclassified,low,Numeric offline cache resource; semantic role not derivable from filename alone.
offline_unclassified/101026.png,offline_unclassified,low,Numeric offline cache resource; semantic role not derivable from filename alone.
offline_unclassified/101031.png,offline_unclassified,low,Numeric offline cache resource; semantic role not derivable from filename alone.
offline_unclassified/101033.png,offline_unclassified,low,Numeric offline cache resource; semantic role not derivable from filename alone.
offline_unclassified/101035.png,offline_unclassified,low,Numeric offline cache resource; semantic role not derivable from filename alone.
offline_unclassified/101036.png,offline_unclassified,low,Numeric offline cache resource; semantic role not derivable from filename alone.
offline_unclassified/101041.png,offline_unclassified,low,Numeric offline cache resource; semantic role not derivable from filename alone.
offline_unclassified/101043.png,offline_unclassified,low,Numeric offline cache resource; semantic role not derivable from filename alone.
offline_unclassified/101045.png,offline_unclassified,low,Numeric offline cache resource; semantic role not derivable from filename alone.
offline_unclassified/101046.png,offline_unclassified,low,Numeric offline cache resource; semantic role not derivable from filename alone.
offline_unclassified/110000.png,offline_unclassified,low,Numeric offline cache resource; semantic role not derivable from filename alone.
offline_unclassified/110010.png,offline_unclassified,low,Numeric offline cache resource; semantic role not derivable from filename alone.
offline_unclassified/110020.png,offline_unclassified,low,Numeric offline cache resource; semantic role not derivable from filename alone.
offline_unclassified/110030.png,offline_unclassified,low,Numeric offline cache resource; semantic role not derivable from filename alone.
offline_unclassified/110040.png,offline_unclassified,low,Numeric offline cache resource; semantic role not derivable from filename alone.
offline_unclassified/110050.png,offline_unclassified,low,Numeric offline cache resource; semantic role not derivable from filename alone.
offline_unclassified/110060.png,offline_unclassified,low,Numeric offline cache resource; semantic role not derivable from filename alone.
offline_unclassified/110070.png,offline_unclassified,low,Numeric offline cache resource; semantic role not derivable from filename alone.
offline_unclassified/110080.png,offline_unclassified,low,Numeric offline cache resource; semantic role not derivable from filename alone.
offline_unclassified/110090.png,offline_unclassified,low,Numeric offline cache resource; semantic role not derivable from filename alone.
offline_unclassified/110100.png,offline_unclassified,low,Numeric offline cache resource; semantic role not derivable from filename alone.
offline_unclassified/110110.png,offline_unclassified,low,Numeric offline cache resource; semantic role not derivable from filename alone.
offline_unclassified/110120.png,offline_unclassified,low,Numeric offline cache resource; semantic role not derivable from filename alone.
offline_unclassified/110130.png,offline_unclassified,low,Numeric offline cache resource; semantic role not derivable from filename alone.
offline_unclassified/110140.png,offline_unclassified,low,Numeric offline cache resource; semantic role not derivable from filename alone.
offline_unclassified/110150.png,offline_unclassified,low,Numeric offline cache resource; semantic role not derivable from filename alone.
offline_unclassified/110160.png,offline_unclassified,low,Numeric offline cache resource; semantic role not derivable from filename alone.
offline_unclassified/120198.png,offline_unclassified,low,Numeric offline cache resource; semantic role not derivable from filename alone.
offline_unclassified/120298.png,offline_unclassified,low,Numeric offline cache resource; semantic role not derivable from filename alone.
offline_unclassified/120398.png,offline_unclassified,low,Numeric offline cache resource; semantic role not derivable from filename alone.
offline_unclassified/120498.png,offline_unclassified,low,Numeric offline cache resource; semantic role not derivable from filename alone.
offline_unclassified/120598.png,offline_unclassified,low,Numeric offline cache resource; semantic role not derivable from filename alone.
offline_unclassified/120698.png,offline_unclassified,low,Numeric offline cache resource; semantic role not derivable from filename alone.
offline_unclassified/120798.png,offline_unclassified,low,Numeric offline cache resource; semantic role not derivable from filename alone.
offline_unclassified/120898.png,offline_unclassified,low,Numeric offline cache resource; semantic role not derivable from filename alone.
offline_unclassified/120998.png,offline_unclassified,low,Numeric offline cache resource; semantic role not derivable from filename alone.
offline_unclassified/121098.png,offline_unclassified,low,Numeric offline cache resource; semantic role not derivable from filename alone.
offline_unclassified/121198.png,offline_unclassified,low,Numeric offline cache resource; semantic role not derivable from filename alone.
offline_unclassified/121298.png,offline_unclassified,low,Numeric offline cache resource; semantic role not derivable from filename alone.
offline_unclassified/121398.png,offline_unclassified,low,Numeric offline cache resource; semantic role not derivable from filename alone.
offline_unclassified/121498.png,offline_unclassified,low,Numeric offline cache resource; semantic role not derivable from filename alone.
offline_unclassified/121598.png,offline_unclassified,low,Numeric offline cache resource; semantic role not derivable from filename alone.
offline_unclassified/121698.png,offline_unclassified,low,Numeric offline cache resource; semantic role not derivable from filename alone.
offline_unclassified/121798.png,offline_unclassified,low,Numeric offline cache resource; semantic role not derivable from filename alone.
offline_unclassified/121898.png,offline_unclassified,low,Numeric offline cache resource; semantic role not derivable from filename alone.
offline_unclassified/121998.png,offline_unclassified,low,Numeric offline cache resource; semantic role not derivable from filename alone.
offline_unclassified/122098.png,offline_unclassified,low,Numeric offline cache resource; semantic role not derivable from filename alone.
offline_unclassified/122198.png,offline_unclassified,low,Numeric offline cache resource; semantic role not derivable from filename alone.
offline_unclassified/122298.png,offline_unclassified,low,Numeric offline cache resource; semantic role not derivable from filename alone.
offline_unclassified/122398.png,offline_unclassified,low,Numeric offline cache resource; semantic role not derivable from filename alone.
offline_unclassified/122498.png,offline_unclassified,low,Numeric offline cache resource; semantic role not derivable from filename alone.
offline_unclassified/122598.png,offline_unclassified,low,Numeric offline cache resource; semantic role not derivable from filename alone.
offline_unclassified/128098.png,offline_unclassified,low,Numeric offline cache resource; semantic role not derivable from filename alone.
offline_unclassified/128198.png,offline_unclassified,low,Numeric offline cache resource; semantic role not derivable from filename alone.
offline_unclassified/128298.png,offline_unclassified,low,Numeric offline cache resource; semantic role not derivable from filename alone.
offline_unclassified/128398.png,offline_unclassified,low,Numeric offline cache resource; semantic role not derivable from filename alone.
offline_unclassified/130000.png,offline_unclassified,low,Numeric offline cache resource; semantic role not derivable from filename alone.
offline_unclassified/130098.png,offline_unclassified,low,Numeric offline cache resource; semantic role not derivable from filename alone.
offline_unclassified/130100.png,offline_unclassified,low,Numeric offline cache resource; semantic role not derivable from filename alone.
offline_unclassified/130198.png,offline_unclassified,low,Numeric offline cache resource; semantic role not derivable from filename alone.
offline_unclassified/140098.png,offline_unclassified,low,Numeric offline cache resource; semantic role not derivable from filename alone.
offline_unclassified/200000.png,offline_unclassified,low,Numeric offline cache resource; semantic role not derivable from filename alone.
offline_unclassified/2000000.png,offline_unclassified,low,Numeric offline cache resource; semantic role not derivable from filename alone.
offline_unclassified/2000001.png,offline_unclassified,low,Numeric offline cache resource; semantic role not derivable from filename alone.
offline_unclassified/2000002.png,offline_unclassified,low,Numeric offline cache resource; semantic role not derivable from filename alone.
offline_unclassified/2000003.png,offline_unclassified,low,Numeric offline cache resource; semantic role not derivable from filename alone.
offline_unclassified/2001000.png,offline_unclassified,low,Numeric offline cache resource; semantic role not derivable from filename alone.
offline_unclassified/2002000.png,offline_unclassified,low,Numeric offline cache resource; semantic role not derivable from filename alone.
offline_unclassified/2003000.png,offline_unclassified,low,Numeric offline cache resource; semantic role not derivable from filename alone.
offline_unclassified/2003001.png,offline_unclassified,low,Numeric offline cache resource; semantic role not derivable from filename alone.
offline_unclassified/2003002.png,offline_unclassified,low,Numeric offline cache resource; semantic role not derivable from filename alone.
offline_unclassified/2004000.png,offline_unclassified,low,Numeric offline cache resource; semantic role not derivable from filename alone.
offline_unclassified/2004001.png,offline_unclassified,low,Numeric offline cache resource; semantic role not derivable from filename alone.
offline_unclassified/2005000.png,offline_unclassified,low,Numeric offline cache resource; semantic role not derivable from filename alone.
offline_unclassified/2005001.png,offline_unclassified,low,Numeric offline cache resource; semantic role not derivable from filename alone.
offline_unclassified/2005002.png,offline_unclassified,low,Numeric offline cache resource; semantic role not derivable from filename alone.
offline_unclassified/2006000.png,offline_unclassified,low,Numeric offline cache resource; semantic role not derivable from filename alone.
offline_unclassified/2006001.png,offline_unclassified,low,Numeric offline cache resource; semantic role not derivable from filename alone.
offline_unclassified/2007000.png,offline_unclassified,low,Numeric offline cache resource; semantic role not derivable from filename alone.
offline_unclassified/2007001.png,offline_unclassified,low,Numeric offline cache resource; semantic role not derivable from filename alone.
offline_unclassified/2008000.png,offline_unclassified,low,Numeric offline cache resource; semantic role not derivable from filename alone.
offline_unclassified/2008001.png,offline_unclassified,low,Numeric offline cache resource; semantic role not derivable from filename alone.
offline_unclassified/30098.png,offline_unclassified,low,Numeric offline cache resource; semantic role not derivable from filename alone.
offline_unclassified/30099.png,offline_unclassified,low,Numeric offline cache resource; semantic role not derivable from filename alone.
offline_unclassified/4000000.png,offline_unclassified,low,Numeric offline cache resource; semantic role not derivable from filename alone.
offline_unclassified/4000001.png,offline_unclassified,low,Numeric offline cache resource; semantic role not derivable from filename alone.
offline_unclassified/4000002.png,offline_unclassified,low,Numeric offline cache resource; semantic role not derivable from filename alone.
offline_unclassified/4001000.png,offline_unclassified,low,Numeric offline cache resource; semantic role not derivable from filename alone.
offline_unclassified/4001001.png,offline_unclassified,low,Numeric offline cache resource; semantic role not derivable from filename alone.
offline_unclassified/4002000.png,offline_unclassified,low,Numeric offline cache resource; semantic role not derivable from filename alone.
offline_unclassified/4002001.png,offline_unclassified,low,Numeric offline cache resource; semantic role not derivable from filename alone.
offline_unclassified/4003000.png,offline_unclassified,low,Numeric offline cache resource; semantic role not derivable from filename alone.
offline_unclassified/4003001.png,offline_unclassified,low,Numeric offline cache resource; semantic role not derivable from filename alone.
offline_unclassified/4004000.png,offline_unclassified,low,Numeric offline cache resource; semantic role not derivable from filename alone.
offline_unclassified/4004001.png,offline_unclassified,low,Numeric offline cache resource; semantic role not derivable from filename alone.
offline_unclassified/4004002.png,offline_unclassified,low,Numeric offline cache resource; semantic role not derivable from filename alone.
offline_unclassified/4005000.png,offline_unclassified,low,Numeric offline cache resource; semantic role not derivable from filename alone.
offline_unclassified/4005001.png,offline_unclassified,low,Numeric offline cache resource; semantic role not derivable from filename alone.
offline_unclassified/4006000.png,offline_unclassified,low,Numeric offline cache resource; semantic role not derivable from filename alone.
offline_unclassified/4006001.png,offline_unclassified,low,Numeric offline cache resource; semantic role not derivable from filename alone.
offline_unclassified/4006002.png,offline_unclassified,low,Numeric offline cache resource; semantic role not derivable from filename alone.
offline_unclassified/4007000.png,offline_unclassified,low,Numeric offline cache resource; semantic role not derivable from filename alone.
offline_unclassified/4007001.png,offline_unclassified,low,Numeric offline cache resource; semantic role not derivable from filename alone.
offline_unclassified/4008000.png,offline_unclassified,low,Numeric offline cache resource; semantic role not derivable from filename alone.
offline_unclassified/50000.png,offline_unclassified,low,Numeric offline cache resource; semantic role not derivable from filename alone.
offline_unclassified/50001.png,offline_unclassified,low,Numeric offline cache resource; semantic role not derivable from filename alone.
offline_unclassified/50002.png,offline_unclassified,low,Numeric offline cache resource; semantic role not derivable from filename alone.
offline_unclassified/50003.png,offline_unclassified,low,Numeric offline cache resource; semantic role not derivable from filename alone.
offline_unclassified/50004.png,offline_unclassified,low,Numeric offline cache resource; semantic role not derivable from filename alone.
offline_unclassified/50005.png,offline_unclassified,low,Numeric offline cache resource; semantic role not derivable from filename alone.
offline_unclassified/50006.png,offline_unclassified,low,Numeric offline cache resource; semantic role not derivable from filename alone.
offline_unclassified/50007.png,offline_unclassified,low,Numeric offline cache resource; semantic role not derivable from filename alone.
offline_unclassified/50008.png,offline_unclassified,low,Numeric offline cache resource; semantic role not derivable from filename alone.
offline_unclassified/50009.png,offline_unclassified,low,Numeric offline cache resource; semantic role not derivable from filename alone.
offline_unclassified/50100.png,offline_unclassified,low,Numeric offline cache resource; semantic role not derivable from filename alone.
offline_unclassified/50101.png,offline_unclassified,low,Numeric offline cache resource; semantic role not derivable from filename alone.
offline_unclassified/50102.png,offline_unclassified,low,Numeric offline cache resource; semantic role not derivable from filename alone.
offline_unclassified/50103.png,offline_unclassified,low,Numeric offline cache resource; semantic role not derivable from filename alone.
offline_unclassified/50104.png,offline_unclassified,low,Numeric offline cache resource; semantic role not derivable from filename alone.
offline_unclassified/50105.png,offline_unclassified,low,Numeric offline cache resource; semantic role not derivable from filename alone.
offline_unclassified/50106.png,offline_unclassified,low,Numeric offline cache resource; semantic role not derivable from filename alone.
offline_unclassified/50107.png,offline_unclassified,low,Numeric offline cache resource; semantic role not derivable from filename alone.
offline_unclassified/50108.png,offline_unclassified,low,Numeric offline cache resource; semantic role not derivable from filename alone.
offline_unclassified/50109.png,offline_unclassified,low,Numeric offline cache resource; semantic role not derivable from filename alone.
offline_unclassified/50200.png,offline_unclassified,low,Numeric offline cache resource; semantic role not derivable from filename alone.
offline_unclassified/50201.png,offline_unclassified,low,Numeric offline cache resource; semantic role not derivable from filename alone.
offline_unclassified/50202.png,offline_unclassified,low,Numeric offline cache resource; semantic role not derivable from filename alone.
offline_unclassified/50203.png,offline_unclassified,low,Numeric offline cache resource; semantic role not derivable from filename alone.
offline_unclassified/50204.png,offline_unclassified,low,Numeric offline cache resource; semantic role not derivable from filename alone.
offline_unclassified/50205.png,offline_unclassified,low,Numeric offline cache resource; semantic role not derivable from filename alone.
offline_unclassified/50206.png,offline_unclassified,low,Numeric offline cache resource; semantic role not derivable from filename alone.
offline_unclassified/50207.png,offline_unclassified,low,Numeric offline cache resource; semantic role not derivable from filename alone.
offline_unclassified/50208.png,offline_unclassified,low,Numeric offline cache resource; semantic role not derivable from filename alone.
offline_unclassified/50209.png,offline_unclassified,low,Numeric offline cache resource; semantic role not derivable from filename alone.
offline_unclassified/50300.png,offline_unclassified,low,Numeric offline cache resource; semantic role not derivable from filename alone.
offline_unclassified/50301.png,offline_unclassified,low,Numeric offline cache resource; semantic role not derivable from filename alone.
offline_unclassified/50302.png,offline_unclassified,low,Numeric offline cache resource; semantic role not derivable from filename alone.
offline_unclassified/50303.png,offline_unclassified,low,Numeric offline cache resource; semantic role not derivable from filename alone.
offline_unclassified/50304.png,offline_unclassified,low,Numeric offline cache resource; semantic role not derivable from filename alone.
offline_unclassified/50305.png,offline_unclassified,low,Numeric offline cache resource; semantic role not derivable from filename alone.
offline_unclassified/50306.png,offline_unclassified,low,Numeric offline cache resource; semantic role not derivable from filename alone.
offline_unclassified/50307.png,offline_unclassified,low,Numeric offline cache resource; semantic role not derivable from filename alone.
offline_unclassified/50308.png,offline_unclassified,low,Numeric offline cache resource; semantic role not derivable from filename alone.
offline_unclassified/50309.png,offline_unclassified,low,Numeric offline cache resource; semantic role not derivable from filename alone.
offline_unclassified/50400.png,offline_unclassified,low,Numeric offline cache resource; semantic role not derivable from filename alone.
offline_unclassified/50401.png,offline_unclassified,low,Numeric offline cache resource; semantic role not derivable from filename alone.
offline_unclassified/50402.png,offline_unclassified,low,Numeric offline cache resource; semantic role not derivable from filename alone.
offline_unclassified/50403.png,offline_unclassified,low,Numeric offline cache resource; semantic role not derivable from filename alone.
offline_unclassified/50404.png,offline_unclassified,low,Numeric offline cache resource; semantic role not derivable from filename alone.
offline_unclassified/50405.png,offline_unclassified,low,Numeric offline cache resource; semantic role not derivable from filename alone.
offline_unclassified/50406.png,offline_unclassified,low,Numeric offline cache resource; semantic role not derivable from filename alone.
offline_unclassified/50407.png,offline_unclassified,low,Numeric offline cache resource; semantic role not derivable from filename alone.
offline_unclassified/50408.png,offline_unclassified,low,Numeric offline cache resource; semantic role not derivable from filename alone.
offline_unclassified/50409.png,offline_unclassified,low,Numeric offline cache resource; semantic role not derivable from filename alone.
offline_unclassified/50500.png,offline_unclassified,low,Numeric offline cache resource; semantic role not derivable from filename alone.
offline_unclassified/50501.png,offline_unclassified,low,Numeric offline cache resource; semantic role not derivable from filename alone.
offline_unclassified/50502.png,offline_unclassified,low,Numeric offline cache resource; semantic role not derivable from filename alone.
offline_unclassified/50503.png,offline_unclassified,low,Numeric offline cache resource; semantic role not derivable from filename alone.
offline_unclassified/50504.png,offline_unclassified,low,Numeric offline cache resource; semantic role not derivable from filename alone.
offline_unclassified/50505.png,offline_unclassified,low,Numeric offline cache resource; semantic role not derivable from filename alone.
offline_unclassified/50506.png,offline_unclassified,low,Numeric offline cache resource; semantic role not derivable from filename alone.
offline_unclassified/50507.png,offline_unclassified,low,Numeric offline cache resource; semantic role not derivable from filename alone.
offline_unclassified/50508.png,offline_unclassified,low,Numeric offline cache resource; semantic role not derivable from filename alone.
offline_unclassified/50509.png,offline_unclassified,low,Numeric offline cache resource; semantic role not derivable from filename alone.
offline_unclassified/60000.png,offline_unclassified,low,Numeric offline cache resource; semantic role not derivable from filename alone.
offline_unclassified/60001.png,offline_unclassified,low,Numeric offline cache resource; semantic role not derivable from filename alone.
offline_unclassified/60002.png,offline_unclassified,low,Numeric offline cache resource; semantic role not derivable from filename alone.
offline_unclassified/60003.png,offline_unclassified,low,Numeric offline cache resource; semantic role not derivable from filename alone.
offline_unclassified/60004.png,offline_unclassified,low,Numeric offline cache resource; semantic role not derivable from filename alone.
offline_unclassified/60005.png,offline_unclassified,low,Numeric offline cache resource; semantic role not derivable from filename alone.
offline_unclassified/60006.png,offline_unclassified,low,Numeric offline cache resource; semantic role not derivable from filename alone.
offline_unclassified/60007.png,offline_unclassified,low,Numeric offline cache resource; semantic role not derivable from filename alone.
offline_unclassified/60008.png,offline_unclassified,low,Numeric offline cache resource; semantic role not derivable from filename alone.
offline_unclassified/60009.png,offline_unclassified,low,Numeric offline cache resource; semantic role not derivable from filename alone.
offline_unclassified/60100.png,offline_unclassified,low,Numeric offline cache resource; semantic role not derivable from filename alone.
offline_unclassified/60101.png,offline_unclassified,low,Numeric offline cache resource; semantic role not derivable from filename alone.
offline_unclassified/60102.png,offline_unclassified,low,Numeric offline cache resource; semantic role not derivable from filename alone.
offline_unclassified/60103.png,offline_unclassified,low,Numeric offline cache resource; semantic role not derivable from filename alone.
offline_unclassified/60104.png,offline_unclassified,low,Numeric offline cache resource; semantic role not derivable from filename alone.
offline_unclassified/60105.png,offline_unclassified,low,Numeric offline cache resource; semantic role not derivable from filename alone.
offline_unclassified/60106.png,offline_unclassified,low,Numeric offline cache resource; semantic role not derivable from filename alone.
offline_unclassified/60107.png,offline_unclassified,low,Numeric offline cache resource; semantic role not derivable from filename alone.
offline_unclassified/60108.png,offline_unclassified,low,Numeric offline cache resource; semantic role not derivable from filename alone.
offline_unclassified/60109.png,offline_unclassified,low,Numeric offline cache resource; semantic role not derivable from filename alone.
offline_unclassified/60200.png,offline_unclassified,low,Numeric offline cache resource; semantic role not derivable from filename alone.
offline_unclassified/60201.png,offline_unclassified,low,Numeric offline cache resource; semantic role not derivable from filename alone.
offline_unclassified/60202.png,offline_unclassified,low,Numeric offline cache resource; semantic role not derivable from filename alone.
offline_unclassified/60203.png,offline_unclassified,low,Numeric offline cache resource; semantic role not derivable from filename alone.
offline_unclassified/60204.png,offline_unclassified,low,Numeric offline cache resource; semantic role not derivable from filename alone.
offline_unclassified/60205.png,offline_unclassified,low,Numeric offline cache resource; semantic role not derivable from filename alone.
offline_unclassified/60206.png,offline_unclassified,low,Numeric offline cache resource; semantic role not derivable from filename alone.
offline_unclassified/60207.png,offline_unclassified,low,Numeric offline cache resource; semantic role not derivable from filename alone.
offline_unclassified/60208.png,offline_unclassified,low,Numeric offline cache resource; semantic role not derivable from filename alone.
offline_unclassified/60209.png,offline_unclassified,low,Numeric offline cache resource; semantic role not derivable from filename alone.
offline_unclassified/60300.png,offline_unclassified,low,Numeric offline cache resource; semantic role not derivable from filename alone.
offline_unclassified/60301.png,offline_unclassified,low,Numeric offline cache resource; semantic role not derivable from filename alone.
offline_unclassified/60302.png,offline_unclassified,low,Numeric offline cache resource; semantic role not derivable from filename alone.
offline_unclassified/60303.png,offline_unclassified,low,Numeric offline cache resource; semantic role not derivable from filename alone.
offline_unclassified/60304.png,offline_unclassified,low,Numeric offline cache resource; semantic role not derivable from filename alone.
offline_unclassified/60305.png,offline_unclassified,low,Numeric offline cache resource; semantic role not derivable from filename alone.
offline_unclassified/60306.png,offline_unclassified,low,Numeric offline cache resource; semantic role not derivable from filename alone.
offline_unclassified/60307.png,offline_unclassified,low,Numeric offline cache resource; semantic role not derivable from filename alone.
offline_unclassified/60308.png,offline_unclassified,low,Numeric offline cache resource; semantic role not derivable from filename alone.
offline_unclassified/60309.png,offline_unclassified,low,Numeric offline cache resource; semantic role not derivable from filename alone.
offline_unclassified/60400.png,offline_unclassified,low,Numeric offline cache resource; semantic role not derivable from filename alone.
offline_unclassified/60401.png,offline_unclassified,low,Numeric offline cache resource; semantic role not derivable from filename alone.
offline_unclassified/60402.png,offline_unclassified,low,Numeric offline cache resource; semantic role not derivable from filename alone.
offline_unclassified/60403.png,offline_unclassified,low,Numeric offline cache resource; semantic role not derivable from filename alone.
offline_unclassified/60404.png,offline_unclassified,low,Numeric offline cache resource; semantic role not derivable from filename alone.
offline_unclassified/60405.png,offline_unclassified,low,Numeric offline cache resource; semantic role not derivable from filename alone.
offline_unclassified/60406.png,offline_unclassified,low,Numeric offline cache resource; semantic role not derivable from filename alone.
offline_unclassified/60407.png,offline_unclassified,low,Numeric offline cache resource; semantic role not derivable from filename alone.
offline_unclassified/60408.png,offline_unclassified,low,Numeric offline cache resource; semantic role not derivable from filename alone.
offline_unclassified/60409.png,offline_unclassified,low,Numeric offline cache resource; semantic role not derivable from filename alone.
offline_unclassified/60500.png,offline_unclassified,low,Numeric offline cache resource; semantic role not derivable from filename alone.
offline_unclassified/60501.png,offline_unclassified,low,Numeric offline cache resource; semantic role not derivable from filename alone.
offline_unclassified/60502.png,offline_unclassified,low,Numeric offline cache resource; semantic role not derivable from filename alone.
offline_unclassified/60503.png,offline_unclassified,low,Numeric offline cache resource; semantic role not derivable from filename alone.
offline_unclassified/60504.png,offline_unclassified,low,Numeric offline cache resource; semantic role not derivable from filename alone.
offline_unclassified/60505.png,offline_unclassified,low,Numeric offline cache resource; semantic role not derivable from filename alone.
offline_unclassified/60506.png,offline_unclassified,low,Numeric offline cache resource; semantic role not derivable from filename alone.
offline_unclassified/60507.png,offline_unclassified,low,Numeric offline cache resource; semantic role not derivable from filename alone.
offline_unclassified/60508.png,offline_unclassified,low,Numeric offline cache resource; semantic role not derivable from filename alone.
offline_unclassified/60509.png,offline_unclassified,low,Numeric offline cache resource; semantic role not derivable from filename alone.
offline_unclassified/60600.png,offline_unclassified,low,Numeric offline cache resource; semantic role not derivable from filename alone.
offline_unclassified/60601.png,offline_unclassified,low,Numeric offline cache resource; semantic role not derivable from filename alone.
offline_unclassified/60602.png,offline_unclassified,low,Numeric offline cache resource; semantic role not derivable from filename alone.
offline_unclassified/60603.png,offline_unclassified,low,Numeric offline cache resource; semantic role not derivable from filename alone.
offline_unclassified/60604.png,offline_unclassified,low,Numeric offline cache resource; semantic role not derivable from filename alone.
offline_unclassified/60605.png,offline_unclassified,low,Numeric offline cache resource; semantic role not derivable from filename alone.
offline_unclassified/60606.png,offline_unclassified,low,Numeric offline cache resource; semantic role not derivable from filename alone.
offline_unclassified/60607.png,offline_unclassified,low,Numeric offline cache resource; semantic role not derivable from filename alone.
offline_unclassified/60608.png,offline_unclassified,low,Numeric offline cache resource; semantic role not derivable from filename alone.
offline_unclassified/60609.png,offline_unclassified,low,Numeric offline cache resource; semantic role not derivable from filename alone.
offline_unclassified/60700.png,offline_unclassified,low,Numeric offline cache resource; semantic role not derivable from filename alone.
offline_unclassified/60701.png,offline_unclassified,low,Numeric offline cache resource; semantic role not derivable from filename alone.
offline_unclassified/60702.png,offline_unclassified,low,Numeric offline cache resource; semantic role not derivable from filename alone.
offline_unclassified/60703.png,offline_unclassified,low,Numeric offline cache resource; semantic role not derivable from filename alone.
offline_unclassified/60704.png,offline_unclassified,low,Numeric offline cache resource; semantic role not derivable from filename alone.
offline_unclassified/60705.png,offline_unclassified,low,Numeric offline cache resource; semantic role not derivable from filename alone.
offline_unclassified/60706.png,offline_unclassified,low,Numeric offline cache resource; semantic role not derivable from filename alone.
offline_unclassified/60707.png,offline_unclassified,low,Numeric offline cache resource; semantic role not derivable from filename alone.
offline_unclassified/60708.png,offline_unclassified,low,Numeric offline cache resource; semantic role not derivable from filename alone.
offline_unclassified/60709.png,offline_unclassified,low,Numeric offline cache resource; semantic role not derivable from filename alone.
offline_unclassified/60800.png,offline_unclassified,low,Numeric offline cache resource; semantic role not derivable from filename alone.
offline_unclassified/60801.png,offline_unclassified,low,Numeric offline cache resource; semantic role not derivable from filename alone.
offline_unclassified/60802.png,offline_unclassified,low,Numeric offline cache resource; semantic role not derivable from filename alone.
offline_unclassified/60803.png,offline_unclassified,low,Numeric offline cache resource; semantic role not derivable from filename alone.
offline_unclassified/60804.png,offline_unclassified,low,Numeric offline cache resource; semantic role not derivable from filename alone.
offline_unclassified/60805.png,offline_unclassified,low,Numeric offline cache resource; semantic role not derivable from filename alone.
offline_unclassified/60806.png,offline_unclassified,low,Numeric offline cache resource; semantic role not derivable from filename alone.
offline_unclassified/60807.png,offline_unclassified,low,Numeric offline cache resource; semantic role not derivable from filename alone.
offline_unclassified/60808.png,offline_unclassified,low,Numeric offline cache resource; semantic role not derivable from filename alone.
offline_unclassified/60809.png,offline_unclassified,low,Numeric offline cache resource; semantic role not derivable from filename alone.
offline_unclassified/60900.png,offline_unclassified,low,Numeric offline cache resource; semantic role not derivable from filename alone.
offline_unclassified/60901.png,offline_unclassified,low,Numeric offline cache resource; semantic role not derivable from filename alone.
offline_unclassified/60902.png,offline_unclassified,low,Numeric offline cache resource; semantic role not derivable from filename alone.
offline_unclassified/60903.png,offline_unclassified,low,Numeric offline cache resource; semantic role not derivable from filename alone.
offline_unclassified/60904.png,offline_unclassified,low,Numeric offline cache resource; semantic role not derivable from filename alone.
offline_unclassified/60905.png,offline_unclassified,low,Numeric offline cache resource; semantic role not derivable from filename alone.
offline_unclassified/60906.png,offline_unclassified,low,Numeric offline cache resource; semantic role not derivable from filename alone.
offline_unclassified/60907.png,offline_unclassified,low,Numeric offline cache resource; semantic role not derivable from filename alone.
offline_unclassified/60908.png,offline_unclassified,low,Numeric offline cache resource; semantic role not derivable from filename alone.
offline_unclassified/60909.png,offline_unclassified,low,Numeric offline cache resource; semantic role not derivable from filename alone.
offline_unclassified/70100.png,offline_unclassified,low,Numeric offline cache resource; semantic role not derivable from filename alone.
offline_unclassified/70101.png,offline_unclassified,low,Numeric offline cache resource; semantic role not derivable from filename alone.
offline_unclassified/70102.png,offline_unclassified,low,Numeric offline cache resource; semantic role not derivable from filename alone.
offline_unclassified/70103.png,offline_unclassified,low,Numeric offline cache resource; semantic role not derivable from filename alone.
offline_unclassified/70104.png,offline_unclassified,low,Numeric offline cache resource; semantic role not derivable from filename alone.
offline_unclassified/70105.png,offline_unclassified,low,Numeric offline cache resource; semantic role not derivable from filename alone.
offline_unclassified/70106.png,offline_unclassified,low,Numeric offline cache resource; semantic role not derivable from filename alone.
offline_unclassified/70107.png,offline_unclassified,low,Numeric offline cache resource; semantic role not derivable from filename alone.
offline_unclassified/70108.png,offline_unclassified,low,Numeric offline cache resource; semantic role not derivable from filename alone.
offline_unclassified/70109.png,offline_unclassified,low,Numeric offline cache resource; semantic role not derivable from filename alone.
offline_unclassified/70198.png,offline_unclassified,low,Numeric offline cache resource; semantic role not derivable from filename alone.
offline_unclassified/70300.png,offline_unclassified,low,Numeric offline cache resource; semantic role not derivable from filename alone.
offline_unclassified/70301.png,offline_unclassified,low,Numeric offline cache resource; semantic role not derivable from filename alone.
offline_unclassified/70302.png,offline_unclassified,low,Numeric offline cache resource; semantic role not derivable from filename alone.
offline_unclassified/70303.png,offline_unclassified,low,Numeric offline cache resource; semantic role not derivable from filename alone.
offline_unclassified/70304.png,offline_unclassified,low,Numeric offline cache resource; semantic role not derivable from filename alone.
offline_unclassified/70305.png,offline_unclassified,low,Numeric offline cache resource; semantic role not derivable from filename alone.
offline_unclassified/70306.png,offline_unclassified,low,Numeric offline cache resource; semantic role not derivable from filename alone.
offline_unclassified/70307.png,offline_unclassified,low,Numeric offline cache resource; semantic role not derivable from filename alone.
offline_unclassified/70308.png,offline_unclassified,low,Numeric offline cache resource; semantic role not derivable from filename alone.
offline_unclassified/70309.png,offline_unclassified,low,Numeric offline cache resource; semantic role not derivable from filename alone.
offline_unclassified/70398.png,offline_unclassified,low,Numeric offline cache resource; semantic role not derivable from filename alone.
offline_unclassified/70700.png,offline_unclassified,low,Numeric offline cache resource; semantic role not derivable from filename alone.
offline_unclassified/70701.png,offline_unclassified,low,Numeric offline cache resource; semantic role not derivable from filename alone.
offline_unclassified/70702.png,offline_unclassified,low,Numeric offline cache resource; semantic role not derivable from filename alone.
offline_unclassified/70703.png,offline_unclassified,low,Numeric offline cache resource; semantic role not derivable from filename alone.
offline_unclassified/70704.png,offline_unclassified,low,Numeric offline cache resource; semantic role not derivable from filename alone.
offline_unclassified/70705.png,offline_unclassified,low,Numeric offline cache resource; semantic role not derivable from filename alone.
offline_unclassified/70706.png,offline_unclassified,low,Numeric offline cache resource; semantic role not derivable from filename alone.
offline_unclassified/70707.png,offline_unclassified,low,Numeric offline cache resource; semantic role not derivable from filename alone.
offline_unclassified/70708.png,offline_unclassified,low,Numeric offline cache resource; semantic role not derivable from filename alone.
offline_unclassified/70709.png,offline_unclassified,low,Numeric offline cache resource; semantic role not derivable from filename alone.
offline_unclassified/70798.png,offline_unclassified,low,Numeric offline cache resource; semantic role not derivable from filename alone.
offline_unclassified/71200.png,offline_unclassified,low,Numeric offline cache resource; semantic role not derivable from filename alone.
offline_unclassified/71201.png,offline_unclassified,low,Numeric offline cache resource; semantic role not derivable from filename alone.
offline_unclassified/71202.png,offline_unclassified,low,Numeric offline cache resource; semantic role not derivable from filename alone.
offline_unclassified/71203.png,offline_unclassified,low,Numeric offline cache resource; semantic role not derivable from filename alone.
offline_unclassified/71204.png,offline_unclassified,low,Numeric offline cache resource; semantic role not derivable from filename alone.
offline_unclassified/71205.png,offline_unclassified,low,Numeric offline cache resource; semantic role not derivable from filename alone.
offline_unclassified/71206.png,offline_unclassified,low,Numeric offline cache resource; semantic role not derivable from filename alone.
offline_unclassified/71207.png,offline_unclassified,low,Numeric offline cache resource; semantic role not derivable from filename alone.
offline_unclassified/71208.png,offline_unclassified,low,Numeric offline cache resource; semantic role not derivable from filename alone.
offline_unclassified/71209.png,offline_unclassified,low,Numeric offline cache resource; semantic role not derivable from filename alone.
offline_unclassified/71298.png,offline_unclassified,low,Numeric offline cache resource; semantic role not derivable from filename alone.
offline_unclassified/71300.png,offline_unclassified,low,Numeric offline cache resource; semantic role not derivable from filename alone.
offline_unclassified/71301.png,offline_unclassified,low,Numeric offline cache resource; semantic role not derivable from filename alone.
offline_unclassified/71302.png,offline_unclassified,low,Numeric offline cache resource; semantic role not derivable from filename alone.
offline_unclassified/71303.png,offline_unclassified,low,Numeric offline cache resource; semantic role not derivable from filename alone.
offline_unclassified/71304.png,offline_unclassified,low,Numeric offline cache resource; semantic role not derivable from filename alone.
offline_unclassified/71305.png,offline_unclassified,low,Numeric offline cache resource; semantic role not derivable from filename alone.
offline_unclassified/71306.png,offline_unclassified,low,Numeric offline cache resource; semantic role not derivable from filename alone.
offline_unclassified/71307.png,offline_unclassified,low,Numeric offline cache resource; semantic role not derivable from filename alone.
offline_unclassified/71308.png,offline_unclassified,low,Numeric offline cache resource; semantic role not derivable from filename alone.
offline_unclassified/71309.png,offline_unclassified,low,Numeric offline cache resource; semantic role not derivable from filename alone.
offline_unclassified/71398.png,offline_unclassified,low,Numeric offline cache resource; semantic role not derivable from filename alone.
offline_unclassified/71400.png,offline_unclassified,low,Numeric offline cache resource; semantic role not derivable from filename alone.
offline_unclassified/71401.png,offline_unclassified,low,Numeric offline cache resource; semantic role not derivable from filename alone.
offline_unclassified/71402.png,offline_unclassified,low,Numeric offline cache resource; semantic role not derivable from filename alone.
offline_unclassified/71403.png,offline_unclassified,low,Numeric offline cache resource; semantic role not derivable from filename alone.
offline_unclassified/71404.png,offline_unclassified,low,Numeric offline cache resource; semantic role not derivable from filename alone.
offline_unclassified/71405.png,offline_unclassified,low,Numeric offline cache resource; semantic role not derivable from filename alone.
offline_unclassified/71406.png,offline_unclassified,low,Numeric offline cache resource; semantic role not derivable from filename alone.
offline_unclassified/71407.png,offline_unclassified,low,Numeric offline cache resource; semantic role not derivable from filename alone.
offline_unclassified/71408.png,offline_unclassified,low,Numeric offline cache resource; semantic role not derivable from filename alone.
offline_unclassified/71409.png,offline_unclassified,low,Numeric offline cache resource; semantic role not derivable from filename alone.
offline_unclassified/71498.png,offline_unclassified,low,Numeric offline cache resource; semantic role not derivable from filename alone.
offline_unclassified/71600.png,offline_unclassified,low,Numeric offline cache resource; semantic role not derivable from filename alone.
offline_unclassified/71601.png,offline_unclassified,low,Numeric offline cache resource; semantic role not derivable from filename alone.
offline_unclassified/71602.png,offline_unclassified,low,Numeric offline cache resource; semantic role not derivable from filename alone.
offline_unclassified/71603.png,offline_unclassified,low,Numeric offline cache resource; semantic role not derivable from filename alone.
offline_unclassified/71604.png,offline_unclassified,low,Numeric offline cache resource; semantic role not derivable from filename alone.
offline_unclassified/71605.png,offline_unclassified,low,Numeric offline cache resource; semantic role not derivable from filename alone.
offline_unclassified/71606.png,offline_unclassified,low,Numeric offline cache resource; semantic role not derivable from filename alone.
offline_unclassified/71607.png,offline_unclassified,low,Numeric offline cache resource; semantic role not derivable from filename alone.
offline_unclassified/71608.png,offline_unclassified,low,Numeric offline cache resource; semantic role not derivable from filename alone.
offline_unclassified/71609.png,offline_unclassified,low,Numeric offline cache resource; semantic role not derivable from filename alone.
offline_unclassified/71698.png,offline_unclassified,low,Numeric offline cache resource; semantic role not derivable from filename alone.
offline_unclassified/71700.png,offline_unclassified,low,Numeric offline cache resource; semantic role not derivable from filename alone.
offline_unclassified/71701.png,offline_unclassified,low,Numeric offline cache resource; semantic role not derivable from filename alone.
offline_unclassified/71702.png,offline_unclassified,low,Numeric offline cache resource; semantic role not derivable from filename alone.
offline_unclassified/71703.png,offline_unclassified,low,Numeric offline cache resource; semantic role not derivable from filename alone.
offline_unclassified/71704.png,offline_unclassified,low,Numeric offline cache resource; semantic role not derivable from filename alone.
offline_unclassified/71705.png,offline_unclassified,low,Numeric offline cache resource; semantic role not derivable from filename alone.
offline_unclassified/71706.png,offline_unclassified,low,Numeric offline cache resource; semantic role not derivable from filename alone.
offline_unclassified/71707.png,offline_unclassified,low,Numeric offline cache resource; semantic role not derivable from filename alone.
offline_unclassified/71708.png,offline_unclassified,low,Numeric offline cache resource; semantic role not derivable from filename alone.
offline_unclassified/71709.png,offline_unclassified,low,Numeric offline cache resource; semantic role not derivable from filename alone.
offline_unclassified/71798.png,offline_unclassified,low,Numeric offline cache resource; semantic role not derivable from filename alone.
offline_unclassified/71800.png,offline_unclassified,low,Numeric offline cache resource; semantic role not derivable from filename alone.
offline_unclassified/71801.png,offline_unclassified,low,Numeric offline cache resource; semantic role not derivable from filename alone.
offline_unclassified/71802.png,offline_unclassified,low,Numeric offline cache resource; semantic role not derivable from filename alone.
offline_unclassified/71803.png,offline_unclassified,low,Numeric offline cache resource; semantic role not derivable from filename alone.
offline_unclassified/71804.png,offline_unclassified,low,Numeric offline cache resource; semantic role not derivable from filename alone.
offline_unclassified/71805.png,offline_unclassified,low,Numeric offline cache resource; semantic role not derivable from filename alone.
offline_unclassified/71806.png,offline_unclassified,low,Numeric offline cache resource; semantic role not derivable from filename alone.
offline_unclassified/71807.png,offline_unclassified,low,Numeric offline cache resource; semantic role not derivable from filename alone.
offline_unclassified/71808.png,offline_unclassified,low,Numeric offline cache resource; semantic role not derivable from filename alone.
offline_unclassified/71809.png,offline_unclassified,low,Numeric offline cache resource; semantic role not derivable from filename alone.
offline_unclassified/71898.png,offline_unclassified,low,Numeric offline cache resource; semantic role not derivable from filename alone.
offline_unclassified/72000.png,offline_unclassified,low,Numeric offline cache resource; semantic role not derivable from filename alone.
offline_unclassified/72001.png,offline_unclassified,low,Numeric offline cache resource; semantic role not derivable from filename alone.
offline_unclassified/72002.png,offline_unclassified,low,Numeric offline cache resource; semantic role not derivable from filename alone.
offline_unclassified/72003.png,offline_unclassified,low,Numeric offline cache resource; semantic role not derivable from filename alone.
offline_unclassified/72004.png,offline_unclassified,low,Numeric offline cache resource; semantic role not derivable from filename alone.
offline_unclassified/72005.png,offline_unclassified,low,Numeric offline cache resource; semantic role not derivable from filename alone.
offline_unclassified/72006.png,offline_unclassified,low,Numeric offline cache resource; semantic role not derivable from filename alone.
offline_unclassified/72007.png,offline_unclassified,low,Numeric offline cache resource; semantic role not derivable from filename alone.
offline_unclassified/72008.png,offline_unclassified,low,Numeric offline cache resource; semantic role not derivable from filename alone.
offline_unclassified/72009.png,offline_unclassified,low,Numeric offline cache resource; semantic role not derivable from filename alone.
offline_unclassified/72098.png,offline_unclassified,low,Numeric offline cache resource; semantic role not derivable from filename alone.
offline_unclassified/72400.png,offline_unclassified,low,Numeric offline cache resource; semantic role not derivable from filename alone.
offline_unclassified/72401.png,offline_unclassified,low,Numeric offline cache resource; semantic role not derivable from filename alone.
offline_unclassified/72402.png,offline_unclassified,low,Numeric offline cache resource; semantic role not derivable from filename alone.
offline_unclassified/72403.png,offline_unclassified,low,Numeric offline cache resource; semantic role not derivable from filename alone.
offline_unclassified/72404.png,offline_unclassified,low,Numeric offline cache resource; semantic role not derivable from filename alone.
offline_unclassified/72405.png,offline_unclassified,low,Numeric offline cache resource; semantic role not derivable from filename alone.
offline_unclassified/72406.png,offline_unclassified,low,Numeric offline cache resource; semantic role not derivable from filename alone.
offline_unclassified/72407.png,offline_unclassified,low,Numeric offline cache resource; semantic role not derivable from filename alone.
offline_unclassified/72408.png,offline_unclassified,low,Numeric offline cache resource; semantic role not derivable from filename alone.
offline_unclassified/72409.png,offline_unclassified,low,Numeric offline cache resource; semantic role not derivable from filename alone.
offline_unclassified/72498.png,offline_unclassified,low,Numeric offline cache resource; semantic role not derivable from filename alone.
offline_unclassified/72500.png,offline_unclassified,low,Numeric offline cache resource; semantic role not derivable from filename alone.
offline_unclassified/72501.png,offline_unclassified,low,Numeric offline cache resource; semantic role not derivable from filename alone.
offline_unclassified/72502.png,offline_unclassified,low,Numeric offline cache resource; semantic role not derivable from filename alone.
offline_unclassified/72503.png,offline_unclassified,low,Numeric offline cache resource; semantic role not derivable from filename alone.
offline_unclassified/72504.png,offline_unclassified,low,Numeric offline cache resource; semantic role not derivable from filename alone.
offline_unclassified/72505.png,offline_unclassified,low,Numeric offline cache resource; semantic role not derivable from filename alone.
offline_unclassified/72506.png,offline_unclassified,low,Numeric offline cache resource; semantic role not derivable from filename alone.
offline_unclassified/72507.png,offline_unclassified,low,Numeric offline cache resource; semantic role not derivable from filename alone.
offline_unclassified/72508.png,offline_unclassified,low,Numeric offline cache resource; semantic role not derivable from filename alone.
offline_unclassified/72509.png,offline_unclassified,low,Numeric offline cache resource; semantic role not derivable from filename alone.
offline_unclassified/72598.png,offline_unclassified,low,Numeric offline cache resource; semantic role not derivable from filename alone.
offline_unclassified/74000.png,offline_unclassified,low,Numeric offline cache resource; semantic role not derivable from filename alone.
offline_unclassified/74001.png,offline_unclassified,low,Numeric offline cache resource; semantic role not derivable from filename alone.
offline_unclassified/74002.png,offline_unclassified,low,Numeric offline cache resource; semantic role not derivable from filename alone.
offline_unclassified/74003.png,offline_unclassified,low,Numeric offline cache resource; semantic role not derivable from filename alone.
offline_unclassified/74004.png,offline_unclassified,low,Numeric offline cache resource; semantic role not derivable from filename alone.
offline_unclassified/74005.png,offline_unclassified,low,Numeric offline cache resource; semantic role not derivable from filename alone.
offline_unclassified/74006.png,offline_unclassified,low,Numeric offline cache resource; semantic role not derivable from filename alone.
offline_unclassified/74007.png,offline_unclassified,low,Numeric offline cache resource; semantic role not derivable from filename alone.
offline_unclassified/74008.png,offline_unclassified,low,Numeric offline cache resource; semantic role not derivable from filename alone.
offline_unclassified/74009.png,offline_unclassified,low,Numeric offline cache resource; semantic role not derivable from filename alone.
offline_unclassified/74098.png,offline_unclassified,low,Numeric offline cache resource; semantic role not derivable from filename alone.
offline_unclassified/74100.png,offline_unclassified,low,Numeric offline cache resource; semantic role not derivable from filename alone.
offline_unclassified/74101.png,offline_unclassified,low,Numeric offline cache resource; semantic role not derivable from filename alone.
offline_unclassified/74102.png,offline_unclassified,low,Numeric offline cache resource; semantic role not derivable from filename alone.
offline_unclassified/74103.png,offline_unclassified,low,Numeric offline cache resource; semantic role not derivable from filename alone.
offline_unclassified/74104.png,offline_unclassified,low,Numeric offline cache resource; semantic role not derivable from filename alone.
offline_unclassified/74105.png,offline_unclassified,low,Numeric offline cache resource; semantic role not derivable from filename alone.
offline_unclassified/74106.png,offline_unclassified,low,Numeric offline cache resource; semantic role not derivable from filename alone.
offline_unclassified/74107.png,offline_unclassified,low,Numeric offline cache resource; semantic role not derivable from filename alone.
offline_unclassified/74108.png,offline_unclassified,low,Numeric offline cache resource; semantic role not derivable from filename alone.
offline_unclassified/74109.png,offline_unclassified,low,Numeric offline cache resource; semantic role not derivable from filename alone.
offline_unclassified/74198.png,offline_unclassified,low,Numeric offline cache resource; semantic role not derivable from filename alone.
offline_unclassified/74200.png,offline_unclassified,low,Numeric offline cache resource; semantic role not derivable from filename alone.
offline_unclassified/74201.png,offline_unclassified,low,Numeric offline cache resource; semantic role not derivable from filename alone.
offline_unclassified/74202.png,offline_unclassified,low,Numeric offline cache resource; semantic role not derivable from filename alone.
offline_unclassified/74203.png,offline_unclassified,low,Numeric offline cache resource; semantic role not derivable from filename alone.
offline_unclassified/74204.png,offline_unclassified,low,Numeric offline cache resource; semantic role not derivable from filename alone.
offline_unclassified/74205.png,offline_unclassified,low,Numeric offline cache resource; semantic role not derivable from filename alone.
offline_unclassified/74206.png,offline_unclassified,low,Numeric offline cache resource; semantic role not derivable from filename alone.
offline_unclassified/74207.png,offline_unclassified,low,Numeric offline cache resource; semantic role not derivable from filename alone.
offline_unclassified/74208.png,offline_unclassified,low,Numeric offline cache resource; semantic role not derivable from filename alone.
offline_unclassified/74209.png,offline_unclassified,low,Numeric offline cache resource; semantic role not derivable from filename alone.
offline_unclassified/74298.png,offline_unclassified,low,Numeric offline cache resource; semantic role not derivable from filename alone.
offline_unclassified/74300.png,offline_unclassified,low,Numeric offline cache resource; semantic role not derivable from filename alone.
offline_unclassified/74301.png,offline_unclassified,low,Numeric offline cache resource; semantic role not derivable from filename alone.
offline_unclassified/74302.png,offline_unclassified,low,Numeric offline cache resource; semantic role not derivable from filename alone.
offline_unclassified/74303.png,offline_unclassified,low,Numeric offline cache resource; semantic role not derivable from filename alone.
offline_unclassified/74304.png,offline_unclassified,low,Numeric offline cache resource; semantic role not derivable from filename alone.
offline_unclassified/74305.png,offline_unclassified,low,Numeric offline cache resource; semantic role not derivable from filename alone.
offline_unclassified/74306.png,offline_unclassified,low,Numeric offline cache resource; semantic role not derivable from filename alone.
offline_unclassified/74307.png,offline_unclassified,low,Numeric offline cache resource; semantic role not derivable from filename alone.
offline_unclassified/74308.png,offline_unclassified,low,Numeric offline cache resource; semantic role not derivable from filename alone.
offline_unclassified/74309.png,offline_unclassified,low,Numeric offline cache resource; semantic role not derivable from filename alone.
offline_unclassified/74398.png,offline_unclassified,low,Numeric offline cache resource; semantic role not derivable from filename alone.
offline_unclassified/75100.png,offline_unclassified,low,Numeric offline cache resource; semantic role not derivable from filename alone.
offline_unclassified/75101.png,offline_unclassified,low,Numeric offline cache resource; semantic role not derivable from filename alone.
offline_unclassified/75102.png,offline_unclassified,low,Numeric offline cache resource; semantic role not derivable from filename alone.
offline_unclassified/75103.png,offline_unclassified,low,Numeric offline cache resource; semantic role not derivable from filename alone.
offline_unclassified/75104.png,offline_unclassified,low,Numeric offline cache resource; semantic role not derivable from filename alone.
offline_unclassified/75105.png,offline_unclassified,low,Numeric offline cache resource; semantic role not derivable from filename alone.
offline_unclassified/75106.png,offline_unclassified,low,Numeric offline cache resource; semantic role not derivable from filename alone.
offline_unclassified/75107.png,offline_unclassified,low,Numeric offline cache resource; semantic role not derivable from filename alone.
offline_unclassified/75108.png,offline_unclassified,low,Numeric offline cache resource; semantic role not derivable from filename alone.
offline_unclassified/75109.png,offline_unclassified,low,Numeric offline cache resource; semantic role not derivable from filename alone.
offline_unclassified/75198.png,offline_unclassified,low,Numeric offline cache resource; semantic role not derivable from filename alone.
offline_unclassified/75300.png,offline_unclassified,low,Numeric offline cache resource; semantic role not derivable from filename alone.
offline_unclassified/75301.png,offline_unclassified,low,Numeric offline cache resource; semantic role not derivable from filename alone.
offline_unclassified/75302.png,offline_unclassified,low,Numeric offline cache resource; semantic role not derivable from filename alone.
offline_unclassified/75303.png,offline_unclassified,low,Numeric offline cache resource; semantic role not derivable from filename alone.
offline_unclassified/75304.png,offline_unclassified,low,Numeric offline cache resource; semantic role not derivable from filename alone.
offline_unclassified/75305.png,offline_unclassified,low,Numeric offline cache resource; semantic role not derivable from filename alone.
offline_unclassified/75306.png,offline_unclassified,low,Numeric offline cache resource; semantic role not derivable from filename alone.
offline_unclassified/75307.png,offline_unclassified,low,Numeric offline cache resource; semantic role not derivable from filename alone.
offline_unclassified/75308.png,offline_unclassified,low,Numeric offline cache resource; semantic role not derivable from filename alone.
offline_unclassified/75309.png,offline_unclassified,low,Numeric offline cache resource; semantic role not derivable from filename alone.
offline_unclassified/75398.png,offline_unclassified,low,Numeric offline cache resource; semantic role not derivable from filename alone.
offline_unclassified/75400.png,offline_unclassified,low,Numeric offline cache resource; semantic role not derivable from filename alone.
offline_unclassified/75401.png,offline_unclassified,low,Numeric offline cache resource; semantic role not derivable from filename alone.
offline_unclassified/75402.png,offline_unclassified,low,Numeric offline cache resource; semantic role not derivable from filename alone.
offline_unclassified/75403.png,offline_unclassified,low,Numeric offline cache resource; semantic role not derivable from filename alone.
offline_unclassified/75404.png,offline_unclassified,low,Numeric offline cache resource; semantic role not derivable from filename alone.
offline_unclassified/75405.png,offline_unclassified,low,Numeric offline cache resource; semantic role not derivable from filename alone.
offline_unclassified/75406.png,offline_unclassified,low,Numeric offline cache resource; semantic role not derivable from filename alone.
offline_unclassified/75407.png,offline_unclassified,low,Numeric offline cache resource; semantic role not derivable from filename alone.
offline_unclassified/75408.png,offline_unclassified,low,Numeric offline cache resource; semantic role not derivable from filename alone.
offline_unclassified/75409.png,offline_unclassified,low,Numeric offline cache resource; semantic role not derivable from filename alone.
offline_unclassified/75498.png,offline_unclassified,low,Numeric offline cache resource; semantic role not derivable from filename alone.
offline_unclassified/75600.png,offline_unclassified,low,Numeric offline cache resource; semantic role not derivable from filename alone.
offline_unclassified/75601.png,offline_unclassified,low,Numeric offline cache resource; semantic role not derivable from filename alone.
offline_unclassified/75602.png,offline_unclassified,low,Numeric offline cache resource; semantic role not derivable from filename alone.
offline_unclassified/75603.png,offline_unclassified,low,Numeric offline cache resource; semantic role not derivable from filename alone.
offline_unclassified/75604.png,offline_unclassified,low,Numeric offline cache resource; semantic role not derivable from filename alone.
offline_unclassified/75605.png,offline_unclassified,low,Numeric offline cache resource; semantic role not derivable from filename alone.
offline_unclassified/75606.png,offline_unclassified,low,Numeric offline cache resource; semantic role not derivable from filename alone.
offline_unclassified/75607.png,offline_unclassified,low,Numeric offline cache resource; semantic role not derivable from filename alone.
offline_unclassified/75608.png,offline_unclassified,low,Numeric offline cache resource; semantic role not derivable from filename alone.
offline_unclassified/75609.png,offline_unclassified,low,Numeric offline cache resource; semantic role not derivable from filename alone.
offline_unclassified/75698.png,offline_unclassified,low,Numeric offline cache resource; semantic role not derivable from filename alone.
offline_unclassified/75800.png,offline_unclassified,low,Numeric offline cache resource; semantic role not derivable from filename alone.
offline_unclassified/75801.png,offline_unclassified,low,Numeric offline cache resource; semantic role not derivable from filename alone.
offline_unclassified/75802.png,offline_unclassified,low,Numeric offline cache resource; semantic role not derivable from filename alone.
offline_unclassified/75803.png,offline_unclassified,low,Numeric offline cache resource; semantic role not derivable from filename alone.
offline_unclassified/75804.png,offline_unclassified,low,Numeric offline cache resource; semantic role not derivable from filename alone.
offline_unclassified/75805.png,offline_unclassified,low,Numeric offline cache resource; semantic role not derivable from filename alone.
offline_unclassified/75806.png,offline_unclassified,low,Numeric offline cache resource; semantic role not derivable from filename alone.
offline_unclassified/75807.png,offline_unclassified,low,Numeric offline cache resource; semantic role not derivable from filename alone.
offline_unclassified/75808.png,offline_unclassified,low,Numeric offline cache resource; semantic role not derivable from filename alone.
offline_unclassified/75809.png,offline_unclassified,low,Numeric offline cache resource; semantic role not derivable from filename alone.
offline_unclassified/75898.png,offline_unclassified,low,Numeric offline cache resource; semantic role not derivable from filename alone.
offline_unclassified/76200.png,offline_unclassified,low,Numeric offline cache resource; semantic role not derivable from filename alone.
offline_unclassified/76201.png,offline_unclassified,low,Numeric offline cache resource; semantic role not derivable from filename alone.
offline_unclassified/76202.png,offline_unclassified,low,Numeric offline cache resource; semantic role not derivable from filename alone.
offline_unclassified/76203.png,offline_unclassified,low,Numeric offline cache resource; semantic role not derivable from filename alone.
offline_unclassified/76204.png,offline_unclassified,low,Numeric offline cache resource; semantic role not derivable from filename alone.
offline_unclassified/76205.png,offline_unclassified,low,Numeric offline cache resource; semantic role not derivable from filename alone.
offline_unclassified/76206.png,offline_unclassified,low,Numeric offline cache resource; semantic role not derivable from filename alone.
offline_unclassified/76207.png,offline_unclassified,low,Numeric offline cache resource; semantic role not derivable from filename alone.
offline_unclassified/76208.png,offline_unclassified,low,Numeric offline cache resource; semantic role not derivable from filename alone.
offline_unclassified/76209.png,offline_unclassified,low,Numeric offline cache resource; semantic role not derivable from filename alone.
offline_unclassified/76298.png,offline_unclassified,low,Numeric offline cache resource; semantic role not derivable from filename alone.
offline_unclassified/76400.png,offline_unclassified,low,Numeric offline cache resource; semantic role not derivable from filename alone.
offline_unclassified/76401.png,offline_unclassified,low,Numeric offline cache resource; semantic role not derivable from filename alone.
offline_unclassified/76402.png,offline_unclassified,low,Numeric offline cache resource; semantic role not derivable from filename alone.
offline_unclassified/76403.png,offline_unclassified,low,Numeric offline cache resource; semantic role not derivable from filename alone.
offline_unclassified/76404.png,offline_unclassified,low,Numeric offline cache resource; semantic role not derivable from filename alone.
offline_unclassified/76405.png,offline_unclassified,low,Numeric offline cache resource; semantic role not derivable from filename alone.
offline_unclassified/76406.png,offline_unclassified,low,Numeric offline cache resource; semantic role not derivable from filename alone.
offline_unclassified/76407.png,offline_unclassified,low,Numeric offline cache resource; semantic role not derivable from filename alone.
offline_unclassified/76408.png,offline_unclassified,low,Numeric offline cache resource; semantic role not derivable from filename alone.
offline_unclassified/76409.png,offline_unclassified,low,Numeric offline cache resource; semantic role not derivable from filename alone.
offline_unclassified/76498.png,offline_unclassified,low,Numeric offline cache resource; semantic role not derivable from filename alone.
offline_unclassified/76500.png,offline_unclassified,low,Numeric offline cache resource; semantic role not derivable from filename alone.
offline_unclassified/76501.png,offline_unclassified,low,Numeric offline cache resource; semantic role not derivable from filename alone.
offline_unclassified/76502.png,offline_unclassified,low,Numeric offline cache resource; semantic role not derivable from filename alone.
offline_unclassified/76503.png,offline_unclassified,low,Numeric offline cache resource; semantic role not derivable from filename alone.
offline_unclassified/76504.png,offline_unclassified,low,Numeric offline cache resource; semantic role not derivable from filename alone.
offline_unclassified/76505.png,offline_unclassified,low,Numeric offline cache resource; semantic role not derivable from filename alone.
offline_unclassified/76506.png,offline_unclassified,low,Numeric offline cache resource; semantic role not derivable from filename alone.
offline_unclassified/76507.png,offline_unclassified,low,Numeric offline cache resource; semantic role not derivable from filename alone.
offline_unclassified/76508.png,offline_unclassified,low,Numeric offline cache resource; semantic role not derivable from filename alone.
offline_unclassified/76509.png,offline_unclassified,low,Numeric offline cache resource; semantic role not derivable from filename alone.
offline_unclassified/76598.png,offline_unclassified,low,Numeric offline cache resource; semantic role not derivable from filename alone.
offline_unclassified/76600.png,offline_unclassified,low,Numeric offline cache resource; semantic role not derivable from filename alone.
offline_unclassified/76601.png,offline_unclassified,low,Numeric offline cache resource; semantic role not derivable from filename alone.
offline_unclassified/76602.png,offline_unclassified,low,Numeric offline cache resource; semantic role not derivable from filename alone.
offline_unclassified/76603.png,offline_unclassified,low,Numeric offline cache resource; semantic role not derivable from filename alone.
offline_unclassified/76604.png,offline_unclassified,low,Numeric offline cache resource; semantic role not derivable from filename alone.
offline_unclassified/76605.png,offline_unclassified,low,Numeric offline cache resource; semantic role not derivable from filename alone.
offline_unclassified/76606.png,offline_unclassified,low,Numeric offline cache resource; semantic role not derivable from filename alone.
offline_unclassified/76607.png,offline_unclassified,low,Numeric offline cache resource; semantic role not derivable from filename alone.
offline_unclassified/76608.png,offline_unclassified,low,Numeric offline cache resource; semantic role not derivable from filename alone.
offline_unclassified/76609.png,offline_unclassified,low,Numeric offline cache resource; semantic role not derivable from filename alone.
offline_unclassified/76698.png,offline_unclassified,low,Numeric offline cache resource; semantic role not derivable from filename alone.
offline_unclassified/76700.png,offline_unclassified,low,Numeric offline cache resource; semantic role not derivable from filename alone.
offline_unclassified/76701.png,offline_unclassified,low,Numeric offline cache resource; semantic role not derivable from filename alone.
offline_unclassified/76702.png,offline_unclassified,low,Numeric offline cache resource; semantic role not derivable from filename alone.
offline_unclassified/76703.png,offline_unclassified,low,Numeric offline cache resource; semantic role not derivable from filename alone.
offline_unclassified/76704.png,offline_unclassified,low,Numeric offline cache resource; semantic role not derivable from filename alone.
offline_unclassified/76705.png,offline_unclassified,low,Numeric offline cache resource; semantic role not derivable from filename alone.
offline_unclassified/76706.png,offline_unclassified,low,Numeric offline cache resource; semantic role not derivable from filename alone.
offline_unclassified/76707.png,offline_unclassified,low,Numeric offline cache resource; semantic role not derivable from filename alone.
offline_unclassified/76708.png,offline_unclassified,low,Numeric offline cache resource; semantic role not derivable from filename alone.
offline_unclassified/76709.png,offline_unclassified,low,Numeric offline cache resource; semantic role not derivable from filename alone.
offline_unclassified/76798.png,offline_unclassified,low,Numeric offline cache resource; semantic role not derivable from filename alone.
offline_unclassified/77100.png,offline_unclassified,low,Numeric offline cache resource; semantic role not derivable from filename alone.
offline_unclassified/77101.png,offline_unclassified,low,Numeric offline cache resource; semantic role not derivable from filename alone.
offline_unclassified/77102.png,offline_unclassified,low,Numeric offline cache resource; semantic role not derivable from filename alone.
offline_unclassified/77103.png,offline_unclassified,low,Numeric offline cache resource; semantic role not derivable from filename alone.
offline_unclassified/77104.png,offline_unclassified,low,Numeric offline cache resource; semantic role not derivable from filename alone.
offline_unclassified/77105.png,offline_unclassified,low,Numeric offline cache resource; semantic role not derivable from filename alone.
offline_unclassified/77106.png,offline_unclassified,low,Numeric offline cache resource; semantic role not derivable from filename alone.
offline_unclassified/77107.png,offline_unclassified,low,Numeric offline cache resource; semantic role not derivable from filename alone.
offline_unclassified/77108.png,offline_unclassified,low,Numeric offline cache resource; semantic role not derivable from filename alone.
offline_unclassified/77109.png,offline_unclassified,low,Numeric offline cache resource; semantic role not derivable from filename alone.
offline_unclassified/77198.png,offline_unclassified,low,Numeric offline cache resource; semantic role not derivable from filename alone.
offline_unclassified/77400.png,offline_unclassified,low,Numeric offline cache resource; semantic role not derivable from filename alone.
offline_unclassified/77401.png,offline_unclassified,low,Numeric offline cache resource; semantic role not derivable from filename alone.
offline_unclassified/77402.png,offline_unclassified,low,Numeric offline cache resource; semantic role not derivable from filename alone.
offline_unclassified/77403.png,offline_unclassified,low,Numeric offline cache resource; semantic role not derivable from filename alone.
offline_unclassified/77404.png,offline_unclassified,low,Numeric offline cache resource; semantic role not derivable from filename alone.
offline_unclassified/77405.png,offline_unclassified,low,Numeric offline cache resource; semantic role not derivable from filename alone.
offline_unclassified/77406.png,offline_unclassified,low,Numeric offline cache resource; semantic role not derivable from filename alone.
offline_unclassified/77407.png,offline_unclassified,low,Numeric offline cache resource; semantic role not derivable from filename alone.
offline_unclassified/77408.png,offline_unclassified,low,Numeric offline cache resource; semantic role not derivable from filename alone.
offline_unclassified/77409.png,offline_unclassified,low,Numeric offline cache resource; semantic role not derivable from filename alone.
offline_unclassified/77498.png,offline_unclassified,low,Numeric offline cache resource; semantic role not derivable from filename alone.
offline_unclassified/77500.png,offline_unclassified,low,Numeric offline cache resource; semantic role not derivable from filename alone.
offline_unclassified/77501.png,offline_unclassified,low,Numeric offline cache resource; semantic role not derivable from filename alone.
offline_unclassified/77502.png,offline_unclassified,low,Numeric offline cache resource; semantic role not derivable from filename alone.
offline_unclassified/77503.png,offline_unclassified,low,Numeric offline cache resource; semantic role not derivable from filename alone.
offline_unclassified/77504.png,offline_unclassified,low,Numeric offline cache resource; semantic role not derivable from filename alone.
offline_unclassified/77505.png,offline_unclassified,low,Numeric offline cache resource; semantic role not derivable from filename alone.
offline_unclassified/77506.png,offline_unclassified,low,Numeric offline cache resource; semantic role not derivable from filename alone.
offline_unclassified/77507.png,offline_unclassified,low,Numeric offline cache resource; semantic role not derivable from filename alone.
offline_unclassified/77508.png,offline_unclassified,low,Numeric offline cache resource; semantic role not derivable from filename alone.
offline_unclassified/77509.png,offline_unclassified,low,Numeric offline cache resource; semantic role not derivable from filename alone.
offline_unclassified/77598.png,offline_unclassified,low,Numeric offline cache resource; semantic role not derivable from filename alone.
offline_unclassified/78000.png,offline_unclassified,low,Numeric offline cache resource; semantic role not derivable from filename alone.
offline_unclassified/78001.png,offline_unclassified,low,Numeric offline cache resource; semantic role not derivable from filename alone.
offline_unclassified/78002.png,offline_unclassified,low,Numeric offline cache resource; semantic role not derivable from filename alone.
offline_unclassified/78003.png,offline_unclassified,low,Numeric offline cache resource; semantic role not derivable from filename alone.
offline_unclassified/78004.png,offline_unclassified,low,Numeric offline cache resource; semantic role not derivable from filename alone.
offline_unclassified/78005.png,offline_unclassified,low,Numeric offline cache resource; semantic role not derivable from filename alone.
offline_unclassified/78006.png,offline_unclassified,low,Numeric offline cache resource; semantic role not derivable from filename alone.
offline_unclassified/78007.png,offline_unclassified,low,Numeric offline cache resource; semantic role not derivable from filename alone.
offline_unclassified/78008.png,offline_unclassified,low,Numeric offline cache resource; semantic role not derivable from filename alone.
offline_unclassified/78009.png,offline_unclassified,low,Numeric offline cache resource; semantic role not derivable from filename alone.
offline_unclassified/78098.png,offline_unclassified,low,Numeric offline cache resource; semantic role not derivable from filename alone.
offline_unclassified/78100.png,offline_unclassified,low,Numeric offline cache resource; semantic role not derivable from filename alone.
offline_unclassified/78101.png,offline_unclassified,low,Numeric offline cache resource; semantic role not derivable from filename alone.
offline_unclassified/78102.png,offline_unclassified,low,Numeric offline cache resource; semantic role not derivable from filename alone.
offline_unclassified/78103.png,offline_unclassified,low,Numeric offline cache resource; semantic role not derivable from filename alone.
offline_unclassified/78104.png,offline_unclassified,low,Numeric offline cache resource; semantic role not derivable from filename alone.
offline_unclassified/78105.png,offline_unclassified,low,Numeric offline cache resource; semantic role not derivable from filename alone.
offline_unclassified/78106.png,offline_unclassified,low,Numeric offline cache resource; semantic role not derivable from filename alone.
offline_unclassified/78107.png,offline_unclassified,low,Numeric offline cache resource; semantic role not derivable from filename alone.
offline_unclassified/78108.png,offline_unclassified,low,Numeric offline cache resource; semantic role not derivable from filename alone.
offline_unclassified/78109.png,offline_unclassified,low,Numeric offline cache resource; semantic role not derivable from filename alone.
offline_unclassified/78198.png,offline_unclassified,low,Numeric offline cache resource; semantic role not derivable from filename alone.
offline_unclassified/78200.png,offline_unclassified,low,Numeric offline cache resource; semantic role not derivable from filename alone.
offline_unclassified/78201.png,offline_unclassified,low,Numeric offline cache resource; semantic role not derivable from filename alone.
offline_unclassified/78202.png,offline_unclassified,low,Numeric offline cache resource; semantic role not derivable from filename alone.
offline_unclassified/78203.png,offline_unclassified,low,Numeric offline cache resource; semantic role not derivable from filename alone.
offline_unclassified/78204.png,offline_unclassified,low,Numeric offline cache resource; semantic role not derivable from filename alone.
offline_unclassified/78205.png,offline_unclassified,low,Numeric offline cache resource; semantic role not derivable from filename alone.
offline_unclassified/78206.png,offline_unclassified,low,Numeric offline cache resource; semantic role not derivable from filename alone.
offline_unclassified/78207.png,offline_unclassified,low,Numeric offline cache resource; semantic role not derivable from filename alone.
offline_unclassified/78208.png,offline_unclassified,low,Numeric offline cache resource; semantic role not derivable from filename alone.
offline_unclassified/78209.png,offline_unclassified,low,Numeric offline cache resource; semantic role not derivable from filename alone.
offline_unclassified/78298.png,offline_unclassified,low,Numeric offline cache resource; semantic role not derivable from filename alone.
offline_unclassified/78300.png,offline_unclassified,low,Numeric offline cache resource; semantic role not derivable from filename alone.
offline_unclassified/78301.png,offline_unclassified,low,Numeric offline cache resource; semantic role not derivable from filename alone.
offline_unclassified/78302.png,offline_unclassified,low,Numeric offline cache resource; semantic role not derivable from filename alone.
offline_unclassified/78303.png,offline_unclassified,low,Numeric offline cache resource; semantic role not derivable from filename alone.
offline_unclassified/78304.png,offline_unclassified,low,Numeric offline cache resource; semantic role not derivable from filename alone.
offline_unclassified/78305.png,offline_unclassified,low,Numeric offline cache resource; semantic role not derivable from filename alone.
offline_unclassified/78306.png,offline_unclassified,low,Numeric offline cache resource; semantic role not derivable from filename alone.
offline_unclassified/78307.png,offline_unclassified,low,Numeric offline cache resource; semantic role not derivable from filename alone.
offline_unclassified/78308.png,offline_unclassified,low,Numeric offline cache resource; semantic role not derivable from filename alone.
offline_unclassified/78309.png,offline_unclassified,low,Numeric offline cache resource; semantic role not derivable from filename alone.
offline_unclassified/78398.png,offline_unclassified,low,Numeric offline cache resource; semantic role not derivable from filename alone.
offline_unclassified/80000.png,offline_unclassified,low,Numeric offline cache resource; semantic role not derivable from filename alone.
offline_unclassified/80001.png,offline_unclassified,low,Numeric offline cache resource; semantic role not derivable from filename alone.
offline_unclassified/80002.png,offline_unclassified,low,Numeric offline cache resource; semantic role not derivable from filename alone.
offline_unclassified/80003.png,offline_unclassified,low,Numeric offline cache resource; semantic role not derivable from filename alone.
offline_unclassified/80004.png,offline_unclassified,low,Numeric offline cache resource; semantic role not derivable from filename alone.
offline_unclassified/80005.png,offline_unclassified,low,Numeric offline cache resource; semantic role not derivable from filename alone.
offline_unclassified/80006.png,offline_unclassified,low,Numeric offline cache resource; semantic role not derivable from filename alone.
offline_unclassified/80007.png,offline_unclassified,low,Numeric offline cache resource; semantic role not derivable from filename alone.
offline_unclassified/80008.png,offline_unclassified,low,Numeric offline cache resource; semantic role not derivable from filename alone.
offline_unclassified/80009.png,offline_unclassified,low,Numeric offline cache resource; semantic role not derivable from filename alone.
offline_unclassified/80098.png,offline_unclassified,low,Numeric offline cache resource; semantic role not derivable from filename alone.
offline_unclassified/80200.png,offline_unclassified,low,Numeric offline cache resource; semantic role not derivable from filename alone.
offline_unclassified/80201.png,offline_unclassified,low,Numeric offline cache resource; semantic role not derivable from filename alone.
offline_unclassified/80202.png,offline_unclassified,low,Numeric offline cache resource; semantic role not derivable from filename alone.
offline_unclassified/80203.png,offline_unclassified,low,Numeric offline cache resource; semantic role not derivable from filename alone.
offline_unclassified/80204.png,offline_unclassified,low,Numeric offline cache resource; semantic role not derivable from filename alone.
offline_unclassified/80205.png,offline_unclassified,low,Numeric offline cache resource; semantic role not derivable from filename alone.
offline_unclassified/80206.png,offline_unclassified,low,Numeric offline cache resource; semantic role not derivable from filename alone.
offline_unclassified/80207.png,offline_unclassified,low,Numeric offline cache resource; semantic role not derivable from filename alone.
offline_unclassified/80208.png,offline_unclassified,low,Numeric offline cache resource; semantic role not derivable from filename alone.
offline_unclassified/80209.png,offline_unclassified,low,Numeric offline cache resource; semantic role not derivable from filename alone.
offline_unclassified/80298.png,offline_unclassified,low,Numeric offline cache resource; semantic role not derivable from filename alone.
offline_unclassified/80400.png,offline_unclassified,low,Numeric offline cache resource; semantic role not derivable from filename alone.
offline_unclassified/80401.png,offline_unclassified,low,Numeric offline cache resource; semantic role not derivable from filename alone.
offline_unclassified/80402.png,offline_unclassified,low,Numeric offline cache resource; semantic role not derivable from filename alone.
offline_unclassified/80403.png,offline_unclassified,low,Numeric offline cache resource; semantic role not derivable from filename alone.
offline_unclassified/80404.png,offline_unclassified,low,Numeric offline cache resource; semantic role not derivable from filename alone.
offline_unclassified/80405.png,offline_unclassified,low,Numeric offline cache resource; semantic role not derivable from filename alone.
offline_unclassified/80406.png,offline_unclassified,low,Numeric offline cache resource; semantic role not derivable from filename alone.
offline_unclassified/80407.png,offline_unclassified,low,Numeric offline cache resource; semantic role not derivable from filename alone.
offline_unclassified/80408.png,offline_unclassified,low,Numeric offline cache resource; semantic role not derivable from filename alone.
offline_unclassified/80409.png,offline_unclassified,low,Numeric offline cache resource; semantic role not derivable from filename alone.
offline_unclassified/80498.png,offline_unclassified,low,Numeric offline cache resource; semantic role not derivable from filename alone.
offline_unclassified/80600.png,offline_unclassified,low,Numeric offline cache resource; semantic role not derivable from filename alone.
offline_unclassified/80601.png,offline_unclassified,low,Numeric offline cache resource; semantic role not derivable from filename alone.
offline_unclassified/80602.png,offline_unclassified,low,Numeric offline cache resource; semantic role not derivable from filename alone.
offline_unclassified/80603.png,offline_unclassified,low,Numeric offline cache resource; semantic role not derivable from filename alone.
offline_unclassified/80604.png,offline_unclassified,low,Numeric offline cache resource; semantic role not derivable from filename alone.
offline_unclassified/80605.png,offline_unclassified,low,Numeric offline cache resource; semantic role not derivable from filename alone.
offline_unclassified/80606.png,offline_unclassified,low,Numeric offline cache resource; semantic role not derivable from filename alone.
offline_unclassified/80607.png,offline_unclassified,low,Numeric offline cache resource; semantic role not derivable from filename alone.
offline_unclassified/80608.png,offline_unclassified,low,Numeric offline cache resource; semantic role not derivable from filename alone.
offline_unclassified/80609.png,offline_unclassified,low,Numeric offline cache resource; semantic role not derivable from filename alone.
offline_unclassified/80698.png,offline_unclassified,low,Numeric offline cache resource; semantic role not derivable from filename alone.
offline_unclassified/80700.png,offline_unclassified,low,Numeric offline cache resource; semantic role not derivable from filename alone.
offline_unclassified/80701.png,offline_unclassified,low,Numeric offline cache resource; semantic role not derivable from filename alone.
offline_unclassified/80702.png,offline_unclassified,low,Numeric offline cache resource; semantic role not derivable from filename alone.
offline_unclassified/80703.png,offline_unclassified,low,Numeric offline cache resource; semantic role not derivable from filename alone.
offline_unclassified/80704.png,offline_unclassified,low,Numeric offline cache resource; semantic role not derivable from filename alone.
offline_unclassified/80705.png,offline_unclassified,low,Numeric offline cache resource; semantic role not derivable from filename alone.
offline_unclassified/80706.png,offline_unclassified,low,Numeric offline cache resource; semantic role not derivable from filename alone.
offline_unclassified/80707.png,offline_unclassified,low,Numeric offline cache resource; semantic role not derivable from filename alone.
offline_unclassified/80708.png,offline_unclassified,low,Numeric offline cache resource; semantic role not derivable from filename alone.
offline_unclassified/80709.png,offline_unclassified,low,Numeric offline cache resource; semantic role not derivable from filename alone.
offline_unclassified/80798.png,offline_unclassified,low,Numeric offline cache resource; semantic role not derivable from filename alone.
offline_unclassified/80800.png,offline_unclassified,low,Numeric offline cache resource; semantic role not derivable from filename alone.
offline_unclassified/80801.png,offline_unclassified,low,Numeric offline cache resource; semantic role not derivable from filename alone.
offline_unclassified/80802.png,offline_unclassified,low,Numeric offline cache resource; semantic role not derivable from filename alone.
offline_unclassified/80803.png,offline_unclassified,low,Numeric offline cache resource; semantic role not derivable from filename alone.
offline_unclassified/80804.png,offline_unclassified,low,Numeric offline cache resource; semantic role not derivable from filename alone.
offline_unclassified/80805.png,offline_unclassified,low,Numeric offline cache resource; semantic role not derivable from filename alone.
offline_unclassified/80806.png,offline_unclassified,low,Numeric offline cache resource; semantic role not derivable from filename alone.
offline_unclassified/80807.png,offline_unclassified,low,Numeric offline cache resource; semantic role not derivable from filename alone.
offline_unclassified/80808.png,offline_unclassified,low,Numeric offline cache resource; semantic role not derivable from filename alone.
offline_unclassified/80809.png,offline_unclassified,low,Numeric offline cache resource; semantic role not derivable from filename alone.
offline_unclassified/80898.png,offline_unclassified,low,Numeric offline cache resource; semantic role not derivable from filename alone.
offline_unclassified/81000.png,offline_unclassified,low,Numeric offline cache resource; semantic role not derivable from filename alone.
offline_unclassified/81001.png,offline_unclassified,low,Numeric offline cache resource; semantic role not derivable from filename alone.
offline_unclassified/81002.png,offline_unclassified,low,Numeric offline cache resource; semantic role not derivable from filename alone.
offline_unclassified/81003.png,offline_unclassified,low,Numeric offline cache resource; semantic role not derivable from filename alone.
offline_unclassified/81004.png,offline_unclassified,low,Numeric offline cache resource; semantic role not derivable from filename alone.
offline_unclassified/81005.png,offline_unclassified,low,Numeric offline cache resource; semantic role not derivable from filename alone.
offline_unclassified/81006.png,offline_unclassified,low,Numeric offline cache resource; semantic role not derivable from filename alone.
offline_unclassified/81007.png,offline_unclassified,low,Numeric offline cache resource; semantic role not derivable from filename alone.
offline_unclassified/81008.png,offline_unclassified,low,Numeric offline cache resource; semantic role not derivable from filename alone.
offline_unclassified/81009.png,offline_unclassified,low,Numeric offline cache resource; semantic role not derivable from filename alone.
offline_unclassified/81098.png,offline_unclassified,low,Numeric offline cache resource; semantic role not derivable from filename alone.
offline_unclassified/81100.png,offline_unclassified,low,Numeric offline cache resource; semantic role not derivable from filename alone.
offline_unclassified/81101.png,offline_unclassified,low,Numeric offline cache resource; semantic role not derivable from filename alone.
offline_unclassified/81102.png,offline_unclassified,low,Numeric offline cache resource; semantic role not derivable from filename alone.
offline_unclassified/81103.png,offline_unclassified,low,Numeric offline cache resource; semantic role not derivable from filename alone.
offline_unclassified/81104.png,offline_unclassified,low,Numeric offline cache resource; semantic role not derivable from filename alone.
offline_unclassified/81105.png,offline_unclassified,low,Numeric offline cache resource; semantic role not derivable from filename alone.
offline_unclassified/81106.png,offline_unclassified,low,Numeric offline cache resource; semantic role not derivable from filename alone.
offline_unclassified/81107.png,offline_unclassified,low,Numeric offline cache resource; semantic role not derivable from filename alone.
offline_unclassified/81108.png,offline_unclassified,low,Numeric offline cache resource; semantic role not derivable from filename alone.
offline_unclassified/81109.png,offline_unclassified,low,Numeric offline cache resource; semantic role not derivable from filename alone.
offline_unclassified/81198.png,offline_unclassified,low,Numeric offline cache resource; semantic role not derivable from filename alone.
offline_unclassified/81800.png,offline_unclassified,low,Numeric offline cache resource; semantic role not derivable from filename alone.
offline_unclassified/81801.png,offline_unclassified,low,Numeric offline cache resource; semantic role not derivable from filename alone.
offline_unclassified/81802.png,offline_unclassified,low,Numeric offline cache resource; semantic role not derivable from filename alone.
offline_unclassified/81803.png,offline_unclassified,low,Numeric offline cache resource; semantic role not derivable from filename alone.
offline_unclassified/81804.png,offline_unclassified,low,Numeric offline cache resource; semantic role not derivable from filename alone.
offline_unclassified/81805.png,offline_unclassified,low,Numeric offline cache resource; semantic role not derivable from filename alone.
offline_unclassified/81806.png,offline_unclassified,low,Numeric offline cache resource; semantic role not derivable from filename alone.
offline_unclassified/81807.png,offline_unclassified,low,Numeric offline cache resource; semantic role not derivable from filename alone.
offline_unclassified/81808.png,offline_unclassified,low,Numeric offline cache resource; semantic role not derivable from filename alone.
offline_unclassified/81809.png,offline_unclassified,low,Numeric offline cache resource; semantic role not derivable from filename alone.
offline_unclassified/81898.png,offline_unclassified,low,Numeric offline cache resource; semantic role not derivable from filename alone.
offline_unclassified/81900.png,offline_unclassified,low,Numeric offline cache resource; semantic role not derivable from filename alone.
offline_unclassified/82000.png,offline_unclassified,low,Numeric offline cache resource; semantic role not derivable from filename alone.
offline_unclassified/82001.png,offline_unclassified,low,Numeric offline cache resource; semantic role not derivable from filename alone.
offline_unclassified/82002.png,offline_unclassified,low,Numeric offline cache resource; semantic role not derivable from filename alone.
offline_unclassified/82003.png,offline_unclassified,low,Numeric offline cache resource; semantic role not derivable from filename alone.
offline_unclassified/82004.png,offline_unclassified,low,Numeric offline cache resource; semantic role not derivable from filename alone.
offline_unclassified/82005.png,offline_unclassified,low,Numeric offline cache resource; semantic role not derivable from filename alone.
offline_unclassified/82006.png,offline_unclassified,low,Numeric offline cache resource; semantic role not derivable from filename alone.
offline_unclassified/82007.png,offline_unclassified,low,Numeric offline cache resource; semantic role not derivable from filename alone.
offline_unclassified/82008.png,offline_unclassified,low,Numeric offline cache resource; semantic role not derivable from filename alone.
offline_unclassified/82009.png,offline_unclassified,low,Numeric offline cache resource; semantic role not derivable from filename alone.
offline_unclassified/82098.png,offline_unclassified,low,Numeric offline cache resource; semantic role not derivable from filename alone.
offline_unclassified/82300.png,offline_unclassified,low,Numeric offline cache resource; semantic role not derivable from filename alone.
offline_unclassified/82301.png,offline_unclassified,low,Numeric offline cache resource; semantic role not derivable from filename alone.
offline_unclassified/82302.png,offline_unclassified,low,Numeric offline cache resource; semantic role not derivable from filename alone.
offline_unclassified/82303.png,offline_unclassified,low,Numeric offline cache resource; semantic role not derivable from filename alone.
offline_unclassified/82304.png,offline_unclassified,low,Numeric offline cache resource; semantic role not derivable from filename alone.
offline_unclassified/82305.png,offline_unclassified,low,Numeric offline cache resource; semantic role not derivable from filename alone.
offline_unclassified/82306.png,offline_unclassified,low,Numeric offline cache resource; semantic role not derivable from filename alone.
offline_unclassified/82307.png,offline_unclassified,low,Numeric offline cache resource; semantic role not derivable from filename alone.
offline_unclassified/82308.png,offline_unclassified,low,Numeric offline cache resource; semantic role not derivable from filename alone.
offline_unclassified/82309.png,offline_unclassified,low,Numeric offline cache resource; semantic role not derivable from filename alone.
offline_unclassified/82398.png,offline_unclassified,low,Numeric offline cache resource; semantic role not derivable from filename alone.
offline_unclassified/82600.png,offline_unclassified,low,Numeric offline cache resource; semantic role not derivable from filename alone.
offline_unclassified/82601.png,offline_unclassified,low,Numeric offline cache resource; semantic role not derivable from filename alone.
offline_unclassified/82602.png,offline_unclassified,low,Numeric offline cache resource; semantic role not derivable from filename alone.
offline_unclassified/82603.png,offline_unclassified,low,Numeric offline cache resource; semantic role not derivable from filename alone.
offline_unclassified/82604.png,offline_unclassified,low,Numeric offline cache resource; semantic role not derivable from filename alone.
offline_unclassified/82605.png,offline_unclassified,low,Numeric offline cache resource; semantic role not derivable from filename alone.
offline_unclassified/82606.png,offline_unclassified,low,Numeric offline cache resource; semantic role not derivable from filename alone.
offline_unclassified/82607.png,offline_unclassified,low,Numeric offline cache resource; semantic role not derivable from filename alone.
offline_unclassified/82608.png,offline_unclassified,low,Numeric offline cache resource; semantic role not derivable from filename alone.
offline_unclassified/82609.png,offline_unclassified,low,Numeric offline cache resource; semantic role not derivable from filename alone.
offline_unclassified/82698.png,offline_unclassified,low,Numeric offline cache resource; semantic role not derivable from filename alone.
offline_unclassified/82700.png,offline_unclassified,low,Numeric offline cache resource; semantic role not derivable from filename alone.
offline_unclassified/82701.png,offline_unclassified,low,Numeric offline cache resource; semantic role not derivable from filename alone.
offline_unclassified/82702.png,offline_unclassified,low,Numeric offline cache resource; semantic role not derivable from filename alone.
offline_unclassified/82703.png,offline_unclassified,low,Numeric offline cache resource; semantic role not derivable from filename alone.
offline_unclassified/82704.png,offline_unclassified,low,Numeric offline cache resource; semantic role not derivable from filename alone.
offline_unclassified/82705.png,offline_unclassified,low,Numeric offline cache resource; semantic role not derivable from filename alone.
offline_unclassified/82706.png,offline_unclassified,low,Numeric offline cache resource; semantic role not derivable from filename alone.
offline_unclassified/82707.png,offline_unclassified,low,Numeric offline cache resource; semantic role not derivable from filename alone.
offline_unclassified/82708.png,offline_unclassified,low,Numeric offline cache resource; semantic role not derivable from filename alone.
offline_unclassified/82709.png,offline_unclassified,low,Numeric offline cache resource; semantic role not derivable from filename alone.
offline_unclassified/82798.png,offline_unclassified,low,Numeric offline cache resource; semantic role not derivable from filename alone.
offline_unclassified/82800.png,offline_unclassified,low,Numeric offline cache resource; semantic role not derivable from filename alone.
offline_unclassified/82801.png,offline_unclassified,low,Numeric offline cache resource; semantic role not derivable from filename alone.
offline_unclassified/82802.png,offline_unclassified,low,Numeric offline cache resource; semantic role not derivable from filename alone.
offline_unclassified/82803.png,offline_unclassified,low,Numeric offline cache resource; semantic role not derivable from filename alone.
offline_unclassified/82804.png,offline_unclassified,low,Numeric offline cache resource; semantic role not derivable from filename alone.
offline_unclassified/82805.png,offline_unclassified,low,Numeric offline cache resource; semantic role not derivable from filename alone.
offline_unclassified/82806.png,offline_unclassified,low,Numeric offline cache resource; semantic role not derivable from filename alone.
offline_unclassified/82807.png,offline_unclassified,low,Numeric offline cache resource; semantic role not derivable from filename alone.
offline_unclassified/82808.png,offline_unclassified,low,Numeric offline cache resource; semantic role not derivable from filename alone.
offline_unclassified/82809.png,offline_unclassified,low,Numeric offline cache resource; semantic role not derivable from filename alone.
offline_unclassified/82898.png,offline_unclassified,low,Numeric offline cache resource; semantic role not derivable from filename alone.
offline_unclassified/83100.png,offline_unclassified,low,Numeric offline cache resource; semantic role not derivable from filename alone.
offline_unclassified/83101.png,offline_unclassified,low,Numeric offline cache resource; semantic role not derivable from filename alone.
offline_unclassified/83102.png,offline_unclassified,low,Numeric offline cache resource; semantic role not derivable from filename alone.
offline_unclassified/83103.png,offline_unclassified,low,Numeric offline cache resource; semantic role not derivable from filename alone.
offline_unclassified/83104.png,offline_unclassified,low,Numeric offline cache resource; semantic role not derivable from filename alone.
offline_unclassified/83105.png,offline_unclassified,low,Numeric offline cache resource; semantic role not derivable from filename alone.
offline_unclassified/83106.png,offline_unclassified,low,Numeric offline cache resource; semantic role not derivable from filename alone.
offline_unclassified/83107.png,offline_unclassified,low,Numeric offline cache resource; semantic role not derivable from filename alone.
offline_unclassified/83108.png,offline_unclassified,low,Numeric offline cache resource; semantic role not derivable from filename alone.
offline_unclassified/83109.png,offline_unclassified,low,Numeric offline cache resource; semantic role not derivable from filename alone.
offline_unclassified/83198.png,offline_unclassified,low,Numeric offline cache resource; semantic role not derivable from filename alone.
offline_unclassified/83200.png,offline_unclassified,low,Numeric offline cache resource; semantic role not derivable from filename alone.
offline_unclassified/83201.png,offline_unclassified,low,Numeric offline cache resource; semantic role not derivable from filename alone.
offline_unclassified/83202.png,offline_unclassified,low,Numeric offline cache resource; semantic role not derivable from filename alone.
offline_unclassified/83203.png,offline_unclassified,low,Numeric offline cache resource; semantic role not derivable from filename alone.
offline_unclassified/83204.png,offline_unclassified,low,Numeric offline cache resource; semantic role not derivable from filename alone.
offline_unclassified/83205.png,offline_unclassified,low,Numeric offline cache resource; semantic role not derivable from filename alone.
offline_unclassified/83206.png,offline_unclassified,low,Numeric offline cache resource; semantic role not derivable from filename alone.
offline_unclassified/83207.png,offline_unclassified,low,Numeric offline cache resource; semantic role not derivable from filename alone.
offline_unclassified/83208.png,offline_unclassified,low,Numeric offline cache resource; semantic role not derivable from filename alone.
offline_unclassified/83209.png,offline_unclassified,low,Numeric offline cache resource; semantic role not derivable from filename alone.
offline_unclassified/83298.png,offline_unclassified,low,Numeric offline cache resource; semantic role not derivable from filename alone.
offline_unclassified/89000.png,offline_unclassified,low,Numeric offline cache resource; semantic role not derivable from filename alone.
offline_unclassified/89001.png,offline_unclassified,low,Numeric offline cache resource; semantic role not derivable from filename alone.
offline_unclassified/89002.png,offline_unclassified,low,Numeric offline cache resource; semantic role not derivable from filename alone.
offline_unclassified/89003.png,offline_unclassified,low,Numeric offline cache resource; semantic role not derivable from filename alone.
offline_unclassified/89004.png,offline_unclassified,low,Numeric offline cache resource; semantic role not derivable from filename alone.
offline_unclassified/89005.png,offline_unclassified,low,Numeric offline cache resource; semantic role not derivable from filename alone.
offline_unclassified/89006.png,offline_unclassified,low,Numeric offline cache resource; semantic role not derivable from filename alone.
offline_unclassified/89007.png,offline_unclassified,low,Numeric offline cache resource; semantic role not derivable from filename alone.
offline_unclassified/89008.png,offline_unclassified,low,Numeric offline cache resource; semantic role not derivable from filename alone.
offline_unclassified/89009.png,offline_unclassified,low,Numeric offline cache resource; semantic role not derivable from filename alone.
offline_unclassified/89098.png,offline_unclassified,low,Numeric offline cache resource; semantic role not derivable from filename alone.
offline_unclassified/89100.png,offline_unclassified,low,Numeric offline cache resource; semantic role not derivable from filename alone.
offline_unclassified/89101.png,offline_unclassified,low,Numeric offline cache resource; semantic role not derivable from filename alone.
offline_unclassified/89102.png,offline_unclassified,low,Numeric offline cache resource; semantic role not derivable from filename alone.
offline_unclassified/89103.png,offline_unclassified,low,Numeric offline cache resource; semantic role not derivable from filename alone.
offline_unclassified/89104.png,offline_unclassified,low,Numeric offline cache resource; semantic role not derivable from filename alone.
offline_unclassified/89105.png,offline_unclassified,low,Numeric offline cache resource; semantic role not derivable from filename alone.
offline_unclassified/89106.png,offline_unclassified,low,Numeric offline cache resource; semantic role not derivable from filename alone.
offline_unclassified/89107.png,offline_unclassified,low,Numeric offline cache resource; semantic role not derivable from filename alone.
offline_unclassified/89108.png,offline_unclassified,low,Numeric offline cache resource; semantic role not derivable from filename alone.
offline_unclassified/89109.png,offline_unclassified,low,Numeric offline cache resource; semantic role not derivable from filename alone.
offline_unclassified/89198.png,offline_unclassified,low,Numeric offline cache resource; semantic role not derivable from filename alone.
offline_unclassified/89200.png,offline_unclassified,low,Numeric offline cache resource; semantic role not derivable from filename alone.
offline_unclassified/89201.png,offline_unclassified,low,Numeric offline cache resource; semantic role not derivable from filename alone.
offline_unclassified/89202.png,offline_unclassified,low,Numeric offline cache resource; semantic role not derivable from filename alone.
offline_unclassified/89203.png,offline_unclassified,low,Numeric offline cache resource; semantic role not derivable from filename alone.
offline_unclassified/89204.png,offline_unclassified,low,Numeric offline cache resource; semantic role not derivable from filename alone.
offline_unclassified/89205.png,offline_unclassified,low,Numeric offline cache resource; semantic role not derivable from filename alone.
offline_unclassified/89206.png,offline_unclassified,low,Numeric offline cache resource; semantic role not derivable from filename alone.
offline_unclassified/89207.png,offline_unclassified,low,Numeric offline cache resource; semantic role not derivable from filename alone.
offline_unclassified/89208.png,offline_unclassified,low,Numeric offline cache resource; semantic role not derivable from filename alone.
offline_unclassified/89209.png,offline_unclassified,low,Numeric offline cache resource; semantic role not derivable from filename alone.
offline_unclassified/89298.png,offline_unclassified,low,Numeric offline cache resource; semantic role not derivable from filename alone.
offline_unclassified/89300.png,offline_unclassified,low,Numeric offline cache resource; semantic role not derivable from filename alone.
offline_unclassified/89301.png,offline_unclassified,low,Numeric offline cache resource; semantic role not derivable from filename alone.
offline_unclassified/89302.png,offline_unclassified,low,Numeric offline cache resource; semantic role not derivable from filename alone.
offline_unclassified/89303.png,offline_unclassified,low,Numeric offline cache resource; semantic role not derivable from filename alone.
offline_unclassified/89304.png,offline_unclassified,low,Numeric offline cache resource; semantic role not derivable from filename alone.
offline_unclassified/89305.png,offline_unclassified,low,Numeric offline cache resource; semantic role not derivable from filename alone.
offline_unclassified/89306.png,offline_unclassified,low,Numeric offline cache resource; semantic role not derivable from filename alone.
offline_unclassified/89307.png,offline_unclassified,low,Numeric offline cache resource; semantic role not derivable from filename alone.
offline_unclassified/89308.png,offline_unclassified,low,Numeric offline cache resource; semantic role not derivable from filename alone.
offline_unclassified/89309.png,offline_unclassified,low,Numeric offline cache resource; semantic role not derivable from filename alone.
offline_unclassified/89398.png,offline_unclassified,low,Numeric offline cache resource; semantic role not derivable from filename alone.
offline_unclassified/90200.png,offline_unclassified,low,Numeric offline cache resource; semantic role not derivable from filename alone.
offline_unclassified/90201.png,offline_unclassified,low,Numeric offline cache resource; semantic role not derivable from filename alone.
offline_unclassified/90202.png,offline_unclassified,low,Numeric offline cache resource; semantic role not derivable from filename alone.
offline_unclassified/90203.png,offline_unclassified,low,Numeric offline cache resource; semantic role not derivable from filename alone.
offline_unclassified/90204.png,offline_unclassified,low,Numeric offline cache resource; semantic role not derivable from filename alone.
offline_unclassified/90205.png,offline_unclassified,low,Numeric offline cache resource; semantic role not derivable from filename alone.
offline_unclassified/90206.png,offline_unclassified,low,Numeric offline cache resource; semantic role not derivable from filename alone.
offline_unclassified/90207.png,offline_unclassified,low,Numeric offline cache resource; semantic role not derivable from filename alone.
offline_unclassified/90208.png,offline_unclassified,low,Numeric offline cache resource; semantic role not derivable from filename alone.
offline_unclassified/90209.png,offline_unclassified,low,Numeric offline cache resource; semantic role not derivable from filename alone.
offline_unclassified/90298.png,offline_unclassified,low,Numeric offline cache resource; semantic role not derivable from filename alone.
offline_unclassified/90300.png,offline_unclassified,low,Numeric offline cache resource; semantic role not derivable from filename alone.
offline_unclassified/90301.png,offline_unclassified,low,Numeric offline cache resource; semantic role not derivable from filename alone.
offline_unclassified/90302.png,offline_unclassified,low,Numeric offline cache resource; semantic role not derivable from filename alone.
offline_unclassified/90303.png,offline_unclassified,low,Numeric offline cache resource; semantic role not derivable from filename alone.
offline_unclassified/90304.png,offline_unclassified,low,Numeric offline cache resource; semantic role not derivable from filename alone.
offline_unclassified/90305.png,offline_unclassified,low,Numeric offline cache resource; semantic role not derivable from filename alone.
offline_unclassified/90306.png,offline_unclassified,low,Numeric offline cache resource; semantic role not derivable from filename alone.
offline_unclassified/90307.png,offline_unclassified,low,Numeric offline cache resource; semantic role not derivable from filename alone.
offline_unclassified/90308.png,offline_unclassified,low,Numeric offline cache resource; semantic role not derivable from filename alone.
offline_unclassified/90309.png,offline_unclassified,low,Numeric offline cache resource; semantic role not derivable from filename alone.
offline_unclassified/90398.png,offline_unclassified,low,Numeric offline cache resource; semantic role not derivable from filename alone.
offline_unclassified/90400.png,offline_unclassified,low,Numeric offline cache resource; semantic role not derivable from filename alone.
offline_unclassified/90401.png,offline_unclassified,low,Numeric offline cache resource; semantic role not derivable from filename alone.
offline_unclassified/90402.png,offline_unclassified,low,Numeric offline cache resource; semantic role not derivable from filename alone.
offline_unclassified/90403.png,offline_unclassified,low,Numeric offline cache resource; semantic role not derivable from filename alone.
offline_unclassified/90404.png,offline_unclassified,low,Numeric offline cache resource; semantic role not derivable from filename alone.
offline_unclassified/90405.png,offline_unclassified,low,Numeric offline cache resource; semantic role not derivable from filename alone.
offline_unclassified/90406.png,offline_unclassified,low,Numeric offline cache resource; semantic role not derivable from filename alone.
offline_unclassified/90407.png,offline_unclassified,low,Numeric offline cache resource; semantic role not derivable from filename alone.
offline_unclassified/90408.png,offline_unclassified,low,Numeric offline cache resource; semantic role not derivable from filename alone.
offline_unclassified/90409.png,offline_unclassified,low,Numeric offline cache resource; semantic role not derivable from filename alone.
offline_unclassified/90498.png,offline_unclassified,low,Numeric offline cache resource; semantic role not derivable from filename alone.
offline_unclassified/90800.png,offline_unclassified,low,Numeric offline cache resource; semantic role not derivable from filename alone.
offline_unclassified/90801.png,offline_unclassified,low,Numeric offline cache resource; semantic role not derivable from filename alone.
offline_unclassified/90802.png,offline_unclassified,low,Numeric offline cache resource; semantic role not derivable from filename alone.
offline_unclassified/90803.png,offline_unclassified,low,Numeric offline cache resource; semantic role not derivable from filename alone.
offline_unclassified/90804.png,offline_unclassified,low,Numeric offline cache resource; semantic role not derivable from filename alone.
offline_unclassified/90805.png,offline_unclassified,low,Numeric offline cache resource; semantic role not derivable from filename alone.
offline_unclassified/90806.png,offline_unclassified,low,Numeric offline cache resource; semantic role not derivable from filename alone.
offline_unclassified/90807.png,offline_unclassified,low,Numeric offline cache resource; semantic role not derivable from filename alone.
offline_unclassified/90808.png,offline_unclassified,low,Numeric offline cache resource; semantic role not derivable from filename alone.
offline_unclassified/90809.png,offline_unclassified,low,Numeric offline cache resource; semantic role not derivable from filename alone.
offline_unclassified/90898.png,offline_unclassified,low,Numeric offline cache resource; semantic role not derivable from filename alone.
offline_unclassified/90900.png,offline_unclassified,low,Numeric offline cache resource; semantic role not derivable from filename alone.
offline_unclassified/90901.png,offline_unclassified,low,Numeric offline cache resource; semantic role not derivable from filename alone.
offline_unclassified/90902.png,offline_unclassified,low,Numeric offline cache resource; semantic role not derivable from filename alone.
offline_unclassified/90903.png,offline_unclassified,low,Numeric offline cache resource; semantic role not derivable from filename alone.
offline_unclassified/90904.png,offline_unclassified,low,Numeric offline cache resource; semantic role not derivable from filename alone.
offline_unclassified/90905.png,offline_unclassified,low,Numeric offline cache resource; semantic role not derivable from filename alone.
offline_unclassified/90906.png,offline_unclassified,low,Numeric offline cache resource; semantic role not derivable from filename alone.
offline_unclassified/90907.png,offline_unclassified,low,Numeric offline cache resource; semantic role not derivable from filename alone.
offline_unclassified/90908.png,offline_unclassified,low,Numeric offline cache resource; semantic role not derivable from filename alone.
offline_unclassified/90909.png,offline_unclassified,low,Numeric offline cache resource; semantic role not derivable from filename alone.
offline_unclassified/90998.png,offline_unclassified,low,Numeric offline cache resource; semantic role not derivable from filename alone.
offline_unclassified/91000.png,offline_unclassified,low,Numeric offline cache resource; semantic role not derivable from filename alone.
offline_unclassified/91001.png,offline_unclassified,low,Numeric offline cache resource; semantic role not derivable from filename alone.
offline_unclassified/91002.png,offline_unclassified,low,Numeric offline cache resource; semantic role not derivable from filename alone.
offline_unclassified/91003.png,offline_unclassified,low,Numeric offline cache resource; semantic role not derivable from filename alone.
offline_unclassified/91004.png,offline_unclassified,low,Numeric offline cache resource; semantic role not derivable from filename alone.
offline_unclassified/91005.png,offline_unclassified,low,Numeric offline cache resource; semantic role not derivable from filename alone.
offline_unclassified/91006.png,offline_unclassified,low,Numeric offline cache resource; semantic role not derivable from filename alone.
offline_unclassified/91007.png,offline_unclassified,low,Numeric offline cache resource; semantic role not derivable from filename alone.
offline_unclassified/91008.png,offline_unclassified,low,Numeric offline cache resource; semantic role not derivable from filename alone.
offline_unclassified/91009.png,offline_unclassified,low,Numeric offline cache resource; semantic role not derivable from filename alone.
offline_unclassified/91098.png,offline_unclassified,low,Numeric offline cache resource; semantic role not derivable from filename alone.
offline_unclassified/91100.png,offline_unclassified,low,Numeric offline cache resource; semantic role not derivable from filename alone.
offline_unclassified/91101.png,offline_unclassified,low,Numeric offline cache resource; semantic role not derivable from filename alone.
offline_unclassified/91102.png,offline_unclassified,low,Numeric offline cache resource; semantic role not derivable from filename alone.
offline_unclassified/91103.png,offline_unclassified,low,Numeric offline cache resource; semantic role not derivable from filename alone.
offline_unclassified/91104.png,offline_unclassified,low,Numeric offline cache resource; semantic role not derivable from filename alone.
offline_unclassified/91105.png,offline_unclassified,low,Numeric offline cache resource; semantic role not derivable from filename alone.
offline_unclassified/91106.png,offline_unclassified,low,Numeric offline cache resource; semantic role not derivable from filename alone.
offline_unclassified/91107.png,offline_unclassified,low,Numeric offline cache resource; semantic role not derivable from filename alone.
offline_unclassified/91108.png,offline_unclassified,low,Numeric offline cache resource; semantic role not derivable from filename alone.
offline_unclassified/91109.png,offline_unclassified,low,Numeric offline cache resource; semantic role not derivable from filename alone.
offline_unclassified/91198.png,offline_unclassified,low,Numeric offline cache resource; semantic role not derivable from filename alone.
offline_unclassified/91200.png,offline_unclassified,low,Numeric offline cache resource; semantic role not derivable from filename alone.
offline_unclassified/91201.png,offline_unclassified,low,Numeric offline cache resource; semantic role not derivable from filename alone.
offline_unclassified/91202.png,offline_unclassified,low,Numeric offline cache resource; semantic role not derivable from filename alone.
offline_unclassified/91203.png,offline_unclassified,low,Numeric offline cache resource; semantic role not derivable from filename alone.
offline_unclassified/91204.png,offline_unclassified,low,Numeric offline cache resource; semantic role not derivable from filename alone.
offline_unclassified/91205.png,offline_unclassified,low,Numeric offline cache resource; semantic role not derivable from filename alone.
offline_unclassified/91206.png,offline_unclassified,low,Numeric offline cache resource; semantic role not derivable from filename alone.
offline_unclassified/91207.png,offline_unclassified,low,Numeric offline cache resource; semantic role not derivable from filename alone.
offline_unclassified/91208.png,offline_unclassified,low,Numeric offline cache resource; semantic role not derivable from filename alone.
offline_unclassified/91209.png,offline_unclassified,low,Numeric offline cache resource; semantic role not derivable from filename alone.
offline_unclassified/91298.png,offline_unclassified,low,Numeric offline cache resource; semantic role not derivable from filename alone.
offline_unclassified/91300.png,offline_unclassified,low,Numeric offline cache resource; semantic role not derivable from filename alone.
offline_unclassified/91301.png,offline_unclassified,low,Numeric offline cache resource; semantic role not derivable from filename alone.
offline_unclassified/91302.png,offline_unclassified,low,Numeric offline cache resource; semantic role not derivable from filename alone.
offline_unclassified/91303.png,offline_unclassified,low,Numeric offline cache resource; semantic role not derivable from filename alone.
offline_unclassified/91304.png,offline_unclassified,low,Numeric offline cache resource; semantic role not derivable from filename alone.
offline_unclassified/91305.png,offline_unclassified,low,Numeric offline cache resource; semantic role not derivable from filename alone.
offline_unclassified/91306.png,offline_unclassified,low,Numeric offline cache resource; semantic role not derivable from filename alone.
offline_unclassified/91307.png,offline_unclassified,low,Numeric offline cache resource; semantic role not derivable from filename alone.
offline_unclassified/91308.png,offline_unclassified,low,Numeric offline cache resource; semantic role not derivable from filename alone.
offline_unclassified/91309.png,offline_unclassified,low,Numeric offline cache resource; semantic role not derivable from filename alone.
offline_unclassified/91398.png,offline_unclassified,low,Numeric offline cache resource; semantic role not derivable from filename alone.
offline_unclassified/92000.png,offline_unclassified,low,Numeric offline cache resource; semantic role not derivable from filename alone.
offline_unclassified/92001.png,offline_unclassified,low,Numeric offline cache resource; semantic role not derivable from filename alone.
offline_unclassified/92002.png,offline_unclassified,low,Numeric offline cache resource; semantic role not derivable from filename alone.
offline_unclassified/92003.png,offline_unclassified,low,Numeric offline cache resource; semantic role not derivable from filename alone.
offline_unclassified/92004.png,offline_unclassified,low,Numeric offline cache resource; semantic role not derivable from filename alone.
offline_unclassified/92005.png,offline_unclassified,low,Numeric offline cache resource; semantic role not derivable from filename alone.
offline_unclassified/92006.png,offline_unclassified,low,Numeric offline cache resource; semantic role not derivable from filename alone.
offline_unclassified/92007.png,offline_unclassified,low,Numeric offline cache resource; semantic role not derivable from filename alone.
offline_unclassified/92008.png,offline_unclassified,low,Numeric offline cache resource; semantic role not derivable from filename alone.
offline_unclassified/92009.png,offline_unclassified,low,Numeric offline cache resource; semantic role not derivable from filename alone.
offline_unclassified/92098.png,offline_unclassified,low,Numeric offline cache resource; semantic role not derivable from filename alone.
offline_unclassified/92400.png,offline_unclassified,low,Numeric offline cache resource; semantic role not derivable from filename alone.
offline_unclassified/92401.png,offline_unclassified,low,Numeric offline cache resource; semantic role not derivable from filename alone.
offline_unclassified/92402.png,offline_unclassified,low,Numeric offline cache resource; semantic role not derivable from filename alone.
offline_unclassified/92403.png,offline_unclassified,low,Numeric offline cache resource; semantic role not derivable from filename alone.
offline_unclassified/92404.png,offline_unclassified,low,Numeric offline cache resource; semantic role not derivable from filename alone.
offline_unclassified/92405.png,offline_unclassified,low,Numeric offline cache resource; semantic role not derivable from filename alone.
offline_unclassified/92406.png,offline_unclassified,low,Numeric offline cache resource; semantic role not derivable from filename alone.
offline_unclassified/92407.png,offline_unclassified,low,Numeric offline cache resource; semantic role not derivable from filename alone.
offline_unclassified/92408.png,offline_unclassified,low,Numeric offline cache resource; semantic role not derivable from filename alone.
offline_unclassified/92409.png,offline_unclassified,low,Numeric offline cache resource; semantic role not derivable from filename alone.
offline_unclassified/92498.png,offline_unclassified,low,Numeric offline cache resource; semantic role not derivable from filename alone.
offline_unclassified/92500.png,offline_unclassified,low,Numeric offline cache resource; semantic role not derivable from filename alone.
offline_unclassified/92501.png,offline_unclassified,low,Numeric offline cache resource; semantic role not derivable from filename alone.
offline_unclassified/92502.png,offline_unclassified,low,Numeric offline cache resource; semantic role not derivable from filename alone.
offline_unclassified/92503.png,offline_unclassified,low,Numeric offline cache resource; semantic role not derivable from filename alone.
offline_unclassified/92504.png,offline_unclassified,low,Numeric offline cache resource; semantic role not derivable from filename alone.
offline_unclassified/92505.png,offline_unclassified,low,Numeric offline cache resource; semantic role not derivable from filename alone.
offline_unclassified/92506.png,offline_unclassified,low,Numeric offline cache resource; semantic role not derivable from filename alone.
offline_unclassified/92507.png,offline_unclassified,low,Numeric offline cache resource; semantic role not derivable from filename alone.
offline_unclassified/92508.png,offline_unclassified,low,Numeric offline cache resource; semantic role not derivable from filename alone.
offline_unclassified/92509.png,offline_unclassified,low,Numeric offline cache resource; semantic role not derivable from filename alone.
offline_unclassified/92598.png,offline_unclassified,low,Numeric offline cache resource; semantic role not derivable from filename alone.
offline_unclassified/94000.png,offline_unclassified,low,Numeric offline cache resource; semantic role not derivable from filename alone.
offline_unclassified/94001.png,offline_unclassified,low,Numeric offline cache resource; semantic role not derivable from filename alone.
offline_unclassified/94002.png,offline_unclassified,low,Numeric offline cache resource; semantic role not derivable from filename alone.
offline_unclassified/94003.png,offline_unclassified,low,Numeric offline cache resource; semantic role not derivable from filename alone.
offline_unclassified/94004.png,offline_unclassified,low,Numeric offline cache resource; semantic role not derivable from filename alone.
offline_unclassified/94005.png,offline_unclassified,low,Numeric offline cache resource; semantic role not derivable from filename alone.
offline_unclassified/94006.png,offline_unclassified,low,Numeric offline cache resource; semantic role not derivable from filename alone.
offline_unclassified/94007.png,offline_unclassified,low,Numeric offline cache resource; semantic role not derivable from filename alone.
offline_unclassified/94008.png,offline_unclassified,low,Numeric offline cache resource; semantic role not derivable from filename alone.
offline_unclassified/94009.png,offline_unclassified,low,Numeric offline cache resource; semantic role not derivable from filename alone.
offline_unclassified/94098.png,offline_unclassified,low,Numeric offline cache resource; semantic role not derivable from filename alone.
offline_unclassified/94100.png,offline_unclassified,low,Numeric offline cache resource; semantic role not derivable from filename alone.
offline_unclassified/94101.png,offline_unclassified,low,Numeric offline cache resource; semantic role not derivable from filename alone.
offline_unclassified/94102.png,offline_unclassified,low,Numeric offline cache resource; semantic role not derivable from filename alone.
offline_unclassified/94103.png,offline_unclassified,low,Numeric offline cache resource; semantic role not derivable from filename alone.
offline_unclassified/94104.png,offline_unclassified,low,Numeric offline cache resource; semantic role not derivable from filename alone.
offline_unclassified/94105.png,offline_unclassified,low,Numeric offline cache resource; semantic role not derivable from filename alone.
offline_unclassified/94106.png,offline_unclassified,low,Numeric offline cache resource; semantic role not derivable from filename alone.
offline_unclassified/94107.png,offline_unclassified,low,Numeric offline cache resource; semantic role not derivable from filename alone.
offline_unclassified/94108.png,offline_unclassified,low,Numeric offline cache resource; semantic role not derivable from filename alone.
offline_unclassified/94109.png,offline_unclassified,low,Numeric offline cache resource; semantic role not derivable from filename alone.
offline_unclassified/94198.png,offline_unclassified,low,Numeric offline cache resource; semantic role not derivable from filename alone.
offline_unclassified/94200.png,offline_unclassified,low,Numeric offline cache resource; semantic role not derivable from filename alone.
offline_unclassified/94201.png,offline_unclassified,low,Numeric offline cache resource; semantic role not derivable from filename alone.
offline_unclassified/94202.png,offline_unclassified,low,Numeric offline cache resource; semantic role not derivable from filename alone.
offline_unclassified/94203.png,offline_unclassified,low,Numeric offline cache resource; semantic role not derivable from filename alone.
offline_unclassified/94204.png,offline_unclassified,low,Numeric offline cache resource; semantic role not derivable from filename alone.
offline_unclassified/94205.png,offline_unclassified,low,Numeric offline cache resource; semantic role not derivable from filename alone.
offline_unclassified/94206.png,offline_unclassified,low,Numeric offline cache resource; semantic role not derivable from filename alone.
offline_unclassified/94207.png,offline_unclassified,low,Numeric offline cache resource; semantic role not derivable from filename alone.
offline_unclassified/94208.png,offline_unclassified,low,Numeric offline cache resource; semantic role not derivable from filename alone.
offline_unclassified/94209.png,offline_unclassified,low,Numeric offline cache resource; semantic role not derivable from filename alone.
offline_unclassified/94298.png,offline_unclassified,low,Numeric offline cache resource; semantic role not derivable from filename alone.
offline_unclassified/94300.png,offline_unclassified,low,Numeric offline cache resource; semantic role not derivable from filename alone.
offline_unclassified/94301.png,offline_unclassified,low,Numeric offline cache resource; semantic role not derivable from filename alone.
offline_unclassified/94302.png,offline_unclassified,low,Numeric offline cache resource; semantic role not derivable from filename alone.
offline_unclassified/94303.png,offline_unclassified,low,Numeric offline cache resource; semantic role not derivable from filename alone.
offline_unclassified/94304.png,offline_unclassified,low,Numeric offline cache resource; semantic role not derivable from filename alone.
offline_unclassified/94305.png,offline_unclassified,low,Numeric offline cache resource; semantic role not derivable from filename alone.
offline_unclassified/94306.png,offline_unclassified,low,Numeric offline cache resource; semantic role not derivable from filename alone.
offline_unclassified/94307.png,offline_unclassified,low,Numeric offline cache resource; semantic role not derivable from filename alone.
offline_unclassified/94308.png,offline_unclassified,low,Numeric offline cache resource; semantic role not derivable from filename alone.
offline_unclassified/94309.png,offline_unclassified,low,Numeric offline cache resource; semantic role not derivable from filename alone.
offline_unclassified/94398.png,offline_unclassified,low,Numeric offline cache resource; semantic role not derivable from filename alone.
offline_unclassified/95200.png,offline_unclassified,low,Numeric offline cache resource; semantic role not derivable from filename alone.
offline_unclassified/95201.png,offline_unclassified,low,Numeric offline cache resource; semantic role not derivable from filename alone.
offline_unclassified/95202.png,offline_unclassified,low,Numeric offline cache resource; semantic role not derivable from filename alone.
offline_unclassified/95203.png,offline_unclassified,low,Numeric offline cache resource; semantic role not derivable from filename alone.
offline_unclassified/95204.png,offline_unclassified,low,Numeric offline cache resource; semantic role not derivable from filename alone.
offline_unclassified/95205.png,offline_unclassified,low,Numeric offline cache resource; semantic role not derivable from filename alone.
offline_unclassified/95206.png,offline_unclassified,low,Numeric offline cache resource; semantic role not derivable from filename alone.
offline_unclassified/95207.png,offline_unclassified,low,Numeric offline cache resource; semantic role not derivable from filename alone.
offline_unclassified/95208.png,offline_unclassified,low,Numeric offline cache resource; semantic role not derivable from filename alone.
offline_unclassified/95209.png,offline_unclassified,low,Numeric offline cache resource; semantic role not derivable from filename alone.
offline_unclassified/95298.png,offline_unclassified,low,Numeric offline cache resource; semantic role not derivable from filename alone.
offline_unclassified/95400.png,offline_unclassified,low,Numeric offline cache resource; semantic role not derivable from filename alone.
offline_unclassified/95401.png,offline_unclassified,low,Numeric offline cache resource; semantic role not derivable from filename alone.
offline_unclassified/95402.png,offline_unclassified,low,Numeric offline cache resource; semantic role not derivable from filename alone.
offline_unclassified/95403.png,offline_unclassified,low,Numeric offline cache resource; semantic role not derivable from filename alone.
offline_unclassified/95404.png,offline_unclassified,low,Numeric offline cache resource; semantic role not derivable from filename alone.
offline_unclassified/95405.png,offline_unclassified,low,Numeric offline cache resource; semantic role not derivable from filename alone.
offline_unclassified/95406.png,offline_unclassified,low,Numeric offline cache resource; semantic role not derivable from filename alone.
offline_unclassified/95407.png,offline_unclassified,low,Numeric offline cache resource; semantic role not derivable from filename alone.
offline_unclassified/95408.png,offline_unclassified,low,Numeric offline cache resource; semantic role not derivable from filename alone.
offline_unclassified/95409.png,offline_unclassified,low,Numeric offline cache resource; semantic role not derivable from filename alone.
offline_unclassified/95498.png,offline_unclassified,low,Numeric offline cache resource; semantic role not derivable from filename alone.
offline_unclassified/95500.png,offline_unclassified,low,Numeric offline cache resource; semantic role not derivable from filename alone.
offline_unclassified/95501.png,offline_unclassified,low,Numeric offline cache resource; semantic role not derivable from filename alone.
offline_unclassified/95502.png,offline_unclassified,low,Numeric offline cache resource; semantic role not derivable from filename alone.
offline_unclassified/95503.png,offline_unclassified,low,Numeric offline cache resource; semantic role not derivable from filename alone.
offline_unclassified/95504.png,offline_unclassified,low,Numeric offline cache resource; semantic role not derivable from filename alone.
offline_unclassified/95505.png,offline_unclassified,low,Numeric offline cache resource; semantic role not derivable from filename alone.
offline_unclassified/95506.png,offline_unclassified,low,Numeric offline cache resource; semantic role not derivable from filename alone.
offline_unclassified/95507.png,offline_unclassified,low,Numeric offline cache resource; semantic role not derivable from filename alone.
offline_unclassified/95508.png,offline_unclassified,low,Numeric offline cache resource; semantic role not derivable from filename alone.
offline_unclassified/95509.png,offline_unclassified,low,Numeric offline cache resource; semantic role not derivable from filename alone.
offline_unclassified/95598.png,offline_unclassified,low,Numeric offline cache resource; semantic role not derivable from filename alone.
offline_unclassified/95700.png,offline_unclassified,low,Numeric offline cache resource; semantic role not derivable from filename alone.
offline_unclassified/95701.png,offline_unclassified,low,Numeric offline cache resource; semantic role not derivable from filename alone.
offline_unclassified/95702.png,offline_unclassified,low,Numeric offline cache resource; semantic role not derivable from filename alone.
offline_unclassified/95703.png,offline_unclassified,low,Numeric offline cache resource; semantic role not derivable from filename alone.
offline_unclassified/95704.png,offline_unclassified,low,Numeric offline cache resource; semantic role not derivable from filename alone.
offline_unclassified/95705.png,offline_unclassified,low,Numeric offline cache resource; semantic role not derivable from filename alone.
offline_unclassified/95706.png,offline_unclassified,low,Numeric offline cache resource; semantic role not derivable from filename alone.
offline_unclassified/95707.png,offline_unclassified,low,Numeric offline cache resource; semantic role not derivable from filename alone.
offline_unclassified/95708.png,offline_unclassified,low,Numeric offline cache resource; semantic role not derivable from filename alone.
offline_unclassified/95709.png,offline_unclassified,low,Numeric offline cache resource; semantic role not derivable from filename alone.
offline_unclassified/95798.png,offline_unclassified,low,Numeric offline cache resource; semantic role not derivable from filename alone.
offline_unclassified/95800.png,offline_unclassified,low,Numeric offline cache resource; semantic role not derivable from filename alone.
offline_unclassified/95801.png,offline_unclassified,low,Numeric offline cache resource; semantic role not derivable from filename alone.
offline_unclassified/95802.png,offline_unclassified,low,Numeric offline cache resource; semantic role not derivable from filename alone.
offline_unclassified/95803.png,offline_unclassified,low,Numeric offline cache resource; semantic role not derivable from filename alone.
offline_unclassified/95804.png,offline_unclassified,low,Numeric offline cache resource; semantic role not derivable from filename alone.
offline_unclassified/95805.png,offline_unclassified,low,Numeric offline cache resource; semantic role not derivable from filename alone.
offline_unclassified/95806.png,offline_unclassified,low,Numeric offline cache resource; semantic role not derivable from filename alone.
offline_unclassified/95807.png,offline_unclassified,low,Numeric offline cache resource; semantic role not derivable from filename alone.
offline_unclassified/95808.png,offline_unclassified,low,Numeric offline cache resource; semantic role not derivable from filename alone.
offline_unclassified/95809.png,offline_unclassified,low,Numeric offline cache resource; semantic role not derivable from filename alone.
offline_unclassified/95898.png,offline_unclassified,low,Numeric offline cache resource; semantic role not derivable from filename alone.
offline_unclassified/95900.png,offline_unclassified,low,Numeric offline cache resource; semantic role not derivable from filename alone.
offline_unclassified/95901.png,offline_unclassified,low,Numeric offline cache resource; semantic role not derivable from filename alone.
offline_unclassified/95902.png,offline_unclassified,low,Numeric offline cache resource; semantic role not derivable from filename alone.
offline_unclassified/95903.png,offline_unclassified,low,Numeric offline cache resource; semantic role not derivable from filename alone.
offline_unclassified/95904.png,offline_unclassified,low,Numeric offline cache resource; semantic role not derivable from filename alone.
offline_unclassified/95905.png,offline_unclassified,low,Numeric offline cache resource; semantic role not derivable from filename alone.
offline_unclassified/95906.png,offline_unclassified,low,Numeric offline cache resource; semantic role not derivable from filename alone.
offline_unclassified/95907.png,offline_unclassified,low,Numeric offline cache resource; semantic role not derivable from filename alone.
offline_unclassified/95908.png,offline_unclassified,low,Numeric offline cache resource; semantic role not derivable from filename alone.
offline_unclassified/95909.png,offline_unclassified,low,Numeric offline cache resource; semantic role not derivable from filename alone.
offline_unclassified/95998.png,offline_unclassified,low,Numeric offline cache resource; semantic role not derivable from filename alone.
offline_unclassified/96000.png,offline_unclassified,low,Numeric offline cache resource; semantic role not derivable from filename alone.
offline_unclassified/96001.png,offline_unclassified,low,Numeric offline cache resource; semantic role not derivable from filename alone.
offline_unclassified/96002.png,offline_unclassified,low,Numeric offline cache resource; semantic role not derivable from filename alone.
offline_unclassified/96003.png,offline_unclassified,low,Numeric offline cache resource; semantic role not derivable from filename alone.
offline_unclassified/96004.png,offline_unclassified,low,Numeric offline cache resource; semantic role not derivable from filename alone.
offline_unclassified/96005.png,offline_unclassified,low,Numeric offline cache resource; semantic role not derivable from filename alone.
offline_unclassified/96006.png,offline_unclassified,low,Numeric offline cache resource; semantic role not derivable from filename alone.
offline_unclassified/96007.png,offline_unclassified,low,Numeric offline cache resource; semantic role not derivable from filename alone.
offline_unclassified/96008.png,offline_unclassified,low,Numeric offline cache resource; semantic role not derivable from filename alone.
offline_unclassified/96009.png,offline_unclassified,low,Numeric offline cache resource; semantic role not derivable from filename alone.
offline_unclassified/96098.png,offline_unclassified,low,Numeric offline cache resource; semantic role not derivable from filename alone.
offline_unclassified/96100.png,offline_unclassified,low,Numeric offline cache resource; semantic role not derivable from filename alone.
offline_unclassified/96101.png,offline_unclassified,low,Numeric offline cache resource; semantic role not derivable from filename alone.
offline_unclassified/96102.png,offline_unclassified,low,Numeric offline cache resource; semantic role not derivable from filename alone.
offline_unclassified/96103.png,offline_unclassified,low,Numeric offline cache resource; semantic role not derivable from filename alone.
offline_unclassified/96104.png,offline_unclassified,low,Numeric offline cache resource; semantic role not derivable from filename alone.
offline_unclassified/96105.png,offline_unclassified,low,Numeric offline cache resource; semantic role not derivable from filename alone.
offline_unclassified/96106.png,offline_unclassified,low,Numeric offline cache resource; semantic role not derivable from filename alone.
offline_unclassified/96107.png,offline_unclassified,low,Numeric offline cache resource; semantic role not derivable from filename alone.
offline_unclassified/96108.png,offline_unclassified,low,Numeric offline cache resource; semantic role not derivable from filename alone.
offline_unclassified/96109.png,offline_unclassified,low,Numeric offline cache resource; semantic role not derivable from filename alone.
offline_unclassified/96198.png,offline_unclassified,low,Numeric offline cache resource; semantic role not derivable from filename alone.
offline_unclassified/96200.png,offline_unclassified,low,Numeric offline cache resource; semantic role not derivable from filename alone.
offline_unclassified/96201.png,offline_unclassified,low,Numeric offline cache resource; semantic role not derivable from filename alone.
offline_unclassified/96202.png,offline_unclassified,low,Numeric offline cache resource; semantic role not derivable from filename alone.
offline_unclassified/96203.png,offline_unclassified,low,Numeric offline cache resource; semantic role not derivable from filename alone.
offline_unclassified/96204.png,offline_unclassified,low,Numeric offline cache resource; semantic role not derivable from filename alone.
offline_unclassified/96205.png,offline_unclassified,low,Numeric offline cache resource; semantic role not derivable from filename alone.
offline_unclassified/96206.png,offline_unclassified,low,Numeric offline cache resource; semantic role not derivable from filename alone.
offline_unclassified/96207.png,offline_unclassified,low,Numeric offline cache resource; semantic role not derivable from filename alone.
offline_unclassified/96208.png,offline_unclassified,low,Numeric offline cache resource; semantic role not derivable from filename alone.
offline_unclassified/96209.png,offline_unclassified,low,Numeric offline cache resource; semantic role not derivable from filename alone.
offline_unclassified/96298.png,offline_unclassified,low,Numeric offline cache resource; semantic role not derivable from filename alone.
offline_unclassified/96300.png,offline_unclassified,low,Numeric offline cache resource; semantic role not derivable from filename alone.
offline_unclassified/96301.png,offline_unclassified,low,Numeric offline cache resource; semantic role not derivable from filename alone.
offline_unclassified/96302.png,offline_unclassified,low,Numeric offline cache resource; semantic role not derivable from filename alone.
offline_unclassified/96303.png,offline_unclassified,low,Numeric offline cache resource; semantic role not derivable from filename alone.
offline_unclassified/96304.png,offline_unclassified,low,Numeric offline cache resource; semantic role not derivable from filename alone.
offline_unclassified/96305.png,offline_unclassified,low,Numeric offline cache resource; semantic role not derivable from filename alone.
offline_unclassified/96306.png,offline_unclassified,low,Numeric offline cache resource; semantic role not derivable from filename alone.
offline_unclassified/96307.png,offline_unclassified,low,Numeric offline cache resource; semantic role not derivable from filename alone.
offline_unclassified/96308.png,offline_unclassified,low,Numeric offline cache resource; semantic role not derivable from filename alone.
offline_unclassified/96309.png,offline_unclassified,low,Numeric offline cache resource; semantic role not derivable from filename alone.
offline_unclassified/96398.png,offline_unclassified,low,Numeric offline cache resource; semantic role not derivable from filename alone.
offline_unclassified/97100.png,offline_unclassified,low,Numeric offline cache resource; semantic role not derivable from filename alone.
offline_unclassified/97101.png,offline_unclassified,low,Numeric offline cache resource; semantic role not derivable from filename alone.
offline_unclassified/97102.png,offline_unclassified,low,Numeric offline cache resource; semantic role not derivable from filename alone.
offline_unclassified/97103.png,offline_unclassified,low,Numeric offline cache resource; semantic role not derivable from filename alone.
offline_unclassified/97104.png,offline_unclassified,low,Numeric offline cache resource; semantic role not derivable from filename alone.
offline_unclassified/97105.png,offline_unclassified,low,Numeric offline cache resource; semantic role not derivable from filename alone.
offline_unclassified/97106.png,offline_unclassified,low,Numeric offline cache resource; semantic role not derivable from filename alone.
offline_unclassified/97107.png,offline_unclassified,low,Numeric offline cache resource; semantic role not derivable from filename alone.
offline_unclassified/97108.png,offline_unclassified,low,Numeric offline cache resource; semantic role not derivable from filename alone.
offline_unclassified/97109.png,offline_unclassified,low,Numeric offline cache resource; semantic role not derivable from filename alone.
offline_unclassified/97198.png,offline_unclassified,low,Numeric offline cache resource; semantic role not derivable from filename alone.
offline_unclassified/97400.png,offline_unclassified,low,Numeric offline cache resource; semantic role not derivable from filename alone.
offline_unclassified/97401.png,offline_unclassified,low,Numeric offline cache resource; semantic role not derivable from filename alone.
offline_unclassified/97402.png,offline_unclassified,low,Numeric offline cache resource; semantic role not derivable from filename alone.
offline_unclassified/97403.png,offline_unclassified,low,Numeric offline cache resource; semantic role not derivable from filename alone.
offline_unclassified/97404.png,offline_unclassified,low,Numeric offline cache resource; semantic role not derivable from filename alone.
offline_unclassified/97405.png,offline_unclassified,low,Numeric offline cache resource; semantic role not derivable from filename alone.
offline_unclassified/97406.png,offline_unclassified,low,Numeric offline cache resource; semantic role not derivable from filename alone.
offline_unclassified/97407.png,offline_unclassified,low,Numeric offline cache resource; semantic role not derivable from filename alone.
offline_unclassified/97408.png,offline_unclassified,low,Numeric offline cache resource; semantic role not derivable from filename alone.
offline_unclassified/97409.png,offline_unclassified,low,Numeric offline cache resource; semantic role not derivable from filename alone.
offline_unclassified/97498.png,offline_unclassified,low,Numeric offline cache resource; semantic role not derivable from filename alone.
offline_unclassified/97500.png,offline_unclassified,low,Numeric offline cache resource; semantic role not derivable from filename alone.
offline_unclassified/97501.png,offline_unclassified,low,Numeric offline cache resource; semantic role not derivable from filename alone.
offline_unclassified/97502.png,offline_unclassified,low,Numeric offline cache resource; semantic role not derivable from filename alone.
offline_unclassified/97503.png,offline_unclassified,low,Numeric offline cache resource; semantic role not derivable from filename alone.
offline_unclassified/97504.png,offline_unclassified,low,Numeric offline cache resource; semantic role not derivable from filename alone.
offline_unclassified/97505.png,offline_unclassified,low,Numeric offline cache resource; semantic role not derivable from filename alone.
offline_unclassified/97506.png,offline_unclassified,low,Numeric offline cache resource; semantic role not derivable from filename alone.
offline_unclassified/97507.png,offline_unclassified,low,Numeric offline cache resource; semantic role not derivable from filename alone.
offline_unclassified/97508.png,offline_unclassified,low,Numeric offline cache resource; semantic role not derivable from filename alone.
offline_unclassified/97509.png,offline_unclassified,low,Numeric offline cache resource; semantic role not derivable from filename alone.
offline_unclassified/97598.png,offline_unclassified,low,Numeric offline cache resource; semantic role not derivable from filename alone.
offline_unclassified/98000.png,offline_unclassified,low,Numeric offline cache resource; semantic role not derivable from filename alone.
offline_unclassified/98001.png,offline_unclassified,low,Numeric offline cache resource; semantic role not derivable from filename alone.
offline_unclassified/98002.png,offline_unclassified,low,Numeric offline cache resource; semantic role not derivable from filename alone.
offline_unclassified/98003.png,offline_unclassified,low,Numeric offline cache resource; semantic role not derivable from filename alone.
offline_unclassified/98004.png,offline_unclassified,low,Numeric offline cache resource; semantic role not derivable from filename alone.
offline_unclassified/98005.png,offline_unclassified,low,Numeric offline cache resource; semantic role not derivable from filename alone.
offline_unclassified/98006.png,offline_unclassified,low,Numeric offline cache resource; semantic role not derivable from filename alone.
offline_unclassified/98007.png,offline_unclassified,low,Numeric offline cache resource; semantic role not derivable from filename alone.
offline_unclassified/98008.png,offline_unclassified,low,Numeric offline cache resource; semantic role not derivable from filename alone.
offline_unclassified/98009.png,offline_unclassified,low,Numeric offline cache resource; semantic role not derivable from filename alone.
offline_unclassified/98098.png,offline_unclassified,low,Numeric offline cache resource; semantic role not derivable from filename alone.
offline_unclassified/98100.png,offline_unclassified,low,Numeric offline cache resource; semantic role not derivable from filename alone.
offline_unclassified/98101.png,offline_unclassified,low,Numeric offline cache resource; semantic role not derivable from filename alone.
offline_unclassified/98102.png,offline_unclassified,low,Numeric offline cache resource; semantic role not derivable from filename alone.
offline_unclassified/98103.png,offline_unclassified,low,Numeric offline cache resource; semantic role not derivable from filename alone.
offline_unclassified/98104.png,offline_unclassified,low,Numeric offline cache resource; semantic role not derivable from filename alone.
offline_unclassified/98105.png,offline_unclassified,low,Numeric offline cache resource; semantic role not derivable from filename alone.
offline_unclassified/98106.png,offline_unclassified,low,Numeric offline cache resource; semantic role not derivable from filename alone.
offline_unclassified/98107.png,offline_unclassified,low,Numeric offline cache resource; semantic role not derivable from filename alone.
offline_unclassified/98108.png,offline_unclassified,low,Numeric offline cache resource; semantic role not derivable from filename alone.
offline_unclassified/98109.png,offline_unclassified,low,Numeric offline cache resource; semantic role not derivable from filename alone.
offline_unclassified/98198.png,offline_unclassified,low,Numeric offline cache resource; semantic role not derivable from filename alone.
offline_unclassified/98200.png,offline_unclassified,low,Numeric offline cache resource; semantic role not derivable from filename alone.
offline_unclassified/98201.png,offline_unclassified,low,Numeric offline cache resource; semantic role not derivable from filename alone.
offline_unclassified/98202.png,offline_unclassified,low,Numeric offline cache resource; semantic role not derivable from filename alone.
offline_unclassified/98203.png,offline_unclassified,low,Numeric offline cache resource; semantic role not derivable from filename alone.
offline_unclassified/98204.png,offline_unclassified,low,Numeric offline cache resource; semantic role not derivable from filename alone.
offline_unclassified/98205.png,offline_unclassified,low,Numeric offline cache resource; semantic role not derivable from filename alone.
offline_unclassified/98206.png,offline_unclassified,low,Numeric offline cache resource; semantic role not derivable from filename alone.
offline_unclassified/98207.png,offline_unclassified,low,Numeric offline cache resource; semantic role not derivable from filename alone.
offline_unclassified/98208.png,offline_unclassified,low,Numeric offline cache resource; semantic role not derivable from filename alone.
offline_unclassified/98209.png,offline_unclassified,low,Numeric offline cache resource; semantic role not derivable from filename alone.
offline_unclassified/98298.png,offline_unclassified,low,Numeric offline cache resource; semantic role not derivable from filename alone.
offline_unclassified/98300.png,offline_unclassified,low,Numeric offline cache resource; semantic role not derivable from filename alone.
offline_unclassified/98301.png,offline_unclassified,low,Numeric offline cache resource; semantic role not derivable from filename alone.
offline_unclassified/98302.png,offline_unclassified,low,Numeric offline cache resource; semantic role not derivable from filename alone.
offline_unclassified/98303.png,offline_unclassified,low,Numeric offline cache resource; semantic role not derivable from filename alone.
offline_unclassified/98304.png,offline_unclassified,low,Numeric offline cache resource; semantic role not derivable from filename alone.
offline_unclassified/98305.png,offline_unclassified,low,Numeric offline cache resource; semantic role not derivable from filename alone.
offline_unclassified/98306.png,offline_unclassified,low,Numeric offline cache resource; semantic role not derivable from filename alone.
offline_unclassified/98307.png,offline_unclassified,low,Numeric offline cache resource; semantic role not derivable from filename alone.
offline_unclassified/98308.png,offline_unclassified,low,Numeric offline cache resource; semantic role not derivable from filename alone.
offline_unclassified/98309.png,offline_unclassified,low,Numeric offline cache resource; semantic role not derivable from filename alone.
offline_unclassified/98398.png,offline_unclassified,low,Numeric offline cache resource; semantic role not derivable from filename alone.
offline_unclassified/99900.png,offline_unclassified,low,Numeric offline cache resource; semantic role not derivable from filename alone.
offline_unclassified/99901.png,offline_unclassified,low,Numeric offline cache resource; semantic role not derivable from filename alone.
offline_unclassified/99902.png,offline_unclassified,low,Numeric offline cache resource; semantic role not derivable from filename alone.
offline_unclassified/99903.png,offline_unclassified,low,Numeric offline cache resource; semantic role not derivable from filename alone.
offline_unclassified/99904.png,offline_unclassified,low,Numeric offline cache resource; semantic role not derivable from filename alone.
offline_unclassified/99905.png,offline_unclassified,low,Numeric offline cache resource; semantic role not derivable from filename alone.
offline_unclassified/99906.png,offline_unclassified,low,Numeric offline cache resource; semantic role not derivable from filename alone.
offline_unclassified/99907.png,offline_unclassified,low,Numeric offline cache resource; semantic role not derivable from filename alone.
offline_unclassified/99908.png,offline_unclassified,low,Numeric offline cache resource; semantic role not derivable from filename alone.
offline_unclassified/99909.png,offline_unclassified,low,Numeric offline cache resource; semantic role not derivable from filename alone.
offline_unclassified/99998.png,offline_unclassified,low,Numeric offline cache resource; semantic role not derivable from filename alone.
skill_effects/aura1.png,skill_effects,high,Backed by direct named asset reference in client code or jar path.
skill_effects/aura2.png,skill_effects,high,Backed by direct named asset reference in client code or jar path.
skill_effects/aura3.png,skill_effects,high,Backed by direct named asset reference in client code or jar path.
skill_effects/barrier.png,skill_effects,high,Backed by direct named asset reference in client code or jar path.
skill_effects/bloodthrowaround.png,skill_effects,high,Backed by direct named asset reference in client code or jar path.
skill_effects/castingball.png,skill_effects,high,Backed by direct named asset reference in client code or jar path.
skill_effects/confusing.png,skill_effects,high,Backed by direct named asset reference in client code or jar path.
skill_effects/firerage.png,skill_effects,high,Backed by direct named asset reference in client code or jar path.
skill_effects/firerageext.png,skill_effects,high,Backed by direct named asset reference in client code or jar path.
skill_effects/hiddendragon.png,skill_effects,high,Backed by direct named asset reference in client code or jar path.
skill_effects/hiddenphoenix.png,skill_effects,high,Backed by direct named asset reference in client code or jar path.
skill_effects/magicgate.png,skill_effects,high,Backed by direct named asset reference in client code or jar path.
skill_effects/miniexplosionfire.png,skill_effects,high,Backed by direct named asset reference in client code or jar path.
skill_effects/skillupdownstat.png,skill_effects,high,Backed by direct named asset reference in client code or jar path.
skill_effects/zoomfocus.png,skill_effects,high,Backed by direct named asset reference in client code or jar path.
social_emotes/onions.png,social_emotes,high,Backed by direct named asset reference in client code or jar path.
social_emotes/smileys.png,social_emotes,high,Backed by direct named asset reference in client code or jar path.
ui_hud/general/arrowfocus1.png,ui_hud/general,high,Backed by direct named asset reference in client code or jar path.
ui_hud/general/arrowfocus2.png,ui_hud/general,high,Backed by direct named asset reference in client code or jar path.
ui_hud/general/bardownloadscreen.png,ui_hud/general,high,Backed by direct named asset reference in client code or jar path.
ui_hud/general/bklogin.png,ui_hud/general,high,Backed by direct named asset reference in client code or jar path.
ui_hud/general/fillbardownloadscreen.png,ui_hud/general,high,Backed by direct named asset reference in client code or jar path.
ui_hud/general/focustab.png,ui_hud/general,high,Backed by direct named asset reference in client code or jar path.
ui_hud/general/iconbt.png,ui_hud/general,high,Backed by direct named asset reference in client code or jar path.
ui_hud/general/mecommands.png,ui_hud/general,high,Backed by direct named asset reference in client code or jar path.
ui_hud/general/notificationnewsicon.png,ui_hud/general,high,Backed by direct named asset reference in client code or jar path.
ui_hud/general/notifygtmicon.png,ui_hud/general,high,Backed by direct named asset reference in client code or jar path.
ui_hud/general/olaicons.png,ui_hud/general,high,Backed by direct named asset reference in client code or jar path.
ui_hud/general/push.png,ui_hud/general,high,Backed by direct named asset reference in client code or jar path.
ui_hud/general/questnotifyicon.png,ui_hud/general,high,Backed by direct named asset reference in client code or jar path.
ui_hud/general/roomicon.png,ui_hud/general,high,Backed by direct named asset reference in client code or jar path.
ui_hud/general/shoppingcarticon.png,ui_hud/general,high,Backed by direct named asset reference in client code or jar path.
ui_hud/general/skicon.png,ui_hud/general,high,Backed by direct named asset reference in client code or jar path.
ui_hud/general/slotlock.png,ui_hud/general,high,Backed by direct named asset reference in client code or jar path.
ui_hud/general/strlose.png,ui_hud/general,high,Backed by direct named asset reference in client code or jar path.
ui_hud/general/strwin.png,ui_hud/general,high,Backed by direct named asset reference in client code or jar path.
ui_hud/general/tab.png,ui_hud/general,high,Backed by direct named asset reference in client code or jar path.
ui_hud/general/tinynumber.png,ui_hud/general,high,Backed by direct named asset reference in client code or jar path.
ui_hud/info_icons/btinscrease.png,ui_hud/info_icons,high,Backed by direct named asset reference in client code or jar path.
ui_hud/info_icons/decrease.png,ui_hud/info_icons,high,Backed by direct named asset reference in client code or jar path.
ui_hud/info_icons/expicon.png,ui_hud/info_icons,high,Backed by direct named asset reference in client code or jar path.
ui_hud/info_icons/gauge.png,ui_hud/info_icons,high,Backed by direct named asset reference in client code or jar path.
ui_hud/info_icons/gold.png,ui_hud/info_icons,high,Backed by direct named asset reference in client code or jar path.
ui_hud/info_icons/heart.png,ui_hud/info_icons,high,Backed by direct named asset reference in client code or jar path.
ui_hud/info_icons/hidenobj.png,ui_hud/info_icons,high,Backed by direct named asset reference in client code or jar path.
ui_hud/info_icons/increase.png,ui_hud/info_icons,high,Backed by direct named asset reference in client code or jar path.
ui_hud/info_icons/itemchest.png,ui_hud/info_icons,high,Backed by direct named asset reference in client code or jar path.
ui_hud/info_icons/skilltree.png,ui_hud/info_icons,high,Backed by direct named asset reference in client code or jar path.
ui_hud/offline_misc/avatardownloadscreen.png,ui_hud/offline_misc,high,Backed by direct named asset reference in client code or jar path.
ui_hud/window_frames/1.png,ui_hud/window_frames,high,Backed by direct named asset reference in client code or jar path.
ui_hud/window_frames/2.png,ui_hud/window_frames,high,Backed by direct named asset reference in client code or jar path.
ui_hud/window_frames/3.png,ui_hud/window_frames,high,Backed by direct named asset reference in client code or jar path.
ui_hud/window_frames/4.png,ui_hud/window_frames,high,Backed by direct named asset reference in client code or jar path.
ui_hud/window_frames/5.png,ui_hud/window_frames,high,Backed by direct named asset reference in client code or jar path.
ui_hud/window_frames/corner.png,ui_hud/window_frames,high,Backed by direct named asset reference in client code or jar path.
ui_hud/window_frames/cornerskb.png,ui_hud/window_frames,high,Backed by direct named asset reference in client code or jar path.
