source,target,confidence,note
reference/review_assets/canonical_from_jar_png/offline/100001.png,client/assets/monster_legacy/01_confirmed_species_families/species_1000/slot_0/100001.png,confirmed_monster_family,"Species 1000 slot 0. 6-digit id schema 100XYZ where X=species_digit, Y=slot 0-9, Z=frame index. Map-to-monster mapping is server_driven."
reference/review_assets/canonical_from_jar_png/offline/100003.png,client/assets/monster_legacy/01_confirmed_species_families/species_1000/slot_0/100003.png,confirmed_monster_family,"Species 1000 slot 0. 6-digit id schema 100XYZ where X=species_digit, Y=slot 0-9, Z=frame index. Map-to-monster mapping is server_driven."
reference/review_assets/canonical_from_jar_png/offline/100004.png,client/assets/monster_legacy/01_confirmed_species_families/species_1000/slot_0/100004.png,confirmed_monster_family,"Species 1000 slot 0. 6-digit id schema 100XYZ where X=species_digit, Y=slot 0-9, Z=frame index. Map-to-monster mapping is server_driven."
reference/review_assets/canonical_from_jar_png/offline/100005.png,client/assets/monster_legacy/01_confirmed_species_families/species_1000/slot_0/100005.png,confirmed_monster_family,"Species 1000 slot 0. 6-digit id schema 100XYZ where X=species_digit, Y=slot 0-9, Z=frame index. Map-to-monster mapping is server_driven."
reference/review_assets/canonical_from_jar_png/offline/100011.png,client/assets/monster_legacy/01_confirmed_species_families/species_1000/slot_1/100011.png,confirmed_monster_family,"Species 1000 slot 1. 6-digit id schema 100XYZ where X=species_digit, Y=slot 0-9, Z=frame index. Map-to-monster mapping is server_driven."
reference/review_assets/canonical_from_jar_png/offline/100013.png,client/assets/monster_legacy/01_confirmed_species_families/species_1000/slot_1/100013.png,confirmed_monster_family,"Species 1000 slot 1. 6-digit id schema 100XYZ where X=species_digit, Y=slot 0-9, Z=frame index. Map-to-monster mapping is server_driven."
reference/review_assets/canonical_from_jar_png/offline/100014.png,client/assets/monster_legacy/01_confirmed_species_families/species_1000/slot_1/100014.png,confirmed_monster_family,"Species 1000 slot 1. 6-digit id schema 100XYZ where X=species_digit, Y=slot 0-9, Z=frame index. Map-to-monster mapping is server_driven."
reference/review_assets/canonical_from_jar_png/offline/100015.png,client/assets/monster_legacy/01_confirmed_species_families/species_1000/slot_1/100015.png,confirmed_monster_family,"Species 1000 slot 1. 6-digit id schema 100XYZ where X=species_digit, Y=slot 0-9, Z=frame index. Map-to-monster mapping is server_driven."
reference/review_assets/canonical_from_jar_png/offline/100021.png,client/assets/monster_legacy/01_confirmed_species_families/species_1000/slot_2/100021.png,confirmed_monster_family,"Species 1000 slot 2. 6-digit id schema 100XYZ where X=species_digit, Y=slot 0-9, Z=frame index. Map-to-monster mapping is server_driven."
reference/review_assets/canonical_from_jar_png/offline/100023.png,client/assets/monster_legacy/01_confirmed_species_families/species_1000/slot_2/100023.png,confirmed_monster_family,"Species 1000 slot 2. 6-digit id schema 100XYZ where X=species_digit, Y=slot 0-9, Z=frame index. Map-to-monster mapping is server_driven."
reference/review_assets/canonical_from_jar_png/offline/100024.png,client/assets/monster_legacy/01_confirmed_species_families/species_1000/slot_2/100024.png,confirmed_monster_family,"Species 1000 slot 2. 6-digit id schema 100XYZ where X=species_digit, Y=slot 0-9, Z=frame index. Map-to-monster mapping is server_driven."
reference/review_assets/canonical_from_jar_png/offline/100025.png,client/assets/monster_legacy/01_confirmed_species_families/species_1000/slot_2/100025.png,confirmed_monster_family,"Species 1000 slot 2. 6-digit id schema 100XYZ where X=species_digit, Y=slot 0-9, Z=frame index. Map-to-monster mapping is server_driven."
reference/review_assets/canonical_from_jar_png/offline/100031.png,client/assets/monster_legacy/01_confirmed_species_families/species_1000/slot_3/100031.png,confirmed_monster_family,"Species 1000 slot 3. 6-digit id schema 100XYZ where X=species_digit, Y=slot 0-9, Z=frame index. Map-to-monster mapping is server_driven."
reference/review_assets/canonical_from_jar_png/offline/100033.png,client/assets/monster_legacy/01_confirmed_species_families/species_1000/slot_3/100033.png,confirmed_monster_family,"Species 1000 slot 3. 6-digit id schema 100XYZ where X=species_digit, Y=slot 0-9, Z=frame index. Map-to-monster mapping is server_driven."
reference/review_assets/canonical_from_jar_png/offline/100034.png,client/assets/monster_legacy/01_confirmed_species_families/species_1000/slot_3/100034.png,confirmed_monster_family,"Species 1000 slot 3. 6-digit id schema 100XYZ where X=species_digit, Y=slot 0-9, Z=frame index. Map-to-monster mapping is server_driven."
reference/review_assets/canonical_from_jar_png/offline/100035.png,client/assets/monster_legacy/01_confirmed_species_families/species_1000/slot_3/100035.png,confirmed_monster_family,"Species 1000 slot 3. 6-digit id schema 100XYZ where X=species_digit, Y=slot 0-9, Z=frame index. Map-to-monster mapping is server_driven."
reference/review_assets/canonical_from_jar_png/offline/100041.png,client/assets/monster_legacy/01_confirmed_species_families/species_1000/slot_4/100041.png,confirmed_monster_family,"Species 1000 slot 4. 6-digit id schema 100XYZ where X=species_digit, Y=slot 0-9, Z=frame index. Map-to-monster mapping is server_driven."
reference/review_assets/canonical_from_jar_png/offline/100043.png,client/assets/monster_legacy/01_confirmed_species_families/species_1000/slot_4/100043.png,confirmed_monster_family,"Species 1000 slot 4. 6-digit id schema 100XYZ where X=species_digit, Y=slot 0-9, Z=frame index. Map-to-monster mapping is server_driven."
reference/review_assets/canonical_from_jar_png/offline/100044.png,client/assets/monster_legacy/01_confirmed_species_families/species_1000/slot_4/100044.png,confirmed_monster_family,"Species 1000 slot 4. 6-digit id schema 100XYZ where X=species_digit, Y=slot 0-9, Z=frame index. Map-to-monster mapping is server_driven."
reference/review_assets/canonical_from_jar_png/offline/100045.png,client/assets/monster_legacy/01_confirmed_species_families/species_1000/slot_4/100045.png,confirmed_monster_family,"Species 1000 slot 4. 6-digit id schema 100XYZ where X=species_digit, Y=slot 0-9, Z=frame index. Map-to-monster mapping is server_driven."
reference/review_assets/canonical_from_jar_png/offline/100051.png,client/assets/monster_legacy/01_confirmed_species_families/species_1000/slot_5/100051.png,confirmed_monster_family,"Species 1000 slot 5. 6-digit id schema 100XYZ where X=species_digit, Y=slot 0-9, Z=frame index. Map-to-monster mapping is server_driven."
reference/review_assets/canonical_from_jar_png/offline/100053.png,client/assets/monster_legacy/01_confirmed_species_families/species_1000/slot_5/100053.png,confirmed_monster_family,"Species 1000 slot 5. 6-digit id schema 100XYZ where X=species_digit, Y=slot 0-9, Z=frame index. Map-to-monster mapping is server_driven."
reference/review_assets/canonical_from_jar_png/offline/100054.png,client/assets/monster_legacy/01_confirmed_species_families/species_1000/slot_5/100054.png,confirmed_monster_family,"Species 1000 slot 5. 6-digit id schema 100XYZ where X=species_digit, Y=slot 0-9, Z=frame index. Map-to-monster mapping is server_driven."
reference/review_assets/canonical_from_jar_png/offline/100055.png,client/assets/monster_legacy/01_confirmed_species_families/species_1000/slot_5/100055.png,confirmed_monster_family,"Species 1000 slot 5. 6-digit id schema 100XYZ where X=species_digit, Y=slot 0-9, Z=frame index. Map-to-monster mapping is server_driven."
reference/review_assets/canonical_from_jar_png/offline/100061.png,client/assets/monster_legacy/01_confirmed_species_families/species_1000/slot_6/100061.png,confirmed_monster_family,"Species 1000 slot 6. 6-digit id schema 100XYZ where X=species_digit, Y=slot 0-9, Z=frame index. Map-to-monster mapping is server_driven."
reference/review_assets/canonical_from_jar_png/offline/100063.png,client/assets/monster_legacy/01_confirmed_species_families/species_1000/slot_6/100063.png,confirmed_monster_family,"Species 1000 slot 6. 6-digit id schema 100XYZ where X=species_digit, Y=slot 0-9, Z=frame index. Map-to-monster mapping is server_driven."
reference/review_assets/canonical_from_jar_png/offline/100064.png,client/assets/monster_legacy/01_confirmed_species_families/species_1000/slot_6/100064.png,confirmed_monster_family,"Species 1000 slot 6. 6-digit id schema 100XYZ where X=species_digit, Y=slot 0-9, Z=frame index. Map-to-monster mapping is server_driven."
reference/review_assets/canonical_from_jar_png/offline/100065.png,client/assets/monster_legacy/01_confirmed_species_families/species_1000/slot_6/100065.png,confirmed_monster_family,"Species 1000 slot 6. 6-digit id schema 100XYZ where X=species_digit, Y=slot 0-9, Z=frame index. Map-to-monster mapping is server_driven."
reference/review_assets/canonical_from_jar_png/offline/100071.png,client/assets/monster_legacy/01_confirmed_species_families/species_1000/slot_7/100071.png,confirmed_monster_family,"Species 1000 slot 7. 6-digit id schema 100XYZ where X=species_digit, Y=slot 0-9, Z=frame index. Map-to-monster mapping is server_driven."
reference/review_assets/canonical_from_jar_png/offline/100073.png,client/assets/monster_legacy/01_confirmed_species_families/species_1000/slot_7/100073.png,confirmed_monster_family,"Species 1000 slot 7. 6-digit id schema 100XYZ where X=species_digit, Y=slot 0-9, Z=frame index. Map-to-monster mapping is server_driven."
reference/review_assets/canonical_from_jar_png/offline/100074.png,client/assets/monster_legacy/01_confirmed_species_families/species_1000/slot_7/100074.png,confirmed_monster_family,"Species 1000 slot 7. 6-digit id schema 100XYZ where X=species_digit, Y=slot 0-9, Z=frame index. Map-to-monster mapping is server_driven."
reference/review_assets/canonical_from_jar_png/offline/100075.png,client/assets/monster_legacy/01_confirmed_species_families/species_1000/slot_7/100075.png,confirmed_monster_family,"Species 1000 slot 7. 6-digit id schema 100XYZ where X=species_digit, Y=slot 0-9, Z=frame index. Map-to-monster mapping is server_driven."
reference/review_assets/canonical_from_jar_png/offline/100081.png,client/assets/monster_legacy/01_confirmed_species_families/species_1000/slot_8/100081.png,confirmed_monster_family,"Species 1000 slot 8. 6-digit id schema 100XYZ where X=species_digit, Y=slot 0-9, Z=frame index. Map-to-monster mapping is server_driven."
reference/review_assets/canonical_from_jar_png/offline/100083.png,client/assets/monster_legacy/01_confirmed_species_families/species_1000/slot_8/100083.png,confirmed_monster_family,"Species 1000 slot 8. 6-digit id schema 100XYZ where X=species_digit, Y=slot 0-9, Z=frame index. Map-to-monster mapping is server_driven."
reference/review_assets/canonical_from_jar_png/offline/100085.png,client/assets/monster_legacy/01_confirmed_species_families/species_1000/slot_8/100085.png,confirmed_monster_family,"Species 1000 slot 8. 6-digit id schema 100XYZ where X=species_digit, Y=slot 0-9, Z=frame index. Map-to-monster mapping is server_driven."
reference/review_assets/canonical_from_jar_png/offline/100086.png,client/assets/monster_legacy/01_confirmed_species_families/species_1000/slot_8/100086.png,confirmed_monster_family,"Species 1000 slot 8. 6-digit id schema 100XYZ where X=species_digit, Y=slot 0-9, Z=frame index. Map-to-monster mapping is server_driven."
reference/review_assets/canonical_from_jar_png/offline/100091.png,client/assets/monster_legacy/01_confirmed_species_families/species_1000/slot_9/100091.png,confirmed_monster_family,"Species 1000 slot 9. 6-digit id schema 100XYZ where X=species_digit, Y=slot 0-9, Z=frame index. Map-to-monster mapping is server_driven."
reference/review_assets/canonical_from_jar_png/offline/100093.png,client/assets/monster_legacy/01_confirmed_species_families/species_1000/slot_9/100093.png,confirmed_monster_family,"Species 1000 slot 9. 6-digit id schema 100XYZ where X=species_digit, Y=slot 0-9, Z=frame index. Map-to-monster mapping is server_driven."
reference/review_assets/canonical_from_jar_png/offline/100095.png,client/assets/monster_legacy/01_confirmed_species_families/species_1000/slot_9/100095.png,confirmed_monster_family,"Species 1000 slot 9. 6-digit id schema 100XYZ where X=species_digit, Y=slot 0-9, Z=frame index. Map-to-monster mapping is server_driven."
reference/review_assets/canonical_from_jar_png/offline/100096.png,client/assets/monster_legacy/01_confirmed_species_families/species_1000/slot_9/100096.png,confirmed_monster_family,"Species 1000 slot 9. 6-digit id schema 100XYZ where X=species_digit, Y=slot 0-9, Z=frame index. Map-to-monster mapping is server_driven."
reference/review_assets/canonical_from_jar_png/offline/100101.png,client/assets/monster_legacy/01_confirmed_species_families/species_1001/slot_0/100101.png,confirmed_monster_family,"Species 1001 slot 0. 6-digit id schema 100XYZ where X=species_digit, Y=slot 0-9, Z=frame index. Map-to-monster mapping is server_driven."
reference/review_assets/canonical_from_jar_png/offline/100103.png,client/assets/monster_legacy/01_confirmed_species_families/species_1001/slot_0/100103.png,confirmed_monster_family,"Species 1001 slot 0. 6-digit id schema 100XYZ where X=species_digit, Y=slot 0-9, Z=frame index. Map-to-monster mapping is server_driven."
reference/review_assets/canonical_from_jar_png/offline/100105.png,client/assets/monster_legacy/01_confirmed_species_families/species_1001/slot_0/100105.png,confirmed_monster_family,"Species 1001 slot 0. 6-digit id schema 100XYZ where X=species_digit, Y=slot 0-9, Z=frame index. Map-to-monster mapping is server_driven."
reference/review_assets/canonical_from_jar_png/offline/100106.png,client/assets/monster_legacy/01_confirmed_species_families/species_1001/slot_0/100106.png,confirmed_monster_family,"Species 1001 slot 0. 6-digit id schema 100XYZ where X=species_digit, Y=slot 0-9, Z=frame index. Map-to-monster mapping is server_driven."
reference/review_assets/canonical_from_jar_png/offline/100111.png,client/assets/monster_legacy/01_confirmed_species_families/species_1001/slot_1/100111.png,confirmed_monster_family,"Species 1001 slot 1. 6-digit id schema 100XYZ where X=species_digit, Y=slot 0-9, Z=frame index. Map-to-monster mapping is server_driven."
reference/review_assets/canonical_from_jar_png/offline/100113.png,client/assets/monster_legacy/01_confirmed_species_families/species_1001/slot_1/100113.png,confirmed_monster_family,"Species 1001 slot 1. 6-digit id schema 100XYZ where X=species_digit, Y=slot 0-9, Z=frame index. Map-to-monster mapping is server_driven."
reference/review_assets/canonical_from_jar_png/offline/100114.png,client/assets/monster_legacy/01_confirmed_species_families/species_1001/slot_1/100114.png,confirmed_monster_family,"Species 1001 slot 1. 6-digit id schema 100XYZ where X=species_digit, Y=slot 0-9, Z=frame index. Map-to-monster mapping is server_driven."
reference/review_assets/canonical_from_jar_png/offline/100115.png,client/assets/monster_legacy/01_confirmed_species_families/species_1001/slot_1/100115.png,confirmed_monster_family,"Species 1001 slot 1. 6-digit id schema 100XYZ where X=species_digit, Y=slot 0-9, Z=frame index. Map-to-monster mapping is server_driven."
reference/review_assets/canonical_from_jar_png/offline/100121.png,client/assets/monster_legacy/01_confirmed_species_families/species_1001/slot_2/100121.png,confirmed_monster_family,"Species 1001 slot 2. 6-digit id schema 100XYZ where X=species_digit, Y=slot 0-9, Z=frame index. Map-to-monster mapping is server_driven."
reference/review_assets/canonical_from_jar_png/offline/100123.png,client/assets/monster_legacy/01_confirmed_species_families/species_1001/slot_2/100123.png,confirmed_monster_family,"Species 1001 slot 2. 6-digit id schema 100XYZ where X=species_digit, Y=slot 0-9, Z=frame index. Map-to-monster mapping is server_driven."
reference/review_assets/canonical_from_jar_png/offline/100124.png,client/assets/monster_legacy/01_confirmed_species_families/species_1001/slot_2/100124.png,confirmed_monster_family,"Species 1001 slot 2. 6-digit id schema 100XYZ where X=species_digit, Y=slot 0-9, Z=frame index. Map-to-monster mapping is server_driven."
reference/review_assets/canonical_from_jar_png/offline/100125.png,client/assets/monster_legacy/01_confirmed_species_families/species_1001/slot_2/100125.png,confirmed_monster_family,"Species 1001 slot 2. 6-digit id schema 100XYZ where X=species_digit, Y=slot 0-9, Z=frame index. Map-to-monster mapping is server_driven."
reference/review_assets/canonical_from_jar_png/offline/100131.png,client/assets/monster_legacy/01_confirmed_species_families/species_1001/slot_3/100131.png,confirmed_monster_family,"Species 1001 slot 3. 6-digit id schema 100XYZ where X=species_digit, Y=slot 0-9, Z=frame index. Map-to-monster mapping is server_driven."
reference/review_assets/canonical_from_jar_png/offline/100133.png,client/assets/monster_legacy/01_confirmed_species_families/species_1001/slot_3/100133.png,confirmed_monster_family,"Species 1001 slot 3. 6-digit id schema 100XYZ where X=species_digit, Y=slot 0-9, Z=frame index. Map-to-monster mapping is server_driven."
reference/review_assets/canonical_from_jar_png/offline/100135.png,client/assets/monster_legacy/01_confirmed_species_families/species_1001/slot_3/100135.png,confirmed_monster_family,"Species 1001 slot 3. 6-digit id schema 100XYZ where X=species_digit, Y=slot 0-9, Z=frame index. Map-to-monster mapping is server_driven."
reference/review_assets/canonical_from_jar_png/offline/100136.png,client/assets/monster_legacy/01_confirmed_species_families/species_1001/slot_3/100136.png,confirmed_monster_family,"Species 1001 slot 3. 6-digit id schema 100XYZ where X=species_digit, Y=slot 0-9, Z=frame index. Map-to-monster mapping is server_driven."
reference/review_assets/canonical_from_jar_png/offline/100141.png,client/assets/monster_legacy/01_confirmed_species_families/species_1001/slot_4/100141.png,confirmed_monster_family,"Species 1001 slot 4. 6-digit id schema 100XYZ where X=species_digit, Y=slot 0-9, Z=frame index. Map-to-monster mapping is server_driven."
reference/review_assets/canonical_from_jar_png/offline/100143.png,client/assets/monster_legacy/01_confirmed_species_families/species_1001/slot_4/100143.png,confirmed_monster_family,"Species 1001 slot 4. 6-digit id schema 100XYZ where X=species_digit, Y=slot 0-9, Z=frame index. Map-to-monster mapping is server_driven."
reference/review_assets/canonical_from_jar_png/offline/100144.png,client/assets/monster_legacy/01_confirmed_species_families/species_1001/slot_4/100144.png,confirmed_monster_family,"Species 1001 slot 4. 6-digit id schema 100XYZ where X=species_digit, Y=slot 0-9, Z=frame index. Map-to-monster mapping is server_driven."
reference/review_assets/canonical_from_jar_png/offline/100145.png,client/assets/monster_legacy/01_confirmed_species_families/species_1001/slot_4/100145.png,confirmed_monster_family,"Species 1001 slot 4. 6-digit id schema 100XYZ where X=species_digit, Y=slot 0-9, Z=frame index. Map-to-monster mapping is server_driven."
reference/review_assets/canonical_from_jar_png/offline/100151.png,client/assets/monster_legacy/01_confirmed_species_families/species_1001/slot_5/100151.png,confirmed_monster_family,"Species 1001 slot 5. 6-digit id schema 100XYZ where X=species_digit, Y=slot 0-9, Z=frame index. Map-to-monster mapping is server_driven."
reference/review_assets/canonical_from_jar_png/offline/100153.png,client/assets/monster_legacy/01_confirmed_species_families/species_1001/slot_5/100153.png,confirmed_monster_family,"Species 1001 slot 5. 6-digit id schema 100XYZ where X=species_digit, Y=slot 0-9, Z=frame index. Map-to-monster mapping is server_driven."
reference/review_assets/canonical_from_jar_png/offline/100155.png,client/assets/monster_legacy/01_confirmed_species_families/species_1001/slot_5/100155.png,confirmed_monster_family,"Species 1001 slot 5. 6-digit id schema 100XYZ where X=species_digit, Y=slot 0-9, Z=frame index. Map-to-monster mapping is server_driven."
reference/review_assets/canonical_from_jar_png/offline/100156.png,client/assets/monster_legacy/01_confirmed_species_families/species_1001/slot_5/100156.png,confirmed_monster_family,"Species 1001 slot 5. 6-digit id schema 100XYZ where X=species_digit, Y=slot 0-9, Z=frame index. Map-to-monster mapping is server_driven."
reference/review_assets/canonical_from_jar_png/offline/100161.png,client/assets/monster_legacy/01_confirmed_species_families/species_1001/slot_6/100161.png,confirmed_monster_family,"Species 1001 slot 6. 6-digit id schema 100XYZ where X=species_digit, Y=slot 0-9, Z=frame index. Map-to-monster mapping is server_driven."
reference/review_assets/canonical_from_jar_png/offline/100163.png,client/assets/monster_legacy/01_confirmed_species_families/species_1001/slot_6/100163.png,confirmed_monster_family,"Species 1001 slot 6. 6-digit id schema 100XYZ where X=species_digit, Y=slot 0-9, Z=frame index. Map-to-monster mapping is server_driven."
reference/review_assets/canonical_from_jar_png/offline/100164.png,client/assets/monster_legacy/01_confirmed_species_families/species_1001/slot_6/100164.png,confirmed_monster_family,"Species 1001 slot 6. 6-digit id schema 100XYZ where X=species_digit, Y=slot 0-9, Z=frame index. Map-to-monster mapping is server_driven."
reference/review_assets/canonical_from_jar_png/offline/100165.png,client/assets/monster_legacy/01_confirmed_species_families/species_1001/slot_6/100165.png,confirmed_monster_family,"Species 1001 slot 6. 6-digit id schema 100XYZ where X=species_digit, Y=slot 0-9, Z=frame index. Map-to-monster mapping is server_driven."
reference/review_assets/canonical_from_jar_png/offline/100171.png,client/assets/monster_legacy/01_confirmed_species_families/species_1001/slot_7/100171.png,confirmed_monster_family,"Species 1001 slot 7. 6-digit id schema 100XYZ where X=species_digit, Y=slot 0-9, Z=frame index. Map-to-monster mapping is server_driven."
reference/review_assets/canonical_from_jar_png/offline/100173.png,client/assets/monster_legacy/01_confirmed_species_families/species_1001/slot_7/100173.png,confirmed_monster_family,"Species 1001 slot 7. 6-digit id schema 100XYZ where X=species_digit, Y=slot 0-9, Z=frame index. Map-to-monster mapping is server_driven."
reference/review_assets/canonical_from_jar_png/offline/100175.png,client/assets/monster_legacy/01_confirmed_species_families/species_1001/slot_7/100175.png,confirmed_monster_family,"Species 1001 slot 7. 6-digit id schema 100XYZ where X=species_digit, Y=slot 0-9, Z=frame index. Map-to-monster mapping is server_driven."
reference/review_assets/canonical_from_jar_png/offline/100176.png,client/assets/monster_legacy/01_confirmed_species_families/species_1001/slot_7/100176.png,confirmed_monster_family,"Species 1001 slot 7. 6-digit id schema 100XYZ where X=species_digit, Y=slot 0-9, Z=frame index. Map-to-monster mapping is server_driven."
reference/review_assets/canonical_from_jar_png/offline/100181.png,client/assets/monster_legacy/01_confirmed_species_families/species_1001/slot_8/100181.png,confirmed_monster_family,"Species 1001 slot 8. 6-digit id schema 100XYZ where X=species_digit, Y=slot 0-9, Z=frame index. Map-to-monster mapping is server_driven."
reference/review_assets/canonical_from_jar_png/offline/100183.png,client/assets/monster_legacy/01_confirmed_species_families/species_1001/slot_8/100183.png,confirmed_monster_family,"Species 1001 slot 8. 6-digit id schema 100XYZ where X=species_digit, Y=slot 0-9, Z=frame index. Map-to-monster mapping is server_driven."
reference/review_assets/canonical_from_jar_png/offline/100185.png,client/assets/monster_legacy/01_confirmed_species_families/species_1001/slot_8/100185.png,confirmed_monster_family,"Species 1001 slot 8. 6-digit id schema 100XYZ where X=species_digit, Y=slot 0-9, Z=frame index. Map-to-monster mapping is server_driven."
reference/review_assets/canonical_from_jar_png/offline/100186.png,client/assets/monster_legacy/01_confirmed_species_families/species_1001/slot_8/100186.png,confirmed_monster_family,"Species 1001 slot 8. 6-digit id schema 100XYZ where X=species_digit, Y=slot 0-9, Z=frame index. Map-to-monster mapping is server_driven."
reference/review_assets/canonical_from_jar_png/offline/100191.png,client/assets/monster_legacy/01_confirmed_species_families/species_1001/slot_9/100191.png,confirmed_monster_family,"Species 1001 slot 9. 6-digit id schema 100XYZ where X=species_digit, Y=slot 0-9, Z=frame index. Map-to-monster mapping is server_driven."
reference/review_assets/canonical_from_jar_png/offline/100193.png,client/assets/monster_legacy/01_confirmed_species_families/species_1001/slot_9/100193.png,confirmed_monster_family,"Species 1001 slot 9. 6-digit id schema 100XYZ where X=species_digit, Y=slot 0-9, Z=frame index. Map-to-monster mapping is server_driven."
reference/review_assets/canonical_from_jar_png/offline/100194.png,client/assets/monster_legacy/01_confirmed_species_families/species_1001/slot_9/100194.png,confirmed_monster_family,"Species 1001 slot 9. 6-digit id schema 100XYZ where X=species_digit, Y=slot 0-9, Z=frame index. Map-to-monster mapping is server_driven."
reference/review_assets/canonical_from_jar_png/offline/100195.png,client/assets/monster_legacy/01_confirmed_species_families/species_1001/slot_9/100195.png,confirmed_monster_family,"Species 1001 slot 9. 6-digit id schema 100XYZ where X=species_digit, Y=slot 0-9, Z=frame index. Map-to-monster mapping is server_driven."
reference/review_assets/canonical_from_jar_png/offline/100201.png,client/assets/monster_legacy/01_confirmed_species_families/species_1002/slot_0/100201.png,confirmed_monster_family,"Species 1002 slot 0. 6-digit id schema 100XYZ where X=species_digit, Y=slot 0-9, Z=frame index. Map-to-monster mapping is server_driven."
reference/review_assets/canonical_from_jar_png/offline/100203.png,client/assets/monster_legacy/01_confirmed_species_families/species_1002/slot_0/100203.png,confirmed_monster_family,"Species 1002 slot 0. 6-digit id schema 100XYZ where X=species_digit, Y=slot 0-9, Z=frame index. Map-to-monster mapping is server_driven."
reference/review_assets/canonical_from_jar_png/offline/100204.png,client/assets/monster_legacy/01_confirmed_species_families/species_1002/slot_0/100204.png,confirmed_monster_family,"Species 1002 slot 0. 6-digit id schema 100XYZ where X=species_digit, Y=slot 0-9, Z=frame index. Map-to-monster mapping is server_driven."
reference/review_assets/canonical_from_jar_png/offline/100205.png,client/assets/monster_legacy/01_confirmed_species_families/species_1002/slot_0/100205.png,confirmed_monster_family,"Species 1002 slot 0. 6-digit id schema 100XYZ where X=species_digit, Y=slot 0-9, Z=frame index. Map-to-monster mapping is server_driven."
reference/review_assets/canonical_from_jar_png/offline/100211.png,client/assets/monster_legacy/01_confirmed_species_families/species_1002/slot_1/100211.png,confirmed_monster_family,"Species 1002 slot 1. 6-digit id schema 100XYZ where X=species_digit, Y=slot 0-9, Z=frame index. Map-to-monster mapping is server_driven."
reference/review_assets/canonical_from_jar_png/offline/100213.png,client/assets/monster_legacy/01_confirmed_species_families/species_1002/slot_1/100213.png,confirmed_monster_family,"Species 1002 slot 1. 6-digit id schema 100XYZ where X=species_digit, Y=slot 0-9, Z=frame index. Map-to-monster mapping is server_driven."
reference/review_assets/canonical_from_jar_png/offline/100214.png,client/assets/monster_legacy/01_confirmed_species_families/species_1002/slot_1/100214.png,confirmed_monster_family,"Species 1002 slot 1. 6-digit id schema 100XYZ where X=species_digit, Y=slot 0-9, Z=frame index. Map-to-monster mapping is server_driven."
reference/review_assets/canonical_from_jar_png/offline/100215.png,client/assets/monster_legacy/01_confirmed_species_families/species_1002/slot_1/100215.png,confirmed_monster_family,"Species 1002 slot 1. 6-digit id schema 100XYZ where X=species_digit, Y=slot 0-9, Z=frame index. Map-to-monster mapping is server_driven."
reference/review_assets/canonical_from_jar_png/offline/100221.png,client/assets/monster_legacy/01_confirmed_species_families/species_1002/slot_2/100221.png,confirmed_monster_family,"Species 1002 slot 2. 6-digit id schema 100XYZ where X=species_digit, Y=slot 0-9, Z=frame index. Map-to-monster mapping is server_driven."
reference/review_assets/canonical_from_jar_png/offline/100223.png,client/assets/monster_legacy/01_confirmed_species_families/species_1002/slot_2/100223.png,confirmed_monster_family,"Species 1002 slot 2. 6-digit id schema 100XYZ where X=species_digit, Y=slot 0-9, Z=frame index. Map-to-monster mapping is server_driven."
reference/review_assets/canonical_from_jar_png/offline/100225.png,client/assets/monster_legacy/01_confirmed_species_families/species_1002/slot_2/100225.png,confirmed_monster_family,"Species 1002 slot 2. 6-digit id schema 100XYZ where X=species_digit, Y=slot 0-9, Z=frame index. Map-to-monster mapping is server_driven."
reference/review_assets/canonical_from_jar_png/offline/100226.png,client/assets/monster_legacy/01_confirmed_species_families/species_1002/slot_2/100226.png,confirmed_monster_family,"Species 1002 slot 2. 6-digit id schema 100XYZ where X=species_digit, Y=slot 0-9, Z=frame index. Map-to-monster mapping is server_driven."
reference/review_assets/canonical_from_jar_png/offline/100231.png,client/assets/monster_legacy/01_confirmed_species_families/species_1002/slot_3/100231.png,confirmed_monster_family,"Species 1002 slot 3. 6-digit id schema 100XYZ where X=species_digit, Y=slot 0-9, Z=frame index. Map-to-monster mapping is server_driven."
reference/review_assets/canonical_from_jar_png/offline/100233.png,client/assets/monster_legacy/01_confirmed_species_families/species_1002/slot_3/100233.png,confirmed_monster_family,"Species 1002 slot 3. 6-digit id schema 100XYZ where X=species_digit, Y=slot 0-9, Z=frame index. Map-to-monster mapping is server_driven."
reference/review_assets/canonical_from_jar_png/offline/100234.png,client/assets/monster_legacy/01_confirmed_species_families/species_1002/slot_3/100234.png,confirmed_monster_family,"Species 1002 slot 3. 6-digit id schema 100XYZ where X=species_digit, Y=slot 0-9, Z=frame index. Map-to-monster mapping is server_driven."
reference/review_assets/canonical_from_jar_png/offline/100235.png,client/assets/monster_legacy/01_confirmed_species_families/species_1002/slot_3/100235.png,confirmed_monster_family,"Species 1002 slot 3. 6-digit id schema 100XYZ where X=species_digit, Y=slot 0-9, Z=frame index. Map-to-monster mapping is server_driven."
reference/review_assets/canonical_from_jar_png/offline/100241.png,client/assets/monster_legacy/01_confirmed_species_families/species_1002/slot_4/100241.png,confirmed_monster_family,"Species 1002 slot 4. 6-digit id schema 100XYZ where X=species_digit, Y=slot 0-9, Z=frame index. Map-to-monster mapping is server_driven."
reference/review_assets/canonical_from_jar_png/offline/100243.png,client/assets/monster_legacy/01_confirmed_species_families/species_1002/slot_4/100243.png,confirmed_monster_family,"Species 1002 slot 4. 6-digit id schema 100XYZ where X=species_digit, Y=slot 0-9, Z=frame index. Map-to-monster mapping is server_driven."
reference/review_assets/canonical_from_jar_png/offline/100245.png,client/assets/monster_legacy/01_confirmed_species_families/species_1002/slot_4/100245.png,confirmed_monster_family,"Species 1002 slot 4. 6-digit id schema 100XYZ where X=species_digit, Y=slot 0-9, Z=frame index. Map-to-monster mapping is server_driven."
reference/review_assets/canonical_from_jar_png/offline/100246.png,client/assets/monster_legacy/01_confirmed_species_families/species_1002/slot_4/100246.png,confirmed_monster_family,"Species 1002 slot 4. 6-digit id schema 100XYZ where X=species_digit, Y=slot 0-9, Z=frame index. Map-to-monster mapping is server_driven."
reference/review_assets/canonical_from_jar_png/offline/100251.png,client/assets/monster_legacy/01_confirmed_species_families/species_1002/slot_5/100251.png,confirmed_monster_family,"Species 1002 slot 5. 6-digit id schema 100XYZ where X=species_digit, Y=slot 0-9, Z=frame index. Map-to-monster mapping is server_driven."
reference/review_assets/canonical_from_jar_png/offline/100253.png,client/assets/monster_legacy/01_confirmed_species_families/species_1002/slot_5/100253.png,confirmed_monster_family,"Species 1002 slot 5. 6-digit id schema 100XYZ where X=species_digit, Y=slot 0-9, Z=frame index. Map-to-monster mapping is server_driven."
reference/review_assets/canonical_from_jar_png/offline/100254.png,client/assets/monster_legacy/01_confirmed_species_families/species_1002/slot_5/100254.png,confirmed_monster_family,"Species 1002 slot 5. 6-digit id schema 100XYZ where X=species_digit, Y=slot 0-9, Z=frame index. Map-to-monster mapping is server_driven."
reference/review_assets/canonical_from_jar_png/offline/100255.png,client/assets/monster_legacy/01_confirmed_species_families/species_1002/slot_5/100255.png,confirmed_monster_family,"Species 1002 slot 5. 6-digit id schema 100XYZ where X=species_digit, Y=slot 0-9, Z=frame index. Map-to-monster mapping is server_driven."
reference/review_assets/canonical_from_jar_png/offline/100261.png,client/assets/monster_legacy/01_confirmed_species_families/species_1002/slot_6/100261.png,confirmed_monster_family,"Species 1002 slot 6. 6-digit id schema 100XYZ where X=species_digit, Y=slot 0-9, Z=frame index. Map-to-monster mapping is server_driven."
reference/review_assets/canonical_from_jar_png/offline/100263.png,client/assets/monster_legacy/01_confirmed_species_families/species_1002/slot_6/100263.png,confirmed_monster_family,"Species 1002 slot 6. 6-digit id schema 100XYZ where X=species_digit, Y=slot 0-9, Z=frame index. Map-to-monster mapping is server_driven."
reference/review_assets/canonical_from_jar_png/offline/100264.png,client/assets/monster_legacy/01_confirmed_species_families/species_1002/slot_6/100264.png,confirmed_monster_family,"Species 1002 slot 6. 6-digit id schema 100XYZ where X=species_digit, Y=slot 0-9, Z=frame index. Map-to-monster mapping is server_driven."
reference/review_assets/canonical_from_jar_png/offline/100265.png,client/assets/monster_legacy/01_confirmed_species_families/species_1002/slot_6/100265.png,confirmed_monster_family,"Species 1002 slot 6. 6-digit id schema 100XYZ where X=species_digit, Y=slot 0-9, Z=frame index. Map-to-monster mapping is server_driven."
reference/review_assets/canonical_from_jar_png/offline/100271.png,client/assets/monster_legacy/01_confirmed_species_families/species_1002/slot_7/100271.png,confirmed_monster_family,"Species 1002 slot 7. 6-digit id schema 100XYZ where X=species_digit, Y=slot 0-9, Z=frame index. Map-to-monster mapping is server_driven."
reference/review_assets/canonical_from_jar_png/offline/100273.png,client/assets/monster_legacy/01_confirmed_species_families/species_1002/slot_7/100273.png,confirmed_monster_family,"Species 1002 slot 7. 6-digit id schema 100XYZ where X=species_digit, Y=slot 0-9, Z=frame index. Map-to-monster mapping is server_driven."
reference/review_assets/canonical_from_jar_png/offline/100274.png,client/assets/monster_legacy/01_confirmed_species_families/species_1002/slot_7/100274.png,confirmed_monster_family,"Species 1002 slot 7. 6-digit id schema 100XYZ where X=species_digit, Y=slot 0-9, Z=frame index. Map-to-monster mapping is server_driven."
reference/review_assets/canonical_from_jar_png/offline/100275.png,client/assets/monster_legacy/01_confirmed_species_families/species_1002/slot_7/100275.png,confirmed_monster_family,"Species 1002 slot 7. 6-digit id schema 100XYZ where X=species_digit, Y=slot 0-9, Z=frame index. Map-to-monster mapping is server_driven."
reference/review_assets/canonical_from_jar_png/offline/100281.png,client/assets/monster_legacy/01_confirmed_species_families/species_1002/slot_8/100281.png,confirmed_monster_family,"Species 1002 slot 8. 6-digit id schema 100XYZ where X=species_digit, Y=slot 0-9, Z=frame index. Map-to-monster mapping is server_driven."
reference/review_assets/canonical_from_jar_png/offline/100283.png,client/assets/monster_legacy/01_confirmed_species_families/species_1002/slot_8/100283.png,confirmed_monster_family,"Species 1002 slot 8. 6-digit id schema 100XYZ where X=species_digit, Y=slot 0-9, Z=frame index. Map-to-monster mapping is server_driven."
reference/review_assets/canonical_from_jar_png/offline/100284.png,client/assets/monster_legacy/01_confirmed_species_families/species_1002/slot_8/100284.png,confirmed_monster_family,"Species 1002 slot 8. 6-digit id schema 100XYZ where X=species_digit, Y=slot 0-9, Z=frame index. Map-to-monster mapping is server_driven."
reference/review_assets/canonical_from_jar_png/offline/100285.png,client/assets/monster_legacy/01_confirmed_species_families/species_1002/slot_8/100285.png,confirmed_monster_family,"Species 1002 slot 8. 6-digit id schema 100XYZ where X=species_digit, Y=slot 0-9, Z=frame index. Map-to-monster mapping is server_driven."
reference/review_assets/canonical_from_jar_png/offline/100291.png,client/assets/monster_legacy/01_confirmed_species_families/species_1002/slot_9/100291.png,confirmed_monster_family,"Species 1002 slot 9. 6-digit id schema 100XYZ where X=species_digit, Y=slot 0-9, Z=frame index. Map-to-monster mapping is server_driven."
reference/review_assets/canonical_from_jar_png/offline/100293.png,client/assets/monster_legacy/01_confirmed_species_families/species_1002/slot_9/100293.png,confirmed_monster_family,"Species 1002 slot 9. 6-digit id schema 100XYZ where X=species_digit, Y=slot 0-9, Z=frame index. Map-to-monster mapping is server_driven."
reference/review_assets/canonical_from_jar_png/offline/100294.png,client/assets/monster_legacy/01_confirmed_species_families/species_1002/slot_9/100294.png,confirmed_monster_family,"Species 1002 slot 9. 6-digit id schema 100XYZ where X=species_digit, Y=slot 0-9, Z=frame index. Map-to-monster mapping is server_driven."
reference/review_assets/canonical_from_jar_png/offline/100295.png,client/assets/monster_legacy/01_confirmed_species_families/species_1002/slot_9/100295.png,confirmed_monster_family,"Species 1002 slot 9. 6-digit id schema 100XYZ where X=species_digit, Y=slot 0-9, Z=frame index. Map-to-monster mapping is server_driven."
reference/review_assets/canonical_from_jar_png/offline/100303.png,client/assets/monster_legacy/01_confirmed_species_families/species_1003/slot_0/100303.png,confirmed_monster_family,"Species 1003 slot 0. 6-digit id schema 100XYZ where X=species_digit, Y=slot 0-9, Z=frame index. Map-to-monster mapping is server_driven."
reference/review_assets/canonical_from_jar_png/offline/100305.png,client/assets/monster_legacy/01_confirmed_species_families/species_1003/slot_0/100305.png,confirmed_monster_family,"Species 1003 slot 0. 6-digit id schema 100XYZ where X=species_digit, Y=slot 0-9, Z=frame index. Map-to-monster mapping is server_driven."
reference/review_assets/canonical_from_jar_png/offline/100306.png,client/assets/monster_legacy/01_confirmed_species_families/species_1003/slot_0/100306.png,confirmed_monster_family,"Species 1003 slot 0. 6-digit id schema 100XYZ where X=species_digit, Y=slot 0-9, Z=frame index. Map-to-monster mapping is server_driven."
reference/review_assets/canonical_from_jar_png/offline/100313.png,client/assets/monster_legacy/01_confirmed_species_families/species_1003/slot_1/100313.png,confirmed_monster_family,"Species 1003 slot 1. 6-digit id schema 100XYZ where X=species_digit, Y=slot 0-9, Z=frame index. Map-to-monster mapping is server_driven."
reference/review_assets/canonical_from_jar_png/offline/100315.png,client/assets/monster_legacy/01_confirmed_species_families/species_1003/slot_1/100315.png,confirmed_monster_family,"Species 1003 slot 1. 6-digit id schema 100XYZ where X=species_digit, Y=slot 0-9, Z=frame index. Map-to-monster mapping is server_driven."
reference/review_assets/canonical_from_jar_png/offline/100316.png,client/assets/monster_legacy/01_confirmed_species_families/species_1003/slot_1/100316.png,confirmed_monster_family,"Species 1003 slot 1. 6-digit id schema 100XYZ where X=species_digit, Y=slot 0-9, Z=frame index. Map-to-monster mapping is server_driven."
reference/review_assets/canonical_from_jar_png/offline/100323.png,client/assets/monster_legacy/01_confirmed_species_families/species_1003/slot_2/100323.png,confirmed_monster_family,"Species 1003 slot 2. 6-digit id schema 100XYZ where X=species_digit, Y=slot 0-9, Z=frame index. Map-to-monster mapping is server_driven."
reference/review_assets/canonical_from_jar_png/offline/100325.png,client/assets/monster_legacy/01_confirmed_species_families/species_1003/slot_2/100325.png,confirmed_monster_family,"Species 1003 slot 2. 6-digit id schema 100XYZ where X=species_digit, Y=slot 0-9, Z=frame index. Map-to-monster mapping is server_driven."
reference/review_assets/canonical_from_jar_png/offline/100326.png,client/assets/monster_legacy/01_confirmed_species_families/species_1003/slot_2/100326.png,confirmed_monster_family,"Species 1003 slot 2. 6-digit id schema 100XYZ where X=species_digit, Y=slot 0-9, Z=frame index. Map-to-monster mapping is server_driven."
reference/review_assets/canonical_from_jar_png/offline/100331.png,client/assets/monster_legacy/01_confirmed_species_families/species_1003/slot_3/100331.png,confirmed_monster_family,"Species 1003 slot 3. 6-digit id schema 100XYZ where X=species_digit, Y=slot 0-9, Z=frame index. Map-to-monster mapping is server_driven."
reference/review_assets/canonical_from_jar_png/offline/100333.png,client/assets/monster_legacy/01_confirmed_species_families/species_1003/slot_3/100333.png,confirmed_monster_family,"Species 1003 slot 3. 6-digit id schema 100XYZ where X=species_digit, Y=slot 0-9, Z=frame index. Map-to-monster mapping is server_driven."
reference/review_assets/canonical_from_jar_png/offline/100335.png,client/assets/monster_legacy/01_confirmed_species_families/species_1003/slot_3/100335.png,confirmed_monster_family,"Species 1003 slot 3. 6-digit id schema 100XYZ where X=species_digit, Y=slot 0-9, Z=frame index. Map-to-monster mapping is server_driven."
reference/review_assets/canonical_from_jar_png/offline/100336.png,client/assets/monster_legacy/01_confirmed_species_families/species_1003/slot_3/100336.png,confirmed_monster_family,"Species 1003 slot 3. 6-digit id schema 100XYZ where X=species_digit, Y=slot 0-9, Z=frame index. Map-to-monster mapping is server_driven."
reference/review_assets/canonical_from_jar_png/offline/100341.png,client/assets/monster_legacy/01_confirmed_species_families/species_1003/slot_4/100341.png,confirmed_monster_family,"Species 1003 slot 4. 6-digit id schema 100XYZ where X=species_digit, Y=slot 0-9, Z=frame index. Map-to-monster mapping is server_driven."
reference/review_assets/canonical_from_jar_png/offline/100343.png,client/assets/monster_legacy/01_confirmed_species_families/species_1003/slot_4/100343.png,confirmed_monster_family,"Species 1003 slot 4. 6-digit id schema 100XYZ where X=species_digit, Y=slot 0-9, Z=frame index. Map-to-monster mapping is server_driven."
reference/review_assets/canonical_from_jar_png/offline/100345.png,client/assets/monster_legacy/01_confirmed_species_families/species_1003/slot_4/100345.png,confirmed_monster_family,"Species 1003 slot 4. 6-digit id schema 100XYZ where X=species_digit, Y=slot 0-9, Z=frame index. Map-to-monster mapping is server_driven."
reference/review_assets/canonical_from_jar_png/offline/100346.png,client/assets/monster_legacy/01_confirmed_species_families/species_1003/slot_4/100346.png,confirmed_monster_family,"Species 1003 slot 4. 6-digit id schema 100XYZ where X=species_digit, Y=slot 0-9, Z=frame index. Map-to-monster mapping is server_driven."
reference/review_assets/canonical_from_jar_png/offline/100351.png,client/assets/monster_legacy/01_confirmed_species_families/species_1003/slot_5/100351.png,confirmed_monster_family,"Species 1003 slot 5. 6-digit id schema 100XYZ where X=species_digit, Y=slot 0-9, Z=frame index. Map-to-monster mapping is server_driven."
reference/review_assets/canonical_from_jar_png/offline/100353.png,client/assets/monster_legacy/01_confirmed_species_families/species_1003/slot_5/100353.png,confirmed_monster_family,"Species 1003 slot 5. 6-digit id schema 100XYZ where X=species_digit, Y=slot 0-9, Z=frame index. Map-to-monster mapping is server_driven."
reference/review_assets/canonical_from_jar_png/offline/100354.png,client/assets/monster_legacy/01_confirmed_species_families/species_1003/slot_5/100354.png,confirmed_monster_family,"Species 1003 slot 5. 6-digit id schema 100XYZ where X=species_digit, Y=slot 0-9, Z=frame index. Map-to-monster mapping is server_driven."
reference/review_assets/canonical_from_jar_png/offline/100355.png,client/assets/monster_legacy/01_confirmed_species_families/species_1003/slot_5/100355.png,confirmed_monster_family,"Species 1003 slot 5. 6-digit id schema 100XYZ where X=species_digit, Y=slot 0-9, Z=frame index. Map-to-monster mapping is server_driven."
reference/review_assets/canonical_from_jar_png/offline/100361.png,client/assets/monster_legacy/01_confirmed_species_families/species_1003/slot_6/100361.png,confirmed_monster_family,"Species 1003 slot 6. 6-digit id schema 100XYZ where X=species_digit, Y=slot 0-9, Z=frame index. Map-to-monster mapping is server_driven."
reference/review_assets/canonical_from_jar_png/offline/100363.png,client/assets/monster_legacy/01_confirmed_species_families/species_1003/slot_6/100363.png,confirmed_monster_family,"Species 1003 slot 6. 6-digit id schema 100XYZ where X=species_digit, Y=slot 0-9, Z=frame index. Map-to-monster mapping is server_driven."
reference/review_assets/canonical_from_jar_png/offline/100364.png,client/assets/monster_legacy/01_confirmed_species_families/species_1003/slot_6/100364.png,confirmed_monster_family,"Species 1003 slot 6. 6-digit id schema 100XYZ where X=species_digit, Y=slot 0-9, Z=frame index. Map-to-monster mapping is server_driven."
reference/review_assets/canonical_from_jar_png/offline/100365.png,client/assets/monster_legacy/01_confirmed_species_families/species_1003/slot_6/100365.png,confirmed_monster_family,"Species 1003 slot 6. 6-digit id schema 100XYZ where X=species_digit, Y=slot 0-9, Z=frame index. Map-to-monster mapping is server_driven."
reference/review_assets/canonical_from_jar_png/offline/100371.png,client/assets/monster_legacy/01_confirmed_species_families/species_1003/slot_7/100371.png,confirmed_monster_family,"Species 1003 slot 7. 6-digit id schema 100XYZ where X=species_digit, Y=slot 0-9, Z=frame index. Map-to-monster mapping is server_driven."
reference/review_assets/canonical_from_jar_png/offline/100373.png,client/assets/monster_legacy/01_confirmed_species_families/species_1003/slot_7/100373.png,confirmed_monster_family,"Species 1003 slot 7. 6-digit id schema 100XYZ where X=species_digit, Y=slot 0-9, Z=frame index. Map-to-monster mapping is server_driven."
reference/review_assets/canonical_from_jar_png/offline/100374.png,client/assets/monster_legacy/01_confirmed_species_families/species_1003/slot_7/100374.png,confirmed_monster_family,"Species 1003 slot 7. 6-digit id schema 100XYZ where X=species_digit, Y=slot 0-9, Z=frame index. Map-to-monster mapping is server_driven."
reference/review_assets/canonical_from_jar_png/offline/100375.png,client/assets/monster_legacy/01_confirmed_species_families/species_1003/slot_7/100375.png,confirmed_monster_family,"Species 1003 slot 7. 6-digit id schema 100XYZ where X=species_digit, Y=slot 0-9, Z=frame index. Map-to-monster mapping is server_driven."
reference/review_assets/canonical_from_jar_png/offline/100381.png,client/assets/monster_legacy/01_confirmed_species_families/species_1003/slot_8/100381.png,confirmed_monster_family,"Species 1003 slot 8. 6-digit id schema 100XYZ where X=species_digit, Y=slot 0-9, Z=frame index. Map-to-monster mapping is server_driven."
reference/review_assets/canonical_from_jar_png/offline/100383.png,client/assets/monster_legacy/01_confirmed_species_families/species_1003/slot_8/100383.png,confirmed_monster_family,"Species 1003 slot 8. 6-digit id schema 100XYZ where X=species_digit, Y=slot 0-9, Z=frame index. Map-to-monster mapping is server_driven."
reference/review_assets/canonical_from_jar_png/offline/100384.png,client/assets/monster_legacy/01_confirmed_species_families/species_1003/slot_8/100384.png,confirmed_monster_family,"Species 1003 slot 8. 6-digit id schema 100XYZ where X=species_digit, Y=slot 0-9, Z=frame index. Map-to-monster mapping is server_driven."
reference/review_assets/canonical_from_jar_png/offline/100385.png,client/assets/monster_legacy/01_confirmed_species_families/species_1003/slot_8/100385.png,confirmed_monster_family,"Species 1003 slot 8. 6-digit id schema 100XYZ where X=species_digit, Y=slot 0-9, Z=frame index. Map-to-monster mapping is server_driven."
reference/review_assets/canonical_from_jar_png/offline/100391.png,client/assets/monster_legacy/01_confirmed_species_families/species_1003/slot_9/100391.png,confirmed_monster_family,"Species 1003 slot 9. 6-digit id schema 100XYZ where X=species_digit, Y=slot 0-9, Z=frame index. Map-to-monster mapping is server_driven."
reference/review_assets/canonical_from_jar_png/offline/100393.png,client/assets/monster_legacy/01_confirmed_species_families/species_1003/slot_9/100393.png,confirmed_monster_family,"Species 1003 slot 9. 6-digit id schema 100XYZ where X=species_digit, Y=slot 0-9, Z=frame index. Map-to-monster mapping is server_driven."
reference/review_assets/canonical_from_jar_png/offline/100394.png,client/assets/monster_legacy/01_confirmed_species_families/species_1003/slot_9/100394.png,confirmed_monster_family,"Species 1003 slot 9. 6-digit id schema 100XYZ where X=species_digit, Y=slot 0-9, Z=frame index. Map-to-monster mapping is server_driven."
reference/review_assets/canonical_from_jar_png/offline/100395.png,client/assets/monster_legacy/01_confirmed_species_families/species_1003/slot_9/100395.png,confirmed_monster_family,"Species 1003 slot 9. 6-digit id schema 100XYZ where X=species_digit, Y=slot 0-9, Z=frame index. Map-to-monster mapping is server_driven."
reference/review_assets/canonical_from_jar_png/offline/100401.png,client/assets/monster_legacy/01_confirmed_species_families/species_1004/slot_0/100401.png,confirmed_monster_family,"Species 1004 slot 0. 6-digit id schema 100XYZ where X=species_digit, Y=slot 0-9, Z=frame index. Map-to-monster mapping is server_driven."
reference/review_assets/canonical_from_jar_png/offline/100403.png,client/assets/monster_legacy/01_confirmed_species_families/species_1004/slot_0/100403.png,confirmed_monster_family,"Species 1004 slot 0. 6-digit id schema 100XYZ where X=species_digit, Y=slot 0-9, Z=frame index. Map-to-monster mapping is server_driven."
reference/review_assets/canonical_from_jar_png/offline/100404.png,client/assets/monster_legacy/01_confirmed_species_families/species_1004/slot_0/100404.png,confirmed_monster_family,"Species 1004 slot 0. 6-digit id schema 100XYZ where X=species_digit, Y=slot 0-9, Z=frame index. Map-to-monster mapping is server_driven."
reference/review_assets/canonical_from_jar_png/offline/100405.png,client/assets/monster_legacy/01_confirmed_species_families/species_1004/slot_0/100405.png,confirmed_monster_family,"Species 1004 slot 0. 6-digit id schema 100XYZ where X=species_digit, Y=slot 0-9, Z=frame index. Map-to-monster mapping is server_driven."
reference/review_assets/canonical_from_jar_png/offline/100411.png,client/assets/monster_legacy/01_confirmed_species_families/species_1004/slot_1/100411.png,confirmed_monster_family,"Species 1004 slot 1. 6-digit id schema 100XYZ where X=species_digit, Y=slot 0-9, Z=frame index. Map-to-monster mapping is server_driven."
reference/review_assets/canonical_from_jar_png/offline/100413.png,client/assets/monster_legacy/01_confirmed_species_families/species_1004/slot_1/100413.png,confirmed_monster_family,"Species 1004 slot 1. 6-digit id schema 100XYZ where X=species_digit, Y=slot 0-9, Z=frame index. Map-to-monster mapping is server_driven."
reference/review_assets/canonical_from_jar_png/offline/100414.png,client/assets/monster_legacy/01_confirmed_species_families/species_1004/slot_1/100414.png,confirmed_monster_family,"Species 1004 slot 1. 6-digit id schema 100XYZ where X=species_digit, Y=slot 0-9, Z=frame index. Map-to-monster mapping is server_driven."
reference/review_assets/canonical_from_jar_png/offline/100415.png,client/assets/monster_legacy/01_confirmed_species_families/species_1004/slot_1/100415.png,confirmed_monster_family,"Species 1004 slot 1. 6-digit id schema 100XYZ where X=species_digit, Y=slot 0-9, Z=frame index. Map-to-monster mapping is server_driven."
reference/review_assets/canonical_from_jar_png/offline/100421.png,client/assets/monster_legacy/01_confirmed_species_families/species_1004/slot_2/100421.png,confirmed_monster_family,"Species 1004 slot 2. 6-digit id schema 100XYZ where X=species_digit, Y=slot 0-9, Z=frame index. Map-to-monster mapping is server_driven."
reference/review_assets/canonical_from_jar_png/offline/100423.png,client/assets/monster_legacy/01_confirmed_species_families/species_1004/slot_2/100423.png,confirmed_monster_family,"Species 1004 slot 2. 6-digit id schema 100XYZ where X=species_digit, Y=slot 0-9, Z=frame index. Map-to-monster mapping is server_driven."
reference/review_assets/canonical_from_jar_png/offline/100424.png,client/assets/monster_legacy/01_confirmed_species_families/species_1004/slot_2/100424.png,confirmed_monster_family,"Species 1004 slot 2. 6-digit id schema 100XYZ where X=species_digit, Y=slot 0-9, Z=frame index. Map-to-monster mapping is server_driven."
reference/review_assets/canonical_from_jar_png/offline/100425.png,client/assets/monster_legacy/01_confirmed_species_families/species_1004/slot_2/100425.png,confirmed_monster_family,"Species 1004 slot 2. 6-digit id schema 100XYZ where X=species_digit, Y=slot 0-9, Z=frame index. Map-to-monster mapping is server_driven."
reference/review_assets/canonical_from_jar_png/offline/100431.png,client/assets/monster_legacy/01_confirmed_species_families/species_1004/slot_3/100431.png,confirmed_monster_family,"Species 1004 slot 3. 6-digit id schema 100XYZ where X=species_digit, Y=slot 0-9, Z=frame index. Map-to-monster mapping is server_driven."
reference/review_assets/canonical_from_jar_png/offline/100433.png,client/assets/monster_legacy/01_confirmed_species_families/species_1004/slot_3/100433.png,confirmed_monster_family,"Species 1004 slot 3. 6-digit id schema 100XYZ where X=species_digit, Y=slot 0-9, Z=frame index. Map-to-monster mapping is server_driven."
reference/review_assets/canonical_from_jar_png/offline/100435.png,client/assets/monster_legacy/01_confirmed_species_families/species_1004/slot_3/100435.png,confirmed_monster_family,"Species 1004 slot 3. 6-digit id schema 100XYZ where X=species_digit, Y=slot 0-9, Z=frame index. Map-to-monster mapping is server_driven."
reference/review_assets/canonical_from_jar_png/offline/100436.png,client/assets/monster_legacy/01_confirmed_species_families/species_1004/slot_3/100436.png,confirmed_monster_family,"Species 1004 slot 3. 6-digit id schema 100XYZ where X=species_digit, Y=slot 0-9, Z=frame index. Map-to-monster mapping is server_driven."
reference/review_assets/canonical_from_jar_png/offline/100441.png,client/assets/monster_legacy/01_confirmed_species_families/species_1004/slot_4/100441.png,confirmed_monster_family,"Species 1004 slot 4. 6-digit id schema 100XYZ where X=species_digit, Y=slot 0-9, Z=frame index. Map-to-monster mapping is server_driven."
reference/review_assets/canonical_from_jar_png/offline/100443.png,client/assets/monster_legacy/01_confirmed_species_families/species_1004/slot_4/100443.png,confirmed_monster_family,"Species 1004 slot 4. 6-digit id schema 100XYZ where X=species_digit, Y=slot 0-9, Z=frame index. Map-to-monster mapping is server_driven."
reference/review_assets/canonical_from_jar_png/offline/100444.png,client/assets/monster_legacy/01_confirmed_species_families/species_1004/slot_4/100444.png,confirmed_monster_family,"Species 1004 slot 4. 6-digit id schema 100XYZ where X=species_digit, Y=slot 0-9, Z=frame index. Map-to-monster mapping is server_driven."
reference/review_assets/canonical_from_jar_png/offline/100445.png,client/assets/monster_legacy/01_confirmed_species_families/species_1004/slot_4/100445.png,confirmed_monster_family,"Species 1004 slot 4. 6-digit id schema 100XYZ where X=species_digit, Y=slot 0-9, Z=frame index. Map-to-monster mapping is server_driven."
reference/review_assets/canonical_from_jar_png/offline/100451.png,client/assets/monster_legacy/01_confirmed_species_families/species_1004/slot_5/100451.png,confirmed_monster_family,"Species 1004 slot 5. 6-digit id schema 100XYZ where X=species_digit, Y=slot 0-9, Z=frame index. Map-to-monster mapping is server_driven."
reference/review_assets/canonical_from_jar_png/offline/100453.png,client/assets/monster_legacy/01_confirmed_species_families/species_1004/slot_5/100453.png,confirmed_monster_family,"Species 1004 slot 5. 6-digit id schema 100XYZ where X=species_digit, Y=slot 0-9, Z=frame index. Map-to-monster mapping is server_driven."
reference/review_assets/canonical_from_jar_png/offline/100454.png,client/assets/monster_legacy/01_confirmed_species_families/species_1004/slot_5/100454.png,confirmed_monster_family,"Species 1004 slot 5. 6-digit id schema 100XYZ where X=species_digit, Y=slot 0-9, Z=frame index. Map-to-monster mapping is server_driven."
reference/review_assets/canonical_from_jar_png/offline/100455.png,client/assets/monster_legacy/01_confirmed_species_families/species_1004/slot_5/100455.png,confirmed_monster_family,"Species 1004 slot 5. 6-digit id schema 100XYZ where X=species_digit, Y=slot 0-9, Z=frame index. Map-to-monster mapping is server_driven."
reference/review_assets/canonical_from_jar_png/offline/100461.png,client/assets/monster_legacy/01_confirmed_species_families/species_1004/slot_6/100461.png,confirmed_monster_family,"Species 1004 slot 6. 6-digit id schema 100XYZ where X=species_digit, Y=slot 0-9, Z=frame index. Map-to-monster mapping is server_driven."
reference/review_assets/canonical_from_jar_png/offline/100463.png,client/assets/monster_legacy/01_confirmed_species_families/species_1004/slot_6/100463.png,confirmed_monster_family,"Species 1004 slot 6. 6-digit id schema 100XYZ where X=species_digit, Y=slot 0-9, Z=frame index. Map-to-monster mapping is server_driven."
reference/review_assets/canonical_from_jar_png/offline/100464.png,client/assets/monster_legacy/01_confirmed_species_families/species_1004/slot_6/100464.png,confirmed_monster_family,"Species 1004 slot 6. 6-digit id schema 100XYZ where X=species_digit, Y=slot 0-9, Z=frame index. Map-to-monster mapping is server_driven."
reference/review_assets/canonical_from_jar_png/offline/100465.png,client/assets/monster_legacy/01_confirmed_species_families/species_1004/slot_6/100465.png,confirmed_monster_family,"Species 1004 slot 6. 6-digit id schema 100XYZ where X=species_digit, Y=slot 0-9, Z=frame index. Map-to-monster mapping is server_driven."
reference/review_assets/canonical_from_jar_png/offline/100471.png,client/assets/monster_legacy/01_confirmed_species_families/species_1004/slot_7/100471.png,confirmed_monster_family,"Species 1004 slot 7. 6-digit id schema 100XYZ where X=species_digit, Y=slot 0-9, Z=frame index. Map-to-monster mapping is server_driven."
reference/review_assets/canonical_from_jar_png/offline/100473.png,client/assets/monster_legacy/01_confirmed_species_families/species_1004/slot_7/100473.png,confirmed_monster_family,"Species 1004 slot 7. 6-digit id schema 100XYZ where X=species_digit, Y=slot 0-9, Z=frame index. Map-to-monster mapping is server_driven."
reference/review_assets/canonical_from_jar_png/offline/100475.png,client/assets/monster_legacy/01_confirmed_species_families/species_1004/slot_7/100475.png,confirmed_monster_family,"Species 1004 slot 7. 6-digit id schema 100XYZ where X=species_digit, Y=slot 0-9, Z=frame index. Map-to-monster mapping is server_driven."
reference/review_assets/canonical_from_jar_png/offline/100476.png,client/assets/monster_legacy/01_confirmed_species_families/species_1004/slot_7/100476.png,confirmed_monster_family,"Species 1004 slot 7. 6-digit id schema 100XYZ where X=species_digit, Y=slot 0-9, Z=frame index. Map-to-monster mapping is server_driven."
reference/review_assets/canonical_from_jar_png/offline/100481.png,client/assets/monster_legacy/01_confirmed_species_families/species_1004/slot_8/100481.png,confirmed_monster_family,"Species 1004 slot 8. 6-digit id schema 100XYZ where X=species_digit, Y=slot 0-9, Z=frame index. Map-to-monster mapping is server_driven."
reference/review_assets/canonical_from_jar_png/offline/100483.png,client/assets/monster_legacy/01_confirmed_species_families/species_1004/slot_8/100483.png,confirmed_monster_family,"Species 1004 slot 8. 6-digit id schema 100XYZ where X=species_digit, Y=slot 0-9, Z=frame index. Map-to-monster mapping is server_driven."
reference/review_assets/canonical_from_jar_png/offline/100484.png,client/assets/monster_legacy/01_confirmed_species_families/species_1004/slot_8/100484.png,confirmed_monster_family,"Species 1004 slot 8. 6-digit id schema 100XYZ where X=species_digit, Y=slot 0-9, Z=frame index. Map-to-monster mapping is server_driven."
reference/review_assets/canonical_from_jar_png/offline/100485.png,client/assets/monster_legacy/01_confirmed_species_families/species_1004/slot_8/100485.png,confirmed_monster_family,"Species 1004 slot 8. 6-digit id schema 100XYZ where X=species_digit, Y=slot 0-9, Z=frame index. Map-to-monster mapping is server_driven."
reference/review_assets/canonical_from_jar_png/offline/100491.png,client/assets/monster_legacy/01_confirmed_species_families/species_1004/slot_9/100491.png,confirmed_monster_family,"Species 1004 slot 9. 6-digit id schema 100XYZ where X=species_digit, Y=slot 0-9, Z=frame index. Map-to-monster mapping is server_driven."
reference/review_assets/canonical_from_jar_png/offline/100493.png,client/assets/monster_legacy/01_confirmed_species_families/species_1004/slot_9/100493.png,confirmed_monster_family,"Species 1004 slot 9. 6-digit id schema 100XYZ where X=species_digit, Y=slot 0-9, Z=frame index. Map-to-monster mapping is server_driven."
reference/review_assets/canonical_from_jar_png/offline/100494.png,client/assets/monster_legacy/01_confirmed_species_families/species_1004/slot_9/100494.png,confirmed_monster_family,"Species 1004 slot 9. 6-digit id schema 100XYZ where X=species_digit, Y=slot 0-9, Z=frame index. Map-to-monster mapping is server_driven."
reference/review_assets/canonical_from_jar_png/offline/100495.png,client/assets/monster_legacy/01_confirmed_species_families/species_1004/slot_9/100495.png,confirmed_monster_family,"Species 1004 slot 9. 6-digit id schema 100XYZ where X=species_digit, Y=slot 0-9, Z=frame index. Map-to-monster mapping is server_driven."
reference/review_assets/canonical_from_jar_png/offline/100501.png,client/assets/monster_legacy/01_confirmed_species_families/species_1005/slot_0/100501.png,confirmed_monster_family,"Species 1005 slot 0. 6-digit id schema 100XYZ where X=species_digit, Y=slot 0-9, Z=frame index. Map-to-monster mapping is server_driven."
reference/review_assets/canonical_from_jar_png/offline/100503.png,client/assets/monster_legacy/01_confirmed_species_families/species_1005/slot_0/100503.png,confirmed_monster_family,"Species 1005 slot 0. 6-digit id schema 100XYZ where X=species_digit, Y=slot 0-9, Z=frame index. Map-to-monster mapping is server_driven."
reference/review_assets/canonical_from_jar_png/offline/100504.png,client/assets/monster_legacy/01_confirmed_species_families/species_1005/slot_0/100504.png,confirmed_monster_family,"Species 1005 slot 0. 6-digit id schema 100XYZ where X=species_digit, Y=slot 0-9, Z=frame index. Map-to-monster mapping is server_driven."
reference/review_assets/canonical_from_jar_png/offline/100505.png,client/assets/monster_legacy/01_confirmed_species_families/species_1005/slot_0/100505.png,confirmed_monster_family,"Species 1005 slot 0. 6-digit id schema 100XYZ where X=species_digit, Y=slot 0-9, Z=frame index. Map-to-monster mapping is server_driven."
reference/review_assets/canonical_from_jar_png/offline/100511.png,client/assets/monster_legacy/01_confirmed_species_families/species_1005/slot_1/100511.png,confirmed_monster_family,"Species 1005 slot 1. 6-digit id schema 100XYZ where X=species_digit, Y=slot 0-9, Z=frame index. Map-to-monster mapping is server_driven."
reference/review_assets/canonical_from_jar_png/offline/100513.png,client/assets/monster_legacy/01_confirmed_species_families/species_1005/slot_1/100513.png,confirmed_monster_family,"Species 1005 slot 1. 6-digit id schema 100XYZ where X=species_digit, Y=slot 0-9, Z=frame index. Map-to-monster mapping is server_driven."
reference/review_assets/canonical_from_jar_png/offline/100515.png,client/assets/monster_legacy/01_confirmed_species_families/species_1005/slot_1/100515.png,confirmed_monster_family,"Species 1005 slot 1. 6-digit id schema 100XYZ where X=species_digit, Y=slot 0-9, Z=frame index. Map-to-monster mapping is server_driven."
reference/review_assets/canonical_from_jar_png/offline/100516.png,client/assets/monster_legacy/01_confirmed_species_families/species_1005/slot_1/100516.png,confirmed_monster_family,"Species 1005 slot 1. 6-digit id schema 100XYZ where X=species_digit, Y=slot 0-9, Z=frame index. Map-to-monster mapping is server_driven."
reference/review_assets/canonical_from_jar_png/offline/100521.png,client/assets/monster_legacy/01_confirmed_species_families/species_1005/slot_2/100521.png,confirmed_monster_family,"Species 1005 slot 2. 6-digit id schema 100XYZ where X=species_digit, Y=slot 0-9, Z=frame index. Map-to-monster mapping is server_driven."
reference/review_assets/canonical_from_jar_png/offline/100523.png,client/assets/monster_legacy/01_confirmed_species_families/species_1005/slot_2/100523.png,confirmed_monster_family,"Species 1005 slot 2. 6-digit id schema 100XYZ where X=species_digit, Y=slot 0-9, Z=frame index. Map-to-monster mapping is server_driven."
reference/review_assets/canonical_from_jar_png/offline/100524.png,client/assets/monster_legacy/01_confirmed_species_families/species_1005/slot_2/100524.png,confirmed_monster_family,"Species 1005 slot 2. 6-digit id schema 100XYZ where X=species_digit, Y=slot 0-9, Z=frame index. Map-to-monster mapping is server_driven."
reference/review_assets/canonical_from_jar_png/offline/100525.png,client/assets/monster_legacy/01_confirmed_species_families/species_1005/slot_2/100525.png,confirmed_monster_family,"Species 1005 slot 2. 6-digit id schema 100XYZ where X=species_digit, Y=slot 0-9, Z=frame index. Map-to-monster mapping is server_driven."
reference/review_assets/canonical_from_jar_png/offline/100531.png,client/assets/monster_legacy/01_confirmed_species_families/species_1005/slot_3/100531.png,confirmed_monster_family,"Species 1005 slot 3. 6-digit id schema 100XYZ where X=species_digit, Y=slot 0-9, Z=frame index. Map-to-monster mapping is server_driven."
reference/review_assets/canonical_from_jar_png/offline/100533.png,client/assets/monster_legacy/01_confirmed_species_families/species_1005/slot_3/100533.png,confirmed_monster_family,"Species 1005 slot 3. 6-digit id schema 100XYZ where X=species_digit, Y=slot 0-9, Z=frame index. Map-to-monster mapping is server_driven."
reference/review_assets/canonical_from_jar_png/offline/100534.png,client/assets/monster_legacy/01_confirmed_species_families/species_1005/slot_3/100534.png,confirmed_monster_family,"Species 1005 slot 3. 6-digit id schema 100XYZ where X=species_digit, Y=slot 0-9, Z=frame index. Map-to-monster mapping is server_driven."
reference/review_assets/canonical_from_jar_png/offline/100535.png,client/assets/monster_legacy/01_confirmed_species_families/species_1005/slot_3/100535.png,confirmed_monster_family,"Species 1005 slot 3. 6-digit id schema 100XYZ where X=species_digit, Y=slot 0-9, Z=frame index. Map-to-monster mapping is server_driven."
reference/review_assets/canonical_from_jar_png/offline/100541.png,client/assets/monster_legacy/01_confirmed_species_families/species_1005/slot_4/100541.png,confirmed_monster_family,"Species 1005 slot 4. 6-digit id schema 100XYZ where X=species_digit, Y=slot 0-9, Z=frame index. Map-to-monster mapping is server_driven."
reference/review_assets/canonical_from_jar_png/offline/100543.png,client/assets/monster_legacy/01_confirmed_species_families/species_1005/slot_4/100543.png,confirmed_monster_family,"Species 1005 slot 4. 6-digit id schema 100XYZ where X=species_digit, Y=slot 0-9, Z=frame index. Map-to-monster mapping is server_driven."
reference/review_assets/canonical_from_jar_png/offline/100544.png,client/assets/monster_legacy/01_confirmed_species_families/species_1005/slot_4/100544.png,confirmed_monster_family,"Species 1005 slot 4. 6-digit id schema 100XYZ where X=species_digit, Y=slot 0-9, Z=frame index. Map-to-monster mapping is server_driven."
reference/review_assets/canonical_from_jar_png/offline/100545.png,client/assets/monster_legacy/01_confirmed_species_families/species_1005/slot_4/100545.png,confirmed_monster_family,"Species 1005 slot 4. 6-digit id schema 100XYZ where X=species_digit, Y=slot 0-9, Z=frame index. Map-to-monster mapping is server_driven."
reference/review_assets/canonical_from_jar_png/offline/100551.png,client/assets/monster_legacy/01_confirmed_species_families/species_1005/slot_5/100551.png,confirmed_monster_family,"Species 1005 slot 5. 6-digit id schema 100XYZ where X=species_digit, Y=slot 0-9, Z=frame index. Map-to-monster mapping is server_driven."
reference/review_assets/canonical_from_jar_png/offline/100553.png,client/assets/monster_legacy/01_confirmed_species_families/species_1005/slot_5/100553.png,confirmed_monster_family,"Species 1005 slot 5. 6-digit id schema 100XYZ where X=species_digit, Y=slot 0-9, Z=frame index. Map-to-monster mapping is server_driven."
reference/review_assets/canonical_from_jar_png/offline/100554.png,client/assets/monster_legacy/01_confirmed_species_families/species_1005/slot_5/100554.png,confirmed_monster_family,"Species 1005 slot 5. 6-digit id schema 100XYZ where X=species_digit, Y=slot 0-9, Z=frame index. Map-to-monster mapping is server_driven."
reference/review_assets/canonical_from_jar_png/offline/100555.png,client/assets/monster_legacy/01_confirmed_species_families/species_1005/slot_5/100555.png,confirmed_monster_family,"Species 1005 slot 5. 6-digit id schema 100XYZ where X=species_digit, Y=slot 0-9, Z=frame index. Map-to-monster mapping is server_driven."
reference/review_assets/canonical_from_jar_png/offline/100561.png,client/assets/monster_legacy/01_confirmed_species_families/species_1005/slot_6/100561.png,confirmed_monster_family,"Species 1005 slot 6. 6-digit id schema 100XYZ where X=species_digit, Y=slot 0-9, Z=frame index. Map-to-monster mapping is server_driven."
reference/review_assets/canonical_from_jar_png/offline/100563.png,client/assets/monster_legacy/01_confirmed_species_families/species_1005/slot_6/100563.png,confirmed_monster_family,"Species 1005 slot 6. 6-digit id schema 100XYZ where X=species_digit, Y=slot 0-9, Z=frame index. Map-to-monster mapping is server_driven."
reference/review_assets/canonical_from_jar_png/offline/100564.png,client/assets/monster_legacy/01_confirmed_species_families/species_1005/slot_6/100564.png,confirmed_monster_family,"Species 1005 slot 6. 6-digit id schema 100XYZ where X=species_digit, Y=slot 0-9, Z=frame index. Map-to-monster mapping is server_driven."
reference/review_assets/canonical_from_jar_png/offline/100565.png,client/assets/monster_legacy/01_confirmed_species_families/species_1005/slot_6/100565.png,confirmed_monster_family,"Species 1005 slot 6. 6-digit id schema 100XYZ where X=species_digit, Y=slot 0-9, Z=frame index. Map-to-monster mapping is server_driven."
reference/review_assets/canonical_from_jar_png/offline/100571.png,client/assets/monster_legacy/01_confirmed_species_families/species_1005/slot_7/100571.png,confirmed_monster_family,"Species 1005 slot 7. 6-digit id schema 100XYZ where X=species_digit, Y=slot 0-9, Z=frame index. Map-to-monster mapping is server_driven."
reference/review_assets/canonical_from_jar_png/offline/100573.png,client/assets/monster_legacy/01_confirmed_species_families/species_1005/slot_7/100573.png,confirmed_monster_family,"Species 1005 slot 7. 6-digit id schema 100XYZ where X=species_digit, Y=slot 0-9, Z=frame index. Map-to-monster mapping is server_driven."
reference/review_assets/canonical_from_jar_png/offline/100574.png,client/assets/monster_legacy/01_confirmed_species_families/species_1005/slot_7/100574.png,confirmed_monster_family,"Species 1005 slot 7. 6-digit id schema 100XYZ where X=species_digit, Y=slot 0-9, Z=frame index. Map-to-monster mapping is server_driven."
reference/review_assets/canonical_from_jar_png/offline/100575.png,client/assets/monster_legacy/01_confirmed_species_families/species_1005/slot_7/100575.png,confirmed_monster_family,"Species 1005 slot 7. 6-digit id schema 100XYZ where X=species_digit, Y=slot 0-9, Z=frame index. Map-to-monster mapping is server_driven."
reference/review_assets/canonical_from_jar_png/offline/100581.png,client/assets/monster_legacy/01_confirmed_species_families/species_1005/slot_8/100581.png,confirmed_monster_family,"Species 1005 slot 8. 6-digit id schema 100XYZ where X=species_digit, Y=slot 0-9, Z=frame index. Map-to-monster mapping is server_driven."
reference/review_assets/canonical_from_jar_png/offline/100583.png,client/assets/monster_legacy/01_confirmed_species_families/species_1005/slot_8/100583.png,confirmed_monster_family,"Species 1005 slot 8. 6-digit id schema 100XYZ where X=species_digit, Y=slot 0-9, Z=frame index. Map-to-monster mapping is server_driven."
reference/review_assets/canonical_from_jar_png/offline/100584.png,client/assets/monster_legacy/01_confirmed_species_families/species_1005/slot_8/100584.png,confirmed_monster_family,"Species 1005 slot 8. 6-digit id schema 100XYZ where X=species_digit, Y=slot 0-9, Z=frame index. Map-to-monster mapping is server_driven."
reference/review_assets/canonical_from_jar_png/offline/100585.png,client/assets/monster_legacy/01_confirmed_species_families/species_1005/slot_8/100585.png,confirmed_monster_family,"Species 1005 slot 8. 6-digit id schema 100XYZ where X=species_digit, Y=slot 0-9, Z=frame index. Map-to-monster mapping is server_driven."
reference/review_assets/canonical_from_jar_png/offline/100601.png,client/assets/monster_legacy/01_confirmed_species_families/species_1006/slot_0/100601.png,confirmed_monster_family,"Species 1006 slot 0. 6-digit id schema 100XYZ where X=species_digit, Y=slot 0-9, Z=frame index. Map-to-monster mapping is server_driven."
reference/review_assets/canonical_from_jar_png/offline/100603.png,client/assets/monster_legacy/01_confirmed_species_families/species_1006/slot_0/100603.png,confirmed_monster_family,"Species 1006 slot 0. 6-digit id schema 100XYZ where X=species_digit, Y=slot 0-9, Z=frame index. Map-to-monster mapping is server_driven."
reference/review_assets/canonical_from_jar_png/offline/100604.png,client/assets/monster_legacy/01_confirmed_species_families/species_1006/slot_0/100604.png,confirmed_monster_family,"Species 1006 slot 0. 6-digit id schema 100XYZ where X=species_digit, Y=slot 0-9, Z=frame index. Map-to-monster mapping is server_driven."
reference/review_assets/canonical_from_jar_png/offline/100605.png,client/assets/monster_legacy/01_confirmed_species_families/species_1006/slot_0/100605.png,confirmed_monster_family,"Species 1006 slot 0. 6-digit id schema 100XYZ where X=species_digit, Y=slot 0-9, Z=frame index. Map-to-monster mapping is server_driven."
reference/review_assets/canonical_from_jar_png/offline/100611.png,client/assets/monster_legacy/01_confirmed_species_families/species_1006/slot_1/100611.png,confirmed_monster_family,"Species 1006 slot 1. 6-digit id schema 100XYZ where X=species_digit, Y=slot 0-9, Z=frame index. Map-to-monster mapping is server_driven."
reference/review_assets/canonical_from_jar_png/offline/100613.png,client/assets/monster_legacy/01_confirmed_species_families/species_1006/slot_1/100613.png,confirmed_monster_family,"Species 1006 slot 1. 6-digit id schema 100XYZ where X=species_digit, Y=slot 0-9, Z=frame index. Map-to-monster mapping is server_driven."
reference/review_assets/canonical_from_jar_png/offline/100615.png,client/assets/monster_legacy/01_confirmed_species_families/species_1006/slot_1/100615.png,confirmed_monster_family,"Species 1006 slot 1. 6-digit id schema 100XYZ where X=species_digit, Y=slot 0-9, Z=frame index. Map-to-monster mapping is server_driven."
reference/review_assets/canonical_from_jar_png/offline/100616.png,client/assets/monster_legacy/01_confirmed_species_families/species_1006/slot_1/100616.png,confirmed_monster_family,"Species 1006 slot 1. 6-digit id schema 100XYZ where X=species_digit, Y=slot 0-9, Z=frame index. Map-to-monster mapping is server_driven."
reference/review_assets/canonical_from_jar_png/offline/100621.png,client/assets/monster_legacy/01_confirmed_species_families/species_1006/slot_2/100621.png,confirmed_monster_family,"Species 1006 slot 2. 6-digit id schema 100XYZ where X=species_digit, Y=slot 0-9, Z=frame index. Map-to-monster mapping is server_driven."
reference/review_assets/canonical_from_jar_png/offline/100623.png,client/assets/monster_legacy/01_confirmed_species_families/species_1006/slot_2/100623.png,confirmed_monster_family,"Species 1006 slot 2. 6-digit id schema 100XYZ where X=species_digit, Y=slot 0-9, Z=frame index. Map-to-monster mapping is server_driven."
reference/review_assets/canonical_from_jar_png/offline/100624.png,client/assets/monster_legacy/01_confirmed_species_families/species_1006/slot_2/100624.png,confirmed_monster_family,"Species 1006 slot 2. 6-digit id schema 100XYZ where X=species_digit, Y=slot 0-9, Z=frame index. Map-to-monster mapping is server_driven."
reference/review_assets/canonical_from_jar_png/offline/100625.png,client/assets/monster_legacy/01_confirmed_species_families/species_1006/slot_2/100625.png,confirmed_monster_family,"Species 1006 slot 2. 6-digit id schema 100XYZ where X=species_digit, Y=slot 0-9, Z=frame index. Map-to-monster mapping is server_driven."
reference/review_assets/canonical_from_jar_png/offline/100631.png,client/assets/monster_legacy/01_confirmed_species_families/species_1006/slot_3/100631.png,confirmed_monster_family,"Species 1006 slot 3. 6-digit id schema 100XYZ where X=species_digit, Y=slot 0-9, Z=frame index. Map-to-monster mapping is server_driven."
reference/review_assets/canonical_from_jar_png/offline/100633.png,client/assets/monster_legacy/01_confirmed_species_families/species_1006/slot_3/100633.png,confirmed_monster_family,"Species 1006 slot 3. 6-digit id schema 100XYZ where X=species_digit, Y=slot 0-9, Z=frame index. Map-to-monster mapping is server_driven."
reference/review_assets/canonical_from_jar_png/offline/100634.png,client/assets/monster_legacy/01_confirmed_species_families/species_1006/slot_3/100634.png,confirmed_monster_family,"Species 1006 slot 3. 6-digit id schema 100XYZ where X=species_digit, Y=slot 0-9, Z=frame index. Map-to-monster mapping is server_driven."
reference/review_assets/canonical_from_jar_png/offline/100635.png,client/assets/monster_legacy/01_confirmed_species_families/species_1006/slot_3/100635.png,confirmed_monster_family,"Species 1006 slot 3. 6-digit id schema 100XYZ where X=species_digit, Y=slot 0-9, Z=frame index. Map-to-monster mapping is server_driven."
reference/review_assets/canonical_from_jar_png/offline/100641.png,client/assets/monster_legacy/01_confirmed_species_families/species_1006/slot_4/100641.png,confirmed_monster_family,"Species 1006 slot 4. 6-digit id schema 100XYZ where X=species_digit, Y=slot 0-9, Z=frame index. Map-to-monster mapping is server_driven."
reference/review_assets/canonical_from_jar_png/offline/100643.png,client/assets/monster_legacy/01_confirmed_species_families/species_1006/slot_4/100643.png,confirmed_monster_family,"Species 1006 slot 4. 6-digit id schema 100XYZ where X=species_digit, Y=slot 0-9, Z=frame index. Map-to-monster mapping is server_driven."
reference/review_assets/canonical_from_jar_png/offline/100644.png,client/assets/monster_legacy/01_confirmed_species_families/species_1006/slot_4/100644.png,confirmed_monster_family,"Species 1006 slot 4. 6-digit id schema 100XYZ where X=species_digit, Y=slot 0-9, Z=frame index. Map-to-monster mapping is server_driven."
reference/review_assets/canonical_from_jar_png/offline/100645.png,client/assets/monster_legacy/01_confirmed_species_families/species_1006/slot_4/100645.png,confirmed_monster_family,"Species 1006 slot 4. 6-digit id schema 100XYZ where X=species_digit, Y=slot 0-9, Z=frame index. Map-to-monster mapping is server_driven."
reference/review_assets/canonical_from_jar_png/offline/100651.png,client/assets/monster_legacy/01_confirmed_species_families/species_1006/slot_5/100651.png,confirmed_monster_family,"Species 1006 slot 5. 6-digit id schema 100XYZ where X=species_digit, Y=slot 0-9, Z=frame index. Map-to-monster mapping is server_driven."
reference/review_assets/canonical_from_jar_png/offline/100653.png,client/assets/monster_legacy/01_confirmed_species_families/species_1006/slot_5/100653.png,confirmed_monster_family,"Species 1006 slot 5. 6-digit id schema 100XYZ where X=species_digit, Y=slot 0-9, Z=frame index. Map-to-monster mapping is server_driven."
reference/review_assets/canonical_from_jar_png/offline/100654.png,client/assets/monster_legacy/01_confirmed_species_families/species_1006/slot_5/100654.png,confirmed_monster_family,"Species 1006 slot 5. 6-digit id schema 100XYZ where X=species_digit, Y=slot 0-9, Z=frame index. Map-to-monster mapping is server_driven."
reference/review_assets/canonical_from_jar_png/offline/100655.png,client/assets/monster_legacy/01_confirmed_species_families/species_1006/slot_5/100655.png,confirmed_monster_family,"Species 1006 slot 5. 6-digit id schema 100XYZ where X=species_digit, Y=slot 0-9, Z=frame index. Map-to-monster mapping is server_driven."
reference/review_assets/canonical_from_jar_png/offline/100661.png,client/assets/monster_legacy/01_confirmed_species_families/species_1006/slot_6/100661.png,confirmed_monster_family,"Species 1006 slot 6. 6-digit id schema 100XYZ where X=species_digit, Y=slot 0-9, Z=frame index. Map-to-monster mapping is server_driven."
reference/review_assets/canonical_from_jar_png/offline/100663.png,client/assets/monster_legacy/01_confirmed_species_families/species_1006/slot_6/100663.png,confirmed_monster_family,"Species 1006 slot 6. 6-digit id schema 100XYZ where X=species_digit, Y=slot 0-9, Z=frame index. Map-to-monster mapping is server_driven."
reference/review_assets/canonical_from_jar_png/offline/100664.png,client/assets/monster_legacy/01_confirmed_species_families/species_1006/slot_6/100664.png,confirmed_monster_family,"Species 1006 slot 6. 6-digit id schema 100XYZ where X=species_digit, Y=slot 0-9, Z=frame index. Map-to-monster mapping is server_driven."
reference/review_assets/canonical_from_jar_png/offline/100665.png,client/assets/monster_legacy/01_confirmed_species_families/species_1006/slot_6/100665.png,confirmed_monster_family,"Species 1006 slot 6. 6-digit id schema 100XYZ where X=species_digit, Y=slot 0-9, Z=frame index. Map-to-monster mapping is server_driven."
reference/review_assets/canonical_from_jar_png/offline/100671.png,client/assets/monster_legacy/01_confirmed_species_families/species_1006/slot_7/100671.png,confirmed_monster_family,"Species 1006 slot 7. 6-digit id schema 100XYZ where X=species_digit, Y=slot 0-9, Z=frame index. Map-to-monster mapping is server_driven."
reference/review_assets/canonical_from_jar_png/offline/100673.png,client/assets/monster_legacy/01_confirmed_species_families/species_1006/slot_7/100673.png,confirmed_monster_family,"Species 1006 slot 7. 6-digit id schema 100XYZ where X=species_digit, Y=slot 0-9, Z=frame index. Map-to-monster mapping is server_driven."
reference/review_assets/canonical_from_jar_png/offline/100674.png,client/assets/monster_legacy/01_confirmed_species_families/species_1006/slot_7/100674.png,confirmed_monster_family,"Species 1006 slot 7. 6-digit id schema 100XYZ where X=species_digit, Y=slot 0-9, Z=frame index. Map-to-monster mapping is server_driven."
reference/review_assets/canonical_from_jar_png/offline/100675.png,client/assets/monster_legacy/01_confirmed_species_families/species_1006/slot_7/100675.png,confirmed_monster_family,"Species 1006 slot 7. 6-digit id schema 100XYZ where X=species_digit, Y=slot 0-9, Z=frame index. Map-to-monster mapping is server_driven."
reference/review_assets/canonical_from_jar_png/offline/100681.png,client/assets/monster_legacy/01_confirmed_species_families/species_1006/slot_8/100681.png,confirmed_monster_family,"Species 1006 slot 8. 6-digit id schema 100XYZ where X=species_digit, Y=slot 0-9, Z=frame index. Map-to-monster mapping is server_driven."
reference/review_assets/canonical_from_jar_png/offline/100683.png,client/assets/monster_legacy/01_confirmed_species_families/species_1006/slot_8/100683.png,confirmed_monster_family,"Species 1006 slot 8. 6-digit id schema 100XYZ where X=species_digit, Y=slot 0-9, Z=frame index. Map-to-monster mapping is server_driven."
reference/review_assets/canonical_from_jar_png/offline/100684.png,client/assets/monster_legacy/01_confirmed_species_families/species_1006/slot_8/100684.png,confirmed_monster_family,"Species 1006 slot 8. 6-digit id schema 100XYZ where X=species_digit, Y=slot 0-9, Z=frame index. Map-to-monster mapping is server_driven."
reference/review_assets/canonical_from_jar_png/offline/100685.png,client/assets/monster_legacy/01_confirmed_species_families/species_1006/slot_8/100685.png,confirmed_monster_family,"Species 1006 slot 8. 6-digit id schema 100XYZ where X=species_digit, Y=slot 0-9, Z=frame index. Map-to-monster mapping is server_driven."
reference/review_assets/canonical_from_jar_png/offline/100691.png,client/assets/monster_legacy/01_confirmed_species_families/species_1006/slot_9/100691.png,confirmed_monster_family,"Species 1006 slot 9. 6-digit id schema 100XYZ where X=species_digit, Y=slot 0-9, Z=frame index. Map-to-monster mapping is server_driven."
reference/review_assets/canonical_from_jar_png/offline/100693.png,client/assets/monster_legacy/01_confirmed_species_families/species_1006/slot_9/100693.png,confirmed_monster_family,"Species 1006 slot 9. 6-digit id schema 100XYZ where X=species_digit, Y=slot 0-9, Z=frame index. Map-to-monster mapping is server_driven."
reference/review_assets/canonical_from_jar_png/offline/100694.png,client/assets/monster_legacy/01_confirmed_species_families/species_1006/slot_9/100694.png,confirmed_monster_family,"Species 1006 slot 9. 6-digit id schema 100XYZ where X=species_digit, Y=slot 0-9, Z=frame index. Map-to-monster mapping is server_driven."
reference/review_assets/canonical_from_jar_png/offline/100695.png,client/assets/monster_legacy/01_confirmed_species_families/species_1006/slot_9/100695.png,confirmed_monster_family,"Species 1006 slot 9. 6-digit id schema 100XYZ where X=species_digit, Y=slot 0-9, Z=frame index. Map-to-monster mapping is server_driven."
reference/review_assets/canonical_from_jar_png/offline/100701.png,client/assets/monster_legacy/01_confirmed_species_families/species_1007/slot_0/100701.png,confirmed_monster_family,"Species 1007 slot 0. 6-digit id schema 100XYZ where X=species_digit, Y=slot 0-9, Z=frame index. Map-to-monster mapping is server_driven."
reference/review_assets/canonical_from_jar_png/offline/100703.png,client/assets/monster_legacy/01_confirmed_species_families/species_1007/slot_0/100703.png,confirmed_monster_family,"Species 1007 slot 0. 6-digit id schema 100XYZ where X=species_digit, Y=slot 0-9, Z=frame index. Map-to-monster mapping is server_driven."
reference/review_assets/canonical_from_jar_png/offline/100704.png,client/assets/monster_legacy/01_confirmed_species_families/species_1007/slot_0/100704.png,confirmed_monster_family,"Species 1007 slot 0. 6-digit id schema 100XYZ where X=species_digit, Y=slot 0-9, Z=frame index. Map-to-monster mapping is server_driven."
reference/review_assets/canonical_from_jar_png/offline/100705.png,client/assets/monster_legacy/01_confirmed_species_families/species_1007/slot_0/100705.png,confirmed_monster_family,"Species 1007 slot 0. 6-digit id schema 100XYZ where X=species_digit, Y=slot 0-9, Z=frame index. Map-to-monster mapping is server_driven."
reference/review_assets/canonical_from_jar_png/offline/100711.png,client/assets/monster_legacy/01_confirmed_species_families/species_1007/slot_1/100711.png,confirmed_monster_family,"Species 1007 slot 1. 6-digit id schema 100XYZ where X=species_digit, Y=slot 0-9, Z=frame index. Map-to-monster mapping is server_driven."
reference/review_assets/canonical_from_jar_png/offline/100713.png,client/assets/monster_legacy/01_confirmed_species_families/species_1007/slot_1/100713.png,confirmed_monster_family,"Species 1007 slot 1. 6-digit id schema 100XYZ where X=species_digit, Y=slot 0-9, Z=frame index. Map-to-monster mapping is server_driven."
reference/review_assets/canonical_from_jar_png/offline/100714.png,client/assets/monster_legacy/01_confirmed_species_families/species_1007/slot_1/100714.png,confirmed_monster_family,"Species 1007 slot 1. 6-digit id schema 100XYZ where X=species_digit, Y=slot 0-9, Z=frame index. Map-to-monster mapping is server_driven."
reference/review_assets/canonical_from_jar_png/offline/100715.png,client/assets/monster_legacy/01_confirmed_species_families/species_1007/slot_1/100715.png,confirmed_monster_family,"Species 1007 slot 1. 6-digit id schema 100XYZ where X=species_digit, Y=slot 0-9, Z=frame index. Map-to-monster mapping is server_driven."
reference/review_assets/canonical_from_jar_png/offline/100721.png,client/assets/monster_legacy/01_confirmed_species_families/species_1007/slot_2/100721.png,confirmed_monster_family,"Species 1007 slot 2. 6-digit id schema 100XYZ where X=species_digit, Y=slot 0-9, Z=frame index. Map-to-monster mapping is server_driven."
reference/review_assets/canonical_from_jar_png/offline/100723.png,client/assets/monster_legacy/01_confirmed_species_families/species_1007/slot_2/100723.png,confirmed_monster_family,"Species 1007 slot 2. 6-digit id schema 100XYZ where X=species_digit, Y=slot 0-9, Z=frame index. Map-to-monster mapping is server_driven."
reference/review_assets/canonical_from_jar_png/offline/100724.png,client/assets/monster_legacy/01_confirmed_species_families/species_1007/slot_2/100724.png,confirmed_monster_family,"Species 1007 slot 2. 6-digit id schema 100XYZ where X=species_digit, Y=slot 0-9, Z=frame index. Map-to-monster mapping is server_driven."
reference/review_assets/canonical_from_jar_png/offline/100725.png,client/assets/monster_legacy/01_confirmed_species_families/species_1007/slot_2/100725.png,confirmed_monster_family,"Species 1007 slot 2. 6-digit id schema 100XYZ where X=species_digit, Y=slot 0-9, Z=frame index. Map-to-monster mapping is server_driven."
reference/review_assets/canonical_from_jar_png/offline/100731.png,client/assets/monster_legacy/01_confirmed_species_families/species_1007/slot_3/100731.png,confirmed_monster_family,"Species 1007 slot 3. 6-digit id schema 100XYZ where X=species_digit, Y=slot 0-9, Z=frame index. Map-to-monster mapping is server_driven."
reference/review_assets/canonical_from_jar_png/offline/100733.png,client/assets/monster_legacy/01_confirmed_species_families/species_1007/slot_3/100733.png,confirmed_monster_family,"Species 1007 slot 3. 6-digit id schema 100XYZ where X=species_digit, Y=slot 0-9, Z=frame index. Map-to-monster mapping is server_driven."
reference/review_assets/canonical_from_jar_png/offline/100734.png,client/assets/monster_legacy/01_confirmed_species_families/species_1007/slot_3/100734.png,confirmed_monster_family,"Species 1007 slot 3. 6-digit id schema 100XYZ where X=species_digit, Y=slot 0-9, Z=frame index. Map-to-monster mapping is server_driven."
reference/review_assets/canonical_from_jar_png/offline/100735.png,client/assets/monster_legacy/01_confirmed_species_families/species_1007/slot_3/100735.png,confirmed_monster_family,"Species 1007 slot 3. 6-digit id schema 100XYZ where X=species_digit, Y=slot 0-9, Z=frame index. Map-to-monster mapping is server_driven."
reference/review_assets/canonical_from_jar_png/offline/100741.png,client/assets/monster_legacy/01_confirmed_species_families/species_1007/slot_4/100741.png,confirmed_monster_family,"Species 1007 slot 4. 6-digit id schema 100XYZ where X=species_digit, Y=slot 0-9, Z=frame index. Map-to-monster mapping is server_driven."
reference/review_assets/canonical_from_jar_png/offline/100743.png,client/assets/monster_legacy/01_confirmed_species_families/species_1007/slot_4/100743.png,confirmed_monster_family,"Species 1007 slot 4. 6-digit id schema 100XYZ where X=species_digit, Y=slot 0-9, Z=frame index. Map-to-monster mapping is server_driven."
reference/review_assets/canonical_from_jar_png/offline/100744.png,client/assets/monster_legacy/01_confirmed_species_families/species_1007/slot_4/100744.png,confirmed_monster_family,"Species 1007 slot 4. 6-digit id schema 100XYZ where X=species_digit, Y=slot 0-9, Z=frame index. Map-to-monster mapping is server_driven."
reference/review_assets/canonical_from_jar_png/offline/100745.png,client/assets/monster_legacy/01_confirmed_species_families/species_1007/slot_4/100745.png,confirmed_monster_family,"Species 1007 slot 4. 6-digit id schema 100XYZ where X=species_digit, Y=slot 0-9, Z=frame index. Map-to-monster mapping is server_driven."
reference/review_assets/canonical_from_jar_png/offline/100751.png,client/assets/monster_legacy/01_confirmed_species_families/species_1007/slot_5/100751.png,confirmed_monster_family,"Species 1007 slot 5. 6-digit id schema 100XYZ where X=species_digit, Y=slot 0-9, Z=frame index. Map-to-monster mapping is server_driven."
reference/review_assets/canonical_from_jar_png/offline/100753.png,client/assets/monster_legacy/01_confirmed_species_families/species_1007/slot_5/100753.png,confirmed_monster_family,"Species 1007 slot 5. 6-digit id schema 100XYZ where X=species_digit, Y=slot 0-9, Z=frame index. Map-to-monster mapping is server_driven."
reference/review_assets/canonical_from_jar_png/offline/100754.png,client/assets/monster_legacy/01_confirmed_species_families/species_1007/slot_5/100754.png,confirmed_monster_family,"Species 1007 slot 5. 6-digit id schema 100XYZ where X=species_digit, Y=slot 0-9, Z=frame index. Map-to-monster mapping is server_driven."
reference/review_assets/canonical_from_jar_png/offline/100755.png,client/assets/monster_legacy/01_confirmed_species_families/species_1007/slot_5/100755.png,confirmed_monster_family,"Species 1007 slot 5. 6-digit id schema 100XYZ where X=species_digit, Y=slot 0-9, Z=frame index. Map-to-monster mapping is server_driven."
reference/review_assets/canonical_from_jar_png/offline/100761.png,client/assets/monster_legacy/01_confirmed_species_families/species_1007/slot_6/100761.png,confirmed_monster_family,"Species 1007 slot 6. 6-digit id schema 100XYZ where X=species_digit, Y=slot 0-9, Z=frame index. Map-to-monster mapping is server_driven."
reference/review_assets/canonical_from_jar_png/offline/100763.png,client/assets/monster_legacy/01_confirmed_species_families/species_1007/slot_6/100763.png,confirmed_monster_family,"Species 1007 slot 6. 6-digit id schema 100XYZ where X=species_digit, Y=slot 0-9, Z=frame index. Map-to-monster mapping is server_driven."
reference/review_assets/canonical_from_jar_png/offline/100764.png,client/assets/monster_legacy/01_confirmed_species_families/species_1007/slot_6/100764.png,confirmed_monster_family,"Species 1007 slot 6. 6-digit id schema 100XYZ where X=species_digit, Y=slot 0-9, Z=frame index. Map-to-monster mapping is server_driven."
reference/review_assets/canonical_from_jar_png/offline/100765.png,client/assets/monster_legacy/01_confirmed_species_families/species_1007/slot_6/100765.png,confirmed_monster_family,"Species 1007 slot 6. 6-digit id schema 100XYZ where X=species_digit, Y=slot 0-9, Z=frame index. Map-to-monster mapping is server_driven."
reference/review_assets/canonical_from_jar_png/offline/100771.png,client/assets/monster_legacy/01_confirmed_species_families/species_1007/slot_7/100771.png,confirmed_monster_family,"Species 1007 slot 7. 6-digit id schema 100XYZ where X=species_digit, Y=slot 0-9, Z=frame index. Map-to-monster mapping is server_driven."
reference/review_assets/canonical_from_jar_png/offline/100773.png,client/assets/monster_legacy/01_confirmed_species_families/species_1007/slot_7/100773.png,confirmed_monster_family,"Species 1007 slot 7. 6-digit id schema 100XYZ where X=species_digit, Y=slot 0-9, Z=frame index. Map-to-monster mapping is server_driven."
reference/review_assets/canonical_from_jar_png/offline/100774.png,client/assets/monster_legacy/01_confirmed_species_families/species_1007/slot_7/100774.png,confirmed_monster_family,"Species 1007 slot 7. 6-digit id schema 100XYZ where X=species_digit, Y=slot 0-9, Z=frame index. Map-to-monster mapping is server_driven."
reference/review_assets/canonical_from_jar_png/offline/100775.png,client/assets/monster_legacy/01_confirmed_species_families/species_1007/slot_7/100775.png,confirmed_monster_family,"Species 1007 slot 7. 6-digit id schema 100XYZ where X=species_digit, Y=slot 0-9, Z=frame index. Map-to-monster mapping is server_driven."
reference/review_assets/canonical_from_jar_png/offline/100781.png,client/assets/monster_legacy/01_confirmed_species_families/species_1007/slot_8/100781.png,confirmed_monster_family,"Species 1007 slot 8. 6-digit id schema 100XYZ where X=species_digit, Y=slot 0-9, Z=frame index. Map-to-monster mapping is server_driven."
reference/review_assets/canonical_from_jar_png/offline/100783.png,client/assets/monster_legacy/01_confirmed_species_families/species_1007/slot_8/100783.png,confirmed_monster_family,"Species 1007 slot 8. 6-digit id schema 100XYZ where X=species_digit, Y=slot 0-9, Z=frame index. Map-to-monster mapping is server_driven."
reference/review_assets/canonical_from_jar_png/offline/100784.png,client/assets/monster_legacy/01_confirmed_species_families/species_1007/slot_8/100784.png,confirmed_monster_family,"Species 1007 slot 8. 6-digit id schema 100XYZ where X=species_digit, Y=slot 0-9, Z=frame index. Map-to-monster mapping is server_driven."
reference/review_assets/canonical_from_jar_png/offline/100785.png,client/assets/monster_legacy/01_confirmed_species_families/species_1007/slot_8/100785.png,confirmed_monster_family,"Species 1007 slot 8. 6-digit id schema 100XYZ where X=species_digit, Y=slot 0-9, Z=frame index. Map-to-monster mapping is server_driven."
reference/review_assets/canonical_from_jar_png/offline/101001.png,client/assets/monster_legacy/02_candidate_unknown_ranges/range_101xxx_partial_species/101001.png,candidate_unknown,Same 6-digit schema as 100xxx but only partially populated. Likely a 9th species with incomplete slot coverage in the offline jar cache. Role unconfirmed.
reference/review_assets/canonical_from_jar_png/offline/101003.png,client/assets/monster_legacy/02_candidate_unknown_ranges/range_101xxx_partial_species/101003.png,candidate_unknown,Same 6-digit schema as 100xxx but only partially populated. Likely a 9th species with incomplete slot coverage in the offline jar cache. Role unconfirmed.
reference/review_assets/canonical_from_jar_png/offline/101005.png,client/assets/monster_legacy/02_candidate_unknown_ranges/range_101xxx_partial_species/101005.png,candidate_unknown,Same 6-digit schema as 100xxx but only partially populated. Likely a 9th species with incomplete slot coverage in the offline jar cache. Role unconfirmed.
reference/review_assets/canonical_from_jar_png/offline/101011.png,client/assets/monster_legacy/02_candidate_unknown_ranges/range_101xxx_partial_species/101011.png,candidate_unknown,Same 6-digit schema as 100xxx but only partially populated. Likely a 9th species with incomplete slot coverage in the offline jar cache. Role unconfirmed.
reference/review_assets/canonical_from_jar_png/offline/101013.png,client/assets/monster_legacy/02_candidate_unknown_ranges/range_101xxx_partial_species/101013.png,candidate_unknown,Same 6-digit schema as 100xxx but only partially populated. Likely a 9th species with incomplete slot coverage in the offline jar cache. Role unconfirmed.
reference/review_assets/canonical_from_jar_png/offline/101014.png,client/assets/monster_legacy/02_candidate_unknown_ranges/range_101xxx_partial_species/101014.png,candidate_unknown,Same 6-digit schema as 100xxx but only partially populated. Likely a 9th species with incomplete slot coverage in the offline jar cache. Role unconfirmed.
reference/review_assets/canonical_from_jar_png/offline/101015.png,client/assets/monster_legacy/02_candidate_unknown_ranges/range_101xxx_partial_species/101015.png,candidate_unknown,Same 6-digit schema as 100xxx but only partially populated. Likely a 9th species with incomplete slot coverage in the offline jar cache. Role unconfirmed.
reference/review_assets/canonical_from_jar_png/offline/101021.png,client/assets/monster_legacy/02_candidate_unknown_ranges/range_101xxx_partial_species/101021.png,candidate_unknown,Same 6-digit schema as 100xxx but only partially populated. Likely a 9th species with incomplete slot coverage in the offline jar cache. Role unconfirmed.
reference/review_assets/canonical_from_jar_png/offline/101023.png,client/assets/monster_legacy/02_candidate_unknown_ranges/range_101xxx_partial_species/101023.png,candidate_unknown,Same 6-digit schema as 100xxx but only partially populated. Likely a 9th species with incomplete slot coverage in the offline jar cache. Role unconfirmed.
reference/review_assets/canonical_from_jar_png/offline/101025.png,client/assets/monster_legacy/02_candidate_unknown_ranges/range_101xxx_partial_species/101025.png,candidate_unknown,Same 6-digit schema as 100xxx but only partially populated. Likely a 9th species with incomplete slot coverage in the offline jar cache. Role unconfirmed.
reference/review_assets/canonical_from_jar_png/offline/101026.png,client/assets/monster_legacy/02_candidate_unknown_ranges/range_101xxx_partial_species/101026.png,candidate_unknown,Same 6-digit schema as 100xxx but only partially populated. Likely a 9th species with incomplete slot coverage in the offline jar cache. Role unconfirmed.
reference/review_assets/canonical_from_jar_png/offline/101031.png,client/assets/monster_legacy/02_candidate_unknown_ranges/range_101xxx_partial_species/101031.png,candidate_unknown,Same 6-digit schema as 100xxx but only partially populated. Likely a 9th species with incomplete slot coverage in the offline jar cache. Role unconfirmed.
reference/review_assets/canonical_from_jar_png/offline/101033.png,client/assets/monster_legacy/02_candidate_unknown_ranges/range_101xxx_partial_species/101033.png,candidate_unknown,Same 6-digit schema as 100xxx but only partially populated. Likely a 9th species with incomplete slot coverage in the offline jar cache. Role unconfirmed.
reference/review_assets/canonical_from_jar_png/offline/101035.png,client/assets/monster_legacy/02_candidate_unknown_ranges/range_101xxx_partial_species/101035.png,candidate_unknown,Same 6-digit schema as 100xxx but only partially populated. Likely a 9th species with incomplete slot coverage in the offline jar cache. Role unconfirmed.
reference/review_assets/canonical_from_jar_png/offline/101036.png,client/assets/monster_legacy/02_candidate_unknown_ranges/range_101xxx_partial_species/101036.png,candidate_unknown,Same 6-digit schema as 100xxx but only partially populated. Likely a 9th species with incomplete slot coverage in the offline jar cache. Role unconfirmed.
reference/review_assets/canonical_from_jar_png/offline/101041.png,client/assets/monster_legacy/02_candidate_unknown_ranges/range_101xxx_partial_species/101041.png,candidate_unknown,Same 6-digit schema as 100xxx but only partially populated. Likely a 9th species with incomplete slot coverage in the offline jar cache. Role unconfirmed.
reference/review_assets/canonical_from_jar_png/offline/101043.png,client/assets/monster_legacy/02_candidate_unknown_ranges/range_101xxx_partial_species/101043.png,candidate_unknown,Same 6-digit schema as 100xxx but only partially populated. Likely a 9th species with incomplete slot coverage in the offline jar cache. Role unconfirmed.
reference/review_assets/canonical_from_jar_png/offline/101045.png,client/assets/monster_legacy/02_candidate_unknown_ranges/range_101xxx_partial_species/101045.png,candidate_unknown,Same 6-digit schema as 100xxx but only partially populated. Likely a 9th species with incomplete slot coverage in the offline jar cache. Role unconfirmed.
reference/review_assets/canonical_from_jar_png/offline/101046.png,client/assets/monster_legacy/02_candidate_unknown_ranges/range_101xxx_partial_species/101046.png,candidate_unknown,Same 6-digit schema as 100xxx but only partially populated. Likely a 9th species with incomplete slot coverage in the offline jar cache. Role unconfirmed.
reference/review_assets/canonical_from_jar_png/offline/110000.png,client/assets/monster_legacy/02_candidate_unknown_ranges/range_110xxx_pattern_X0/110000.png,candidate_unknown,"All ids in this range end in 0 (110000, 110010, 110020...). Not a standard monster slot layout. Possibly item icons or single-frame markers."
reference/review_assets/canonical_from_jar_png/offline/110010.png,client/assets/monster_legacy/02_candidate_unknown_ranges/range_110xxx_pattern_X0/110010.png,candidate_unknown,"All ids in this range end in 0 (110000, 110010, 110020...). Not a standard monster slot layout. Possibly item icons or single-frame markers."
reference/review_assets/canonical_from_jar_png/offline/110020.png,client/assets/monster_legacy/02_candidate_unknown_ranges/range_110xxx_pattern_X0/110020.png,candidate_unknown,"All ids in this range end in 0 (110000, 110010, 110020...). Not a standard monster slot layout. Possibly item icons or single-frame markers."
reference/review_assets/canonical_from_jar_png/offline/110030.png,client/assets/monster_legacy/02_candidate_unknown_ranges/range_110xxx_pattern_X0/110030.png,candidate_unknown,"All ids in this range end in 0 (110000, 110010, 110020...). Not a standard monster slot layout. Possibly item icons or single-frame markers."
reference/review_assets/canonical_from_jar_png/offline/110040.png,client/assets/monster_legacy/02_candidate_unknown_ranges/range_110xxx_pattern_X0/110040.png,candidate_unknown,"All ids in this range end in 0 (110000, 110010, 110020...). Not a standard monster slot layout. Possibly item icons or single-frame markers."
reference/review_assets/canonical_from_jar_png/offline/110050.png,client/assets/monster_legacy/02_candidate_unknown_ranges/range_110xxx_pattern_X0/110050.png,candidate_unknown,"All ids in this range end in 0 (110000, 110010, 110020...). Not a standard monster slot layout. Possibly item icons or single-frame markers."
reference/review_assets/canonical_from_jar_png/offline/110060.png,client/assets/monster_legacy/02_candidate_unknown_ranges/range_110xxx_pattern_X0/110060.png,candidate_unknown,"All ids in this range end in 0 (110000, 110010, 110020...). Not a standard monster slot layout. Possibly item icons or single-frame markers."
reference/review_assets/canonical_from_jar_png/offline/110070.png,client/assets/monster_legacy/02_candidate_unknown_ranges/range_110xxx_pattern_X0/110070.png,candidate_unknown,"All ids in this range end in 0 (110000, 110010, 110020...). Not a standard monster slot layout. Possibly item icons or single-frame markers."
reference/review_assets/canonical_from_jar_png/offline/110080.png,client/assets/monster_legacy/02_candidate_unknown_ranges/range_110xxx_pattern_X0/110080.png,candidate_unknown,"All ids in this range end in 0 (110000, 110010, 110020...). Not a standard monster slot layout. Possibly item icons or single-frame markers."
reference/review_assets/canonical_from_jar_png/offline/110090.png,client/assets/monster_legacy/02_candidate_unknown_ranges/range_110xxx_pattern_X0/110090.png,candidate_unknown,"All ids in this range end in 0 (110000, 110010, 110020...). Not a standard monster slot layout. Possibly item icons or single-frame markers."
reference/review_assets/canonical_from_jar_png/offline/110100.png,client/assets/monster_legacy/02_candidate_unknown_ranges/range_110xxx_pattern_X0/110100.png,candidate_unknown,"All ids in this range end in 0 (110000, 110010, 110020...). Not a standard monster slot layout. Possibly item icons or single-frame markers."
reference/review_assets/canonical_from_jar_png/offline/110110.png,client/assets/monster_legacy/02_candidate_unknown_ranges/range_110xxx_pattern_X0/110110.png,candidate_unknown,"All ids in this range end in 0 (110000, 110010, 110020...). Not a standard monster slot layout. Possibly item icons or single-frame markers."
reference/review_assets/canonical_from_jar_png/offline/110120.png,client/assets/monster_legacy/02_candidate_unknown_ranges/range_110xxx_pattern_X0/110120.png,candidate_unknown,"All ids in this range end in 0 (110000, 110010, 110020...). Not a standard monster slot layout. Possibly item icons or single-frame markers."
reference/review_assets/canonical_from_jar_png/offline/110130.png,client/assets/monster_legacy/02_candidate_unknown_ranges/range_110xxx_pattern_X0/110130.png,candidate_unknown,"All ids in this range end in 0 (110000, 110010, 110020...). Not a standard monster slot layout. Possibly item icons or single-frame markers."
reference/review_assets/canonical_from_jar_png/offline/110140.png,client/assets/monster_legacy/02_candidate_unknown_ranges/range_110xxx_pattern_X0/110140.png,candidate_unknown,"All ids in this range end in 0 (110000, 110010, 110020...). Not a standard monster slot layout. Possibly item icons or single-frame markers."
reference/review_assets/canonical_from_jar_png/offline/110150.png,client/assets/monster_legacy/02_candidate_unknown_ranges/range_110xxx_pattern_X0/110150.png,candidate_unknown,"All ids in this range end in 0 (110000, 110010, 110020...). Not a standard monster slot layout. Possibly item icons or single-frame markers."
reference/review_assets/canonical_from_jar_png/offline/110160.png,client/assets/monster_legacy/02_candidate_unknown_ranges/range_110xxx_pattern_X0/110160.png,candidate_unknown,"All ids in this range end in 0 (110000, 110010, 110020...). Not a standard monster slot layout. Possibly item icons or single-frame markers."
reference/review_assets/canonical_from_jar_png/offline/120198.png,client/assets/monster_legacy/02_candidate_unknown_ranges/range_12xxxx_end98_meta_adjacent/120198.png,candidate_unknown,"All ids end in 98. Sits next to the .meta marker convention (XX099.meta / XX198.meta). Likely meta-adjacent markers, not playable monster sprites."
reference/review_assets/canonical_from_jar_png/offline/120298.png,client/assets/monster_legacy/02_candidate_unknown_ranges/range_12xxxx_end98_meta_adjacent/120298.png,candidate_unknown,"All ids end in 98. Sits next to the .meta marker convention (XX099.meta / XX198.meta). Likely meta-adjacent markers, not playable monster sprites."
reference/review_assets/canonical_from_jar_png/offline/120398.png,client/assets/monster_legacy/02_candidate_unknown_ranges/range_12xxxx_end98_meta_adjacent/120398.png,candidate_unknown,"All ids end in 98. Sits next to the .meta marker convention (XX099.meta / XX198.meta). Likely meta-adjacent markers, not playable monster sprites."
reference/review_assets/canonical_from_jar_png/offline/120498.png,client/assets/monster_legacy/02_candidate_unknown_ranges/range_12xxxx_end98_meta_adjacent/120498.png,candidate_unknown,"All ids end in 98. Sits next to the .meta marker convention (XX099.meta / XX198.meta). Likely meta-adjacent markers, not playable monster sprites."
reference/review_assets/canonical_from_jar_png/offline/120598.png,client/assets/monster_legacy/02_candidate_unknown_ranges/range_12xxxx_end98_meta_adjacent/120598.png,candidate_unknown,"All ids end in 98. Sits next to the .meta marker convention (XX099.meta / XX198.meta). Likely meta-adjacent markers, not playable monster sprites."
reference/review_assets/canonical_from_jar_png/offline/120698.png,client/assets/monster_legacy/02_candidate_unknown_ranges/range_12xxxx_end98_meta_adjacent/120698.png,candidate_unknown,"All ids end in 98. Sits next to the .meta marker convention (XX099.meta / XX198.meta). Likely meta-adjacent markers, not playable monster sprites."
reference/review_assets/canonical_from_jar_png/offline/120798.png,client/assets/monster_legacy/02_candidate_unknown_ranges/range_12xxxx_end98_meta_adjacent/120798.png,candidate_unknown,"All ids end in 98. Sits next to the .meta marker convention (XX099.meta / XX198.meta). Likely meta-adjacent markers, not playable monster sprites."
reference/review_assets/canonical_from_jar_png/offline/120898.png,client/assets/monster_legacy/02_candidate_unknown_ranges/range_12xxxx_end98_meta_adjacent/120898.png,candidate_unknown,"All ids end in 98. Sits next to the .meta marker convention (XX099.meta / XX198.meta). Likely meta-adjacent markers, not playable monster sprites."
reference/review_assets/canonical_from_jar_png/offline/120998.png,client/assets/monster_legacy/02_candidate_unknown_ranges/range_12xxxx_end98_meta_adjacent/120998.png,candidate_unknown,"All ids end in 98. Sits next to the .meta marker convention (XX099.meta / XX198.meta). Likely meta-adjacent markers, not playable monster sprites."
reference/review_assets/canonical_from_jar_png/offline/121098.png,client/assets/monster_legacy/02_candidate_unknown_ranges/range_12xxxx_end98_meta_adjacent/121098.png,candidate_unknown,"All ids end in 98. Sits next to the .meta marker convention (XX099.meta / XX198.meta). Likely meta-adjacent markers, not playable monster sprites."
reference/review_assets/canonical_from_jar_png/offline/121198.png,client/assets/monster_legacy/02_candidate_unknown_ranges/range_12xxxx_end98_meta_adjacent/121198.png,candidate_unknown,"All ids end in 98. Sits next to the .meta marker convention (XX099.meta / XX198.meta). Likely meta-adjacent markers, not playable monster sprites."
reference/review_assets/canonical_from_jar_png/offline/121298.png,client/assets/monster_legacy/02_candidate_unknown_ranges/range_12xxxx_end98_meta_adjacent/121298.png,candidate_unknown,"All ids end in 98. Sits next to the .meta marker convention (XX099.meta / XX198.meta). Likely meta-adjacent markers, not playable monster sprites."
reference/review_assets/canonical_from_jar_png/offline/121398.png,client/assets/monster_legacy/02_candidate_unknown_ranges/range_12xxxx_end98_meta_adjacent/121398.png,candidate_unknown,"All ids end in 98. Sits next to the .meta marker convention (XX099.meta / XX198.meta). Likely meta-adjacent markers, not playable monster sprites."
reference/review_assets/canonical_from_jar_png/offline/121498.png,client/assets/monster_legacy/02_candidate_unknown_ranges/range_12xxxx_end98_meta_adjacent/121498.png,candidate_unknown,"All ids end in 98. Sits next to the .meta marker convention (XX099.meta / XX198.meta). Likely meta-adjacent markers, not playable monster sprites."
reference/review_assets/canonical_from_jar_png/offline/121598.png,client/assets/monster_legacy/02_candidate_unknown_ranges/range_12xxxx_end98_meta_adjacent/121598.png,candidate_unknown,"All ids end in 98. Sits next to the .meta marker convention (XX099.meta / XX198.meta). Likely meta-adjacent markers, not playable monster sprites."
reference/review_assets/canonical_from_jar_png/offline/121698.png,client/assets/monster_legacy/02_candidate_unknown_ranges/range_12xxxx_end98_meta_adjacent/121698.png,candidate_unknown,"All ids end in 98. Sits next to the .meta marker convention (XX099.meta / XX198.meta). Likely meta-adjacent markers, not playable monster sprites."
reference/review_assets/canonical_from_jar_png/offline/121798.png,client/assets/monster_legacy/02_candidate_unknown_ranges/range_12xxxx_end98_meta_adjacent/121798.png,candidate_unknown,"All ids end in 98. Sits next to the .meta marker convention (XX099.meta / XX198.meta). Likely meta-adjacent markers, not playable monster sprites."
reference/review_assets/canonical_from_jar_png/offline/121898.png,client/assets/monster_legacy/02_candidate_unknown_ranges/range_12xxxx_end98_meta_adjacent/121898.png,candidate_unknown,"All ids end in 98. Sits next to the .meta marker convention (XX099.meta / XX198.meta). Likely meta-adjacent markers, not playable monster sprites."
reference/review_assets/canonical_from_jar_png/offline/121998.png,client/assets/monster_legacy/02_candidate_unknown_ranges/range_12xxxx_end98_meta_adjacent/121998.png,candidate_unknown,"All ids end in 98. Sits next to the .meta marker convention (XX099.meta / XX198.meta). Likely meta-adjacent markers, not playable monster sprites."
reference/review_assets/canonical_from_jar_png/offline/122098.png,client/assets/monster_legacy/02_candidate_unknown_ranges/range_12xxxx_end98_meta_adjacent/122098.png,candidate_unknown,"All ids end in 98. Sits next to the .meta marker convention (XX099.meta / XX198.meta). Likely meta-adjacent markers, not playable monster sprites."
reference/review_assets/canonical_from_jar_png/offline/122198.png,client/assets/monster_legacy/02_candidate_unknown_ranges/range_12xxxx_end98_meta_adjacent/122198.png,candidate_unknown,"All ids end in 98. Sits next to the .meta marker convention (XX099.meta / XX198.meta). Likely meta-adjacent markers, not playable monster sprites."
reference/review_assets/canonical_from_jar_png/offline/122298.png,client/assets/monster_legacy/02_candidate_unknown_ranges/range_12xxxx_end98_meta_adjacent/122298.png,candidate_unknown,"All ids end in 98. Sits next to the .meta marker convention (XX099.meta / XX198.meta). Likely meta-adjacent markers, not playable monster sprites."
reference/review_assets/canonical_from_jar_png/offline/122398.png,client/assets/monster_legacy/02_candidate_unknown_ranges/range_12xxxx_end98_meta_adjacent/122398.png,candidate_unknown,"All ids end in 98. Sits next to the .meta marker convention (XX099.meta / XX198.meta). Likely meta-adjacent markers, not playable monster sprites."
reference/review_assets/canonical_from_jar_png/offline/122498.png,client/assets/monster_legacy/02_candidate_unknown_ranges/range_12xxxx_end98_meta_adjacent/122498.png,candidate_unknown,"All ids end in 98. Sits next to the .meta marker convention (XX099.meta / XX198.meta). Likely meta-adjacent markers, not playable monster sprites."
reference/review_assets/canonical_from_jar_png/offline/122598.png,client/assets/monster_legacy/02_candidate_unknown_ranges/range_12xxxx_end98_meta_adjacent/122598.png,candidate_unknown,"All ids end in 98. Sits next to the .meta marker convention (XX099.meta / XX198.meta). Likely meta-adjacent markers, not playable monster sprites."
reference/review_assets/canonical_from_jar_png/offline/128098.png,client/assets/monster_legacy/02_candidate_unknown_ranges/range_128xxx_end98_meta_adjacent/128098.png,candidate_unknown,Same end-98 pattern as 12xxxx but in the 128 band. Meta-adjacent marker style. Role unconfirmed.
reference/review_assets/canonical_from_jar_png/offline/128198.png,client/assets/monster_legacy/02_candidate_unknown_ranges/range_128xxx_end98_meta_adjacent/128198.png,candidate_unknown,Same end-98 pattern as 12xxxx but in the 128 band. Meta-adjacent marker style. Role unconfirmed.
reference/review_assets/canonical_from_jar_png/offline/128298.png,client/assets/monster_legacy/02_candidate_unknown_ranges/range_128xxx_end98_meta_adjacent/128298.png,candidate_unknown,Same end-98 pattern as 12xxxx but in the 128 band. Meta-adjacent marker style. Role unconfirmed.
reference/review_assets/canonical_from_jar_png/offline/128398.png,client/assets/monster_legacy/02_candidate_unknown_ranges/range_128xxx_end98_meta_adjacent/128398.png,candidate_unknown,Same end-98 pattern as 12xxxx but in the 128 band. Meta-adjacent marker style. Role unconfirmed.
reference/review_assets/canonical_from_jar_png/offline/130000.png,client/assets/monster_legacy/02_candidate_unknown_ranges/range_130xxx_candidate/130000.png,candidate_unknown,Tiny 130xxx range with only a few ids. Unknown role; keep candidate until server catalog confirms.
reference/review_assets/canonical_from_jar_png/offline/130098.png,client/assets/monster_legacy/02_candidate_unknown_ranges/range_130xxx_candidate/130098.png,candidate_unknown,Tiny 130xxx range with only a few ids. Unknown role; keep candidate until server catalog confirms.
reference/review_assets/canonical_from_jar_png/offline/130100.png,client/assets/monster_legacy/02_candidate_unknown_ranges/range_130xxx_candidate/130100.png,candidate_unknown,Tiny 130xxx range with only a few ids. Unknown role; keep candidate until server catalog confirms.
reference/review_assets/canonical_from_jar_png/offline/130198.png,client/assets/monster_legacy/02_candidate_unknown_ranges/range_130xxx_candidate/130198.png,candidate_unknown,Tiny 130xxx range with only a few ids. Unknown role; keep candidate until server catalog confirms.
reference/review_assets/canonical_from_jar_png/offline/140098.png,client/assets/monster_legacy/02_candidate_unknown_ranges/range_140xxx_candidate/140098.png,candidate_unknown,Single id in 140xxx band. Role unconfirmed.
reference/review_assets/canonical_from_jar_png/offline/200000.png,client/assets/monster_legacy/02_candidate_unknown_ranges/range_200xxx_candidate/200000.png,candidate_unknown,Single id in 200xxx band. Role unconfirmed.
