file,band,slot_type,folder,code_ref
D:/Twelve/client/assets/equipment_legacy/00_body_base/body_990xx/99000.png,99000,,D:,mb.java:769
D:/Twelve/client/assets/equipment_legacy/00_body_base/body_990xx/99001.png,99000,,D:,mb.java:769
D:/Twelve/client/assets/equipment_legacy/00_body_base/body_990xx/99002.png,99000,,D:,mb.java:769
D:/Twelve/client/assets/equipment_legacy/00_body_base/body_990xx/99003.png,99000,,D:,mb.java:769
D:/Twelve/client/assets/equipment_legacy/00_body_base/body_990xx/99004.png,99000,,D:,mb.java:769
D:/Twelve/client/assets/equipment_legacy/00_body_base/body_990xx/99005.png,99000,,D:,mb.java:769
D:/Twelve/client/assets/equipment_legacy/00_body_base/body_990xx/99006.png,99000,,D:,mb.java:769
D:/Twelve/client/assets/equipment_legacy/00_body_base/body_990xx/99007.png,99000,,D:,mb.java:769
D:/Twelve/client/assets/equipment_legacy/00_body_base/body_990xx/99008.png,99000,,D:,mb.java:769
D:/Twelve/client/assets/equipment_legacy/00_body_base/body_990xx/99009.png,99000,,D:,mb.java:769
D:/Twelve/client/assets/equipment_legacy/00_body_base/body_990xx/99099.png,99000,,D:,mb.java:769
D:/Twelve/client/assets/equipment_legacy/01_default_overlays/helmet_default_899xx/89900.png,89900,,D:,mb.java:769
D:/Twelve/client/assets/equipment_legacy/01_default_overlays/helmet_default_899xx/89901.png,89900,,D:,mb.java:769
D:/Twelve/client/assets/equipment_legacy/01_default_overlays/helmet_default_899xx/89902.png,89900,,D:,mb.java:769
D:/Twelve/client/assets/equipment_legacy/01_default_overlays/helmet_default_899xx/89903.png,89900,,D:,mb.java:769
D:/Twelve/client/assets/equipment_legacy/01_default_overlays/helmet_default_899xx/89904.png,89900,,D:,mb.java:769
D:/Twelve/client/assets/equipment_legacy/01_default_overlays/helmet_default_899xx/89905.png,89900,,D:,mb.java:769
D:/Twelve/client/assets/equipment_legacy/01_default_overlays/helmet_default_899xx/89906.png,89900,,D:,mb.java:769
D:/Twelve/client/assets/equipment_legacy/01_default_overlays/helmet_default_899xx/89907.png,89900,,D:,mb.java:769
D:/Twelve/client/assets/equipment_legacy/01_default_overlays/helmet_default_899xx/89908.png,89900,,D:,mb.java:769
D:/Twelve/client/assets/equipment_legacy/01_default_overlays/helmet_default_899xx/89909.png,89900,,D:,mb.java:769
D:/Twelve/client/assets/equipment_legacy/01_default_overlays/weapon_female_default_798xx/79800.png,79800,,D:,mb.java:769
D:/Twelve/client/assets/equipment_legacy/01_default_overlays/weapon_female_default_798xx/79801.png,79800,,D:,mb.java:769
D:/Twelve/client/assets/equipment_legacy/01_default_overlays/weapon_female_default_798xx/79802.png,79800,,D:,mb.java:769
D:/Twelve/client/assets/equipment_legacy/01_default_overlays/weapon_female_default_798xx/79803.png,79800,,D:,mb.java:769
D:/Twelve/client/assets/equipment_legacy/01_default_overlays/weapon_female_default_798xx/79804.png,79800,,D:,mb.java:769
D:/Twelve/client/assets/equipment_legacy/01_default_overlays/weapon_female_default_798xx/79805.png,79800,,D:,mb.java:769
D:/Twelve/client/assets/equipment_legacy/01_default_overlays/weapon_female_default_798xx/79806.png,79800,,D:,mb.java:769
D:/Twelve/client/assets/equipment_legacy/01_default_overlays/weapon_female_default_798xx/79807.png,79800,,D:,mb.java:769
D:/Twelve/client/assets/equipment_legacy/01_default_overlays/weapon_female_default_798xx/79808.png,79800,,D:,mb.java:769
D:/Twelve/client/assets/equipment_legacy/01_default_overlays/weapon_female_default_798xx/79809.png,79800,,D:,mb.java:769
D:/Twelve/client/assets/equipment_legacy/01_default_overlays/weapon_female_default_798xx/79898.png,79800,,D:,mb.java:769
D:/Twelve/client/assets/equipment_legacy/01_default_overlays/weapon_male_default_799xx/79900.png,79900,,D:,mb.java:769
D:/Twelve/client/assets/equipment_legacy/01_default_overlays/weapon_male_default_799xx/79901.png,79900,,D:,mb.java:769
D:/Twelve/client/assets/equipment_legacy/01_default_overlays/weapon_male_default_799xx/79902.png,79900,,D:,mb.java:769
D:/Twelve/client/assets/equipment_legacy/01_default_overlays/weapon_male_default_799xx/79903.png,79900,,D:,mb.java:769
D:/Twelve/client/assets/equipment_legacy/01_default_overlays/weapon_male_default_799xx/79904.png,79900,,D:,mb.java:769
D:/Twelve/client/assets/equipment_legacy/01_default_overlays/weapon_male_default_799xx/79905.png,79900,,D:,mb.java:769
D:/Twelve/client/assets/equipment_legacy/01_default_overlays/weapon_male_default_799xx/79906.png,79900,,D:,mb.java:769
D:/Twelve/client/assets/equipment_legacy/01_default_overlays/weapon_male_default_799xx/79907.png,79900,,D:,mb.java:769
D:/Twelve/client/assets/equipment_legacy/01_default_overlays/weapon_male_default_799xx/79908.png,79900,,D:,mb.java:769
D:/Twelve/client/assets/equipment_legacy/01_default_overlays/weapon_male_default_799xx/79909.png,79900,,D:,mb.java:769
D:/Twelve/client/assets/equipment_legacy/01_default_overlays/weapon_male_default_799xx/79998.png,79900,,D:,mb.java:769
D:/Twelve/client/assets/equipment_legacy/02_armor_e0/heavy_tier01_500xx/50000.png,50000,,D:,mb.java:769
D:/Twelve/client/assets/equipment_legacy/02_armor_e0/heavy_tier01_500xx/50001.png,50000,,D:,mb.java:769
D:/Twelve/client/assets/equipment_legacy/02_armor_e0/heavy_tier01_500xx/50002.png,50000,,D:,mb.java:769
D:/Twelve/client/assets/equipment_legacy/02_armor_e0/heavy_tier01_500xx/50003.png,50000,,D:,mb.java:769
D:/Twelve/client/assets/equipment_legacy/02_armor_e0/heavy_tier01_500xx/50004.png,50000,,D:,mb.java:769
D:/Twelve/client/assets/equipment_legacy/02_armor_e0/heavy_tier01_500xx/50005.png,50000,,D:,mb.java:769
D:/Twelve/client/assets/equipment_legacy/02_armor_e0/heavy_tier01_500xx/50006.png,50000,,D:,mb.java:769
D:/Twelve/client/assets/equipment_legacy/02_armor_e0/heavy_tier01_500xx/50007.png,50000,,D:,mb.java:769
D:/Twelve/client/assets/equipment_legacy/02_armor_e0/heavy_tier01_500xx/50008.png,50000,,D:,mb.java:769
D:/Twelve/client/assets/equipment_legacy/02_armor_e0/heavy_tier01_500xx/50009.png,50000,,D:,mb.java:769
D:/Twelve/client/assets/equipment_legacy/02_armor_e0/heavy_tier02_501xx/50100.png,50100,,D:,mb.java:769
D:/Twelve/client/assets/equipment_legacy/02_armor_e0/heavy_tier02_501xx/50101.png,50100,,D:,mb.java:769
D:/Twelve/client/assets/equipment_legacy/02_armor_e0/heavy_tier02_501xx/50102.png,50100,,D:,mb.java:769
D:/Twelve/client/assets/equipment_legacy/02_armor_e0/heavy_tier02_501xx/50103.png,50100,,D:,mb.java:769
D:/Twelve/client/assets/equipment_legacy/02_armor_e0/heavy_tier02_501xx/50104.png,50100,,D:,mb.java:769
D:/Twelve/client/assets/equipment_legacy/02_armor_e0/heavy_tier02_501xx/50105.png,50100,,D:,mb.java:769
D:/Twelve/client/assets/equipment_legacy/02_armor_e0/heavy_tier02_501xx/50106.png,50100,,D:,mb.java:769
D:/Twelve/client/assets/equipment_legacy/02_armor_e0/heavy_tier02_501xx/50107.png,50100,,D:,mb.java:769
D:/Twelve/client/assets/equipment_legacy/02_armor_e0/heavy_tier02_501xx/50108.png,50100,,D:,mb.java:769
D:/Twelve/client/assets/equipment_legacy/02_armor_e0/heavy_tier02_501xx/50109.png,50100,,D:,mb.java:769
D:/Twelve/client/assets/equipment_legacy/02_armor_e0/heavy_tier03_502xx/50200.png,50200,,D:,mb.java:769
D:/Twelve/client/assets/equipment_legacy/02_armor_e0/heavy_tier03_502xx/50201.png,50200,,D:,mb.java:769
D:/Twelve/client/assets/equipment_legacy/02_armor_e0/heavy_tier03_502xx/50202.png,50200,,D:,mb.java:769
D:/Twelve/client/assets/equipment_legacy/02_armor_e0/heavy_tier03_502xx/50203.png,50200,,D:,mb.java:769
D:/Twelve/client/assets/equipment_legacy/02_armor_e0/heavy_tier03_502xx/50204.png,50200,,D:,mb.java:769
D:/Twelve/client/assets/equipment_legacy/02_armor_e0/heavy_tier03_502xx/50205.png,50200,,D:,mb.java:769
D:/Twelve/client/assets/equipment_legacy/02_armor_e0/heavy_tier03_502xx/50206.png,50200,,D:,mb.java:769
D:/Twelve/client/assets/equipment_legacy/02_armor_e0/heavy_tier03_502xx/50207.png,50200,,D:,mb.java:769
D:/Twelve/client/assets/equipment_legacy/02_armor_e0/heavy_tier03_502xx/50208.png,50200,,D:,mb.java:769
D:/Twelve/client/assets/equipment_legacy/02_armor_e0/heavy_tier03_502xx/50209.png,50200,,D:,mb.java:769
D:/Twelve/client/assets/equipment_legacy/02_armor_e0/heavy_tier04_503xx/50300.png,50300,,D:,mb.java:769
D:/Twelve/client/assets/equipment_legacy/02_armor_e0/heavy_tier04_503xx/50301.png,50300,,D:,mb.java:769
D:/Twelve/client/assets/equipment_legacy/02_armor_e0/heavy_tier04_503xx/50302.png,50300,,D:,mb.java:769
D:/Twelve/client/assets/equipment_legacy/02_armor_e0/heavy_tier04_503xx/50303.png,50300,,D:,mb.java:769
D:/Twelve/client/assets/equipment_legacy/02_armor_e0/heavy_tier04_503xx/50304.png,50300,,D:,mb.java:769
D:/Twelve/client/assets/equipment_legacy/02_armor_e0/heavy_tier04_503xx/50305.png,50300,,D:,mb.java:769
D:/Twelve/client/assets/equipment_legacy/02_armor_e0/heavy_tier04_503xx/50306.png,50300,,D:,mb.java:769
D:/Twelve/client/assets/equipment_legacy/02_armor_e0/heavy_tier04_503xx/50307.png,50300,,D:,mb.java:769
D:/Twelve/client/assets/equipment_legacy/02_armor_e0/heavy_tier04_503xx/50308.png,50300,,D:,mb.java:769
D:/Twelve/client/assets/equipment_legacy/02_armor_e0/heavy_tier04_503xx/50309.png,50300,,D:,mb.java:769
D:/Twelve/client/assets/equipment_legacy/02_armor_e0/heavy_tier05_504xx/50400.png,50400,,D:,mb.java:769
D:/Twelve/client/assets/equipment_legacy/02_armor_e0/heavy_tier05_504xx/50401.png,50400,,D:,mb.java:769
D:/Twelve/client/assets/equipment_legacy/02_armor_e0/heavy_tier05_504xx/50402.png,50400,,D:,mb.java:769
D:/Twelve/client/assets/equipment_legacy/02_armor_e0/heavy_tier05_504xx/50403.png,50400,,D:,mb.java:769
D:/Twelve/client/assets/equipment_legacy/02_armor_e0/heavy_tier05_504xx/50404.png,50400,,D:,mb.java:769
D:/Twelve/client/assets/equipment_legacy/02_armor_e0/heavy_tier05_504xx/50405.png,50400,,D:,mb.java:769
D:/Twelve/client/assets/equipment_legacy/02_armor_e0/heavy_tier05_504xx/50406.png,50400,,D:,mb.java:769
D:/Twelve/client/assets/equipment_legacy/02_armor_e0/heavy_tier05_504xx/50407.png,50400,,D:,mb.java:769
D:/Twelve/client/assets/equipment_legacy/02_armor_e0/heavy_tier05_504xx/50408.png,50400,,D:,mb.java:769
D:/Twelve/client/assets/equipment_legacy/02_armor_e0/heavy_tier05_504xx/50409.png,50400,,D:,mb.java:769
D:/Twelve/client/assets/equipment_legacy/02_armor_e0/heavy_tier06_505xx/50500.png,50500,,D:,mb.java:769
D:/Twelve/client/assets/equipment_legacy/02_armor_e0/heavy_tier06_505xx/50501.png,50500,,D:,mb.java:769
D:/Twelve/client/assets/equipment_legacy/02_armor_e0/heavy_tier06_505xx/50502.png,50500,,D:,mb.java:769
D:/Twelve/client/assets/equipment_legacy/02_armor_e0/heavy_tier06_505xx/50503.png,50500,,D:,mb.java:769
D:/Twelve/client/assets/equipment_legacy/02_armor_e0/heavy_tier06_505xx/50504.png,50500,,D:,mb.java:769
D:/Twelve/client/assets/equipment_legacy/02_armor_e0/heavy_tier06_505xx/50505.png,50500,,D:,mb.java:769
D:/Twelve/client/assets/equipment_legacy/02_armor_e0/heavy_tier06_505xx/50506.png,50500,,D:,mb.java:769
D:/Twelve/client/assets/equipment_legacy/02_armor_e0/heavy_tier06_505xx/50507.png,50500,,D:,mb.java:769
D:/Twelve/client/assets/equipment_legacy/02_armor_e0/heavy_tier06_505xx/50508.png,50500,,D:,mb.java:769
D:/Twelve/client/assets/equipment_legacy/02_armor_e0/heavy_tier06_505xx/50509.png,50500,,D:,mb.java:769
D:/Twelve/client/assets/equipment_legacy/02_armor_e0/light_tier01_600xx/60000.png,60000,,D:,mb.java:769
D:/Twelve/client/assets/equipment_legacy/02_armor_e0/light_tier01_600xx/60001.png,60000,,D:,mb.java:769
D:/Twelve/client/assets/equipment_legacy/02_armor_e0/light_tier01_600xx/60002.png,60000,,D:,mb.java:769
D:/Twelve/client/assets/equipment_legacy/02_armor_e0/light_tier01_600xx/60003.png,60000,,D:,mb.java:769
D:/Twelve/client/assets/equipment_legacy/02_armor_e0/light_tier01_600xx/60004.png,60000,,D:,mb.java:769
D:/Twelve/client/assets/equipment_legacy/02_armor_e0/light_tier01_600xx/60005.png,60000,,D:,mb.java:769
D:/Twelve/client/assets/equipment_legacy/02_armor_e0/light_tier01_600xx/60006.png,60000,,D:,mb.java:769
D:/Twelve/client/assets/equipment_legacy/02_armor_e0/light_tier01_600xx/60007.png,60000,,D:,mb.java:769
D:/Twelve/client/assets/equipment_legacy/02_armor_e0/light_tier01_600xx/60008.png,60000,,D:,mb.java:769
D:/Twelve/client/assets/equipment_legacy/02_armor_e0/light_tier01_600xx/60009.png,60000,,D:,mb.java:769
D:/Twelve/client/assets/equipment_legacy/02_armor_e0/light_tier02_601xx/60100.png,60100,,D:,mb.java:769
D:/Twelve/client/assets/equipment_legacy/02_armor_e0/light_tier02_601xx/60101.png,60100,,D:,mb.java:769
D:/Twelve/client/assets/equipment_legacy/02_armor_e0/light_tier02_601xx/60102.png,60100,,D:,mb.java:769
D:/Twelve/client/assets/equipment_legacy/02_armor_e0/light_tier02_601xx/60103.png,60100,,D:,mb.java:769
D:/Twelve/client/assets/equipment_legacy/02_armor_e0/light_tier02_601xx/60104.png,60100,,D:,mb.java:769
D:/Twelve/client/assets/equipment_legacy/02_armor_e0/light_tier02_601xx/60105.png,60100,,D:,mb.java:769
D:/Twelve/client/assets/equipment_legacy/02_armor_e0/light_tier02_601xx/60106.png,60100,,D:,mb.java:769
D:/Twelve/client/assets/equipment_legacy/02_armor_e0/light_tier02_601xx/60107.png,60100,,D:,mb.java:769
D:/Twelve/client/assets/equipment_legacy/02_armor_e0/light_tier02_601xx/60108.png,60100,,D:,mb.java:769
D:/Twelve/client/assets/equipment_legacy/02_armor_e0/light_tier02_601xx/60109.png,60100,,D:,mb.java:769
D:/Twelve/client/assets/equipment_legacy/02_armor_e0/light_tier03_602xx/60200.png,60200,,D:,mb.java:769
D:/Twelve/client/assets/equipment_legacy/02_armor_e0/light_tier03_602xx/60201.png,60200,,D:,mb.java:769
D:/Twelve/client/assets/equipment_legacy/02_armor_e0/light_tier03_602xx/60202.png,60200,,D:,mb.java:769
D:/Twelve/client/assets/equipment_legacy/02_armor_e0/light_tier03_602xx/60203.png,60200,,D:,mb.java:769
D:/Twelve/client/assets/equipment_legacy/02_armor_e0/light_tier03_602xx/60204.png,60200,,D:,mb.java:769
D:/Twelve/client/assets/equipment_legacy/02_armor_e0/light_tier03_602xx/60205.png,60200,,D:,mb.java:769
D:/Twelve/client/assets/equipment_legacy/02_armor_e0/light_tier03_602xx/60206.png,60200,,D:,mb.java:769
D:/Twelve/client/assets/equipment_legacy/02_armor_e0/light_tier03_602xx/60207.png,60200,,D:,mb.java:769
D:/Twelve/client/assets/equipment_legacy/02_armor_e0/light_tier03_602xx/60208.png,60200,,D:,mb.java:769
D:/Twelve/client/assets/equipment_legacy/02_armor_e0/light_tier03_602xx/60209.png,60200,,D:,mb.java:769
D:/Twelve/client/assets/equipment_legacy/02_armor_e0/light_tier04_603xx/60300.png,60300,,D:,mb.java:769
D:/Twelve/client/assets/equipment_legacy/02_armor_e0/light_tier04_603xx/60301.png,60300,,D:,mb.java:769
D:/Twelve/client/assets/equipment_legacy/02_armor_e0/light_tier04_603xx/60302.png,60300,,D:,mb.java:769
D:/Twelve/client/assets/equipment_legacy/02_armor_e0/light_tier04_603xx/60303.png,60300,,D:,mb.java:769
D:/Twelve/client/assets/equipment_legacy/02_armor_e0/light_tier04_603xx/60304.png,60300,,D:,mb.java:769
D:/Twelve/client/assets/equipment_legacy/02_armor_e0/light_tier04_603xx/60305.png,60300,,D:,mb.java:769
D:/Twelve/client/assets/equipment_legacy/02_armor_e0/light_tier04_603xx/60306.png,60300,,D:,mb.java:769
D:/Twelve/client/assets/equipment_legacy/02_armor_e0/light_tier04_603xx/60307.png,60300,,D:,mb.java:769
D:/Twelve/client/assets/equipment_legacy/02_armor_e0/light_tier04_603xx/60308.png,60300,,D:,mb.java:769
D:/Twelve/client/assets/equipment_legacy/02_armor_e0/light_tier04_603xx/60309.png,60300,,D:,mb.java:769
D:/Twelve/client/assets/equipment_legacy/02_armor_e0/light_tier05_604xx/60400.png,60400,,D:,mb.java:769
D:/Twelve/client/assets/equipment_legacy/02_armor_e0/light_tier05_604xx/60401.png,60400,,D:,mb.java:769
D:/Twelve/client/assets/equipment_legacy/02_armor_e0/light_tier05_604xx/60402.png,60400,,D:,mb.java:769
D:/Twelve/client/assets/equipment_legacy/02_armor_e0/light_tier05_604xx/60403.png,60400,,D:,mb.java:769
D:/Twelve/client/assets/equipment_legacy/02_armor_e0/light_tier05_604xx/60404.png,60400,,D:,mb.java:769
D:/Twelve/client/assets/equipment_legacy/02_armor_e0/light_tier05_604xx/60405.png,60400,,D:,mb.java:769
D:/Twelve/client/assets/equipment_legacy/02_armor_e0/light_tier05_604xx/60406.png,60400,,D:,mb.java:769
D:/Twelve/client/assets/equipment_legacy/02_armor_e0/light_tier05_604xx/60407.png,60400,,D:,mb.java:769
D:/Twelve/client/assets/equipment_legacy/02_armor_e0/light_tier05_604xx/60408.png,60400,,D:,mb.java:769
D:/Twelve/client/assets/equipment_legacy/02_armor_e0/light_tier05_604xx/60409.png,60400,,D:,mb.java:769
D:/Twelve/client/assets/equipment_legacy/02_armor_e0/light_tier06_605xx/60500.png,60500,,D:,mb.java:769
D:/Twelve/client/assets/equipment_legacy/02_armor_e0/light_tier06_605xx/60501.png,60500,,D:,mb.java:769
D:/Twelve/client/assets/equipment_legacy/02_armor_e0/light_tier06_605xx/60502.png,60500,,D:,mb.java:769
D:/Twelve/client/assets/equipment_legacy/02_armor_e0/light_tier06_605xx/60503.png,60500,,D:,mb.java:769
D:/Twelve/client/assets/equipment_legacy/02_armor_e0/light_tier06_605xx/60504.png,60500,,D:,mb.java:769
D:/Twelve/client/assets/equipment_legacy/02_armor_e0/light_tier06_605xx/60505.png,60500,,D:,mb.java:769
D:/Twelve/client/assets/equipment_legacy/02_armor_e0/light_tier06_605xx/60506.png,60500,,D:,mb.java:769
D:/Twelve/client/assets/equipment_legacy/02_armor_e0/light_tier06_605xx/60507.png,60500,,D:,mb.java:769
D:/Twelve/client/assets/equipment_legacy/02_armor_e0/light_tier06_605xx/60508.png,60500,,D:,mb.java:769
D:/Twelve/client/assets/equipment_legacy/02_armor_e0/light_tier06_605xx/60509.png,60500,,D:,mb.java:769
D:/Twelve/client/assets/equipment_legacy/02_armor_e0/light_tier07_606xx/60600.png,60600,,D:,mb.java:769
D:/Twelve/client/assets/equipment_legacy/02_armor_e0/light_tier07_606xx/60601.png,60600,,D:,mb.java:769
D:/Twelve/client/assets/equipment_legacy/02_armor_e0/light_tier07_606xx/60602.png,60600,,D:,mb.java:769
D:/Twelve/client/assets/equipment_legacy/02_armor_e0/light_tier07_606xx/60603.png,60600,,D:,mb.java:769
D:/Twelve/client/assets/equipment_legacy/02_armor_e0/light_tier07_606xx/60604.png,60600,,D:,mb.java:769
D:/Twelve/client/assets/equipment_legacy/02_armor_e0/light_tier07_606xx/60605.png,60600,,D:,mb.java:769
D:/Twelve/client/assets/equipment_legacy/02_armor_e0/light_tier07_606xx/60606.png,60600,,D:,mb.java:769
D:/Twelve/client/assets/equipment_legacy/02_armor_e0/light_tier07_606xx/60607.png,60600,,D:,mb.java:769
D:/Twelve/client/assets/equipment_legacy/02_armor_e0/light_tier07_606xx/60608.png,60600,,D:,mb.java:769
D:/Twelve/client/assets/equipment_legacy/02_armor_e0/light_tier07_606xx/60609.png,60600,,D:,mb.java:769
D:/Twelve/client/assets/equipment_legacy/02_armor_e0/light_tier08_607xx/60700.png,60700,,D:,mb.java:769
D:/Twelve/client/assets/equipment_legacy/02_armor_e0/light_tier08_607xx/60701.png,60700,,D:,mb.java:769
D:/Twelve/client/assets/equipment_legacy/02_armor_e0/light_tier08_607xx/60702.png,60700,,D:,mb.java:769
D:/Twelve/client/assets/equipment_legacy/02_armor_e0/light_tier08_607xx/60703.png,60700,,D:,mb.java:769
D:/Twelve/client/assets/equipment_legacy/02_armor_e0/light_tier08_607xx/60704.png,60700,,D:,mb.java:769
D:/Twelve/client/assets/equipment_legacy/02_armor_e0/light_tier08_607xx/60705.png,60700,,D:,mb.java:769
D:/Twelve/client/assets/equipment_legacy/02_armor_e0/light_tier08_607xx/60706.png,60700,,D:,mb.java:769
D:/Twelve/client/assets/equipment_legacy/02_armor_e0/light_tier08_607xx/60707.png,60700,,D:,mb.java:769
D:/Twelve/client/assets/equipment_legacy/02_armor_e0/light_tier08_607xx/60708.png,60700,,D:,mb.java:769
D:/Twelve/client/assets/equipment_legacy/02_armor_e0/light_tier08_607xx/60709.png,60700,,D:,mb.java:769
D:/Twelve/client/assets/equipment_legacy/02_armor_e0/light_tier09_608xx/60800.png,60800,,D:,mb.java:769
D:/Twelve/client/assets/equipment_legacy/02_armor_e0/light_tier09_608xx/60801.png,60800,,D:,mb.java:769
D:/Twelve/client/assets/equipment_legacy/02_armor_e0/light_tier09_608xx/60802.png,60800,,D:,mb.java:769
D:/Twelve/client/assets/equipment_legacy/02_armor_e0/light_tier09_608xx/60803.png,60800,,D:,mb.java:769
D:/Twelve/client/assets/equipment_legacy/02_armor_e0/light_tier09_608xx/60804.png,60800,,D:,mb.java:769
D:/Twelve/client/assets/equipment_legacy/02_armor_e0/light_tier09_608xx/60805.png,60800,,D:,mb.java:769
D:/Twelve/client/assets/equipment_legacy/02_armor_e0/light_tier09_608xx/60806.png,60800,,D:,mb.java:769
D:/Twelve/client/assets/equipment_legacy/02_armor_e0/light_tier09_608xx/60807.png,60800,,D:,mb.java:769
D:/Twelve/client/assets/equipment_legacy/02_armor_e0/light_tier09_608xx/60808.png,60800,,D:,mb.java:769
D:/Twelve/client/assets/equipment_legacy/02_armor_e0/light_tier09_608xx/60809.png,60800,,D:,mb.java:769
D:/Twelve/client/assets/equipment_legacy/02_armor_e0/light_tier10_609xx/60900.png,60900,,D:,mb.java:769
D:/Twelve/client/assets/equipment_legacy/02_armor_e0/light_tier10_609xx/60901.png,60900,,D:,mb.java:769
D:/Twelve/client/assets/equipment_legacy/02_armor_e0/light_tier10_609xx/60902.png,60900,,D:,mb.java:769
D:/Twelve/client/assets/equipment_legacy/02_armor_e0/light_tier10_609xx/60903.png,60900,,D:,mb.java:769
D:/Twelve/client/assets/equipment_legacy/02_armor_e0/light_tier10_609xx/60904.png,60900,,D:,mb.java:769
D:/Twelve/client/assets/equipment_legacy/02_armor_e0/light_tier10_609xx/60905.png,60900,,D:,mb.java:769
D:/Twelve/client/assets/equipment_legacy/02_armor_e0/light_tier10_609xx/60906.png,60900,,D:,mb.java:769
D:/Twelve/client/assets/equipment_legacy/02_armor_e0/light_tier10_609xx/60907.png,60900,,D:,mb.java:769
D:/Twelve/client/assets/equipment_legacy/02_armor_e0/light_tier10_609xx/60908.png,60900,,D:,mb.java:769
D:/Twelve/client/assets/equipment_legacy/02_armor_e0/light_tier10_609xx/60909.png,60900,,D:,mb.java:769
D:/Twelve/client/assets/equipment_legacy/02_armor_e0/meta_armor_920xx/92000.png,92000,,D:,mb.java:769
D:/Twelve/client/assets/equipment_legacy/02_armor_e0/meta_armor_920xx/92001.png,92000,,D:,mb.java:769
D:/Twelve/client/assets/equipment_legacy/02_armor_e0/meta_armor_920xx/92002.png,92000,,D:,mb.java:769
D:/Twelve/client/assets/equipment_legacy/02_armor_e0/meta_armor_920xx/92003.png,92000,,D:,mb.java:769
D:/Twelve/client/assets/equipment_legacy/02_armor_e0/meta_armor_920xx/92004.png,92000,,D:,mb.java:769
D:/Twelve/client/assets/equipment_legacy/02_armor_e0/meta_armor_920xx/92005.png,92000,,D:,mb.java:769
D:/Twelve/client/assets/equipment_legacy/02_armor_e0/meta_armor_920xx/92006.png,92000,,D:,mb.java:769
D:/Twelve/client/assets/equipment_legacy/02_armor_e0/meta_armor_920xx/92007.png,92000,,D:,mb.java:769
D:/Twelve/client/assets/equipment_legacy/02_armor_e0/meta_armor_920xx/92008.png,92000,,D:,mb.java:769
D:/Twelve/client/assets/equipment_legacy/02_armor_e0/meta_armor_920xx/92009.png,92000,,D:,mb.java:769
D:/Twelve/client/assets/equipment_legacy/02_armor_e0/meta_armor_920xx/92098.png,92000,,D:,mb.java:769
D:/Twelve/client/assets/equipment_legacy/02_armor_e0/meta_armor_924xx/92400.png,92400,,D:,mb.java:769
D:/Twelve/client/assets/equipment_legacy/02_armor_e0/meta_armor_924xx/92401.png,92400,,D:,mb.java:769
D:/Twelve/client/assets/equipment_legacy/02_armor_e0/meta_armor_924xx/92402.png,92400,,D:,mb.java:769
D:/Twelve/client/assets/equipment_legacy/02_armor_e0/meta_armor_924xx/92403.png,92400,,D:,mb.java:769
D:/Twelve/client/assets/equipment_legacy/02_armor_e0/meta_armor_924xx/92404.png,92400,,D:,mb.java:769
D:/Twelve/client/assets/equipment_legacy/02_armor_e0/meta_armor_924xx/92405.png,92400,,D:,mb.java:769
D:/Twelve/client/assets/equipment_legacy/02_armor_e0/meta_armor_924xx/92406.png,92400,,D:,mb.java:769
D:/Twelve/client/assets/equipment_legacy/02_armor_e0/meta_armor_924xx/92407.png,92400,,D:,mb.java:769
D:/Twelve/client/assets/equipment_legacy/02_armor_e0/meta_armor_924xx/92408.png,92400,,D:,mb.java:769
D:/Twelve/client/assets/equipment_legacy/02_armor_e0/meta_armor_924xx/92409.png,92400,,D:,mb.java:769
D:/Twelve/client/assets/equipment_legacy/02_armor_e0/meta_armor_924xx/92498.png,92400,,D:,mb.java:769
D:/Twelve/client/assets/equipment_legacy/02_armor_e0/meta_armor_925xx/92500.png,92500,,D:,mb.java:769
D:/Twelve/client/assets/equipment_legacy/02_armor_e0/meta_armor_925xx/92501.png,92500,,D:,mb.java:769
D:/Twelve/client/assets/equipment_legacy/02_armor_e0/meta_armor_925xx/92502.png,92500,,D:,mb.java:769
D:/Twelve/client/assets/equipment_legacy/02_armor_e0/meta_armor_925xx/92503.png,92500,,D:,mb.java:769
D:/Twelve/client/assets/equipment_legacy/02_armor_e0/meta_armor_925xx/92504.png,92500,,D:,mb.java:769
D:/Twelve/client/assets/equipment_legacy/02_armor_e0/meta_armor_925xx/92505.png,92500,,D:,mb.java:769
D:/Twelve/client/assets/equipment_legacy/02_armor_e0/meta_armor_925xx/92506.png,92500,,D:,mb.java:769
D:/Twelve/client/assets/equipment_legacy/02_armor_e0/meta_armor_925xx/92507.png,92500,,D:,mb.java:769
D:/Twelve/client/assets/equipment_legacy/02_armor_e0/meta_armor_925xx/92508.png,92500,,D:,mb.java:769
D:/Twelve/client/assets/equipment_legacy/02_armor_e0/meta_armor_925xx/92509.png,92500,,D:,mb.java:769
D:/Twelve/client/assets/equipment_legacy/02_armor_e0/meta_armor_925xx/92598.png,92500,,D:,mb.java:769
D:/Twelve/client/assets/equipment_legacy/02_armor_e0/meta_armor_980xx/98000.png,98000,,D:,mb.java:769
D:/Twelve/client/assets/equipment_legacy/02_armor_e0/meta_armor_980xx/98001.png,98000,,D:,mb.java:769
D:/Twelve/client/assets/equipment_legacy/02_armor_e0/meta_armor_980xx/98002.png,98000,,D:,mb.java:769
D:/Twelve/client/assets/equipment_legacy/02_armor_e0/meta_armor_980xx/98003.png,98000,,D:,mb.java:769
D:/Twelve/client/assets/equipment_legacy/02_armor_e0/meta_armor_980xx/98004.png,98000,,D:,mb.java:769
D:/Twelve/client/assets/equipment_legacy/02_armor_e0/meta_armor_980xx/98005.png,98000,,D:,mb.java:769
D:/Twelve/client/assets/equipment_legacy/02_armor_e0/meta_armor_980xx/98006.png,98000,,D:,mb.java:769
D:/Twelve/client/assets/equipment_legacy/02_armor_e0/meta_armor_980xx/98007.png,98000,,D:,mb.java:769
D:/Twelve/client/assets/equipment_legacy/02_armor_e0/meta_armor_980xx/98008.png,98000,,D:,mb.java:769
D:/Twelve/client/assets/equipment_legacy/02_armor_e0/meta_armor_980xx/98009.png,98000,,D:,mb.java:769
D:/Twelve/client/assets/equipment_legacy/02_armor_e0/meta_armor_980xx/98098.png,98000,,D:,mb.java:769
D:/Twelve/client/assets/equipment_legacy/02_armor_e0/meta_armor_981xx/98100.png,98100,,D:,mb.java:769
D:/Twelve/client/assets/equipment_legacy/02_armor_e0/meta_armor_981xx/98101.png,98100,,D:,mb.java:769
D:/Twelve/client/assets/equipment_legacy/02_armor_e0/meta_armor_981xx/98102.png,98100,,D:,mb.java:769
D:/Twelve/client/assets/equipment_legacy/02_armor_e0/meta_armor_981xx/98103.png,98100,,D:,mb.java:769
D:/Twelve/client/assets/equipment_legacy/02_armor_e0/meta_armor_981xx/98104.png,98100,,D:,mb.java:769
D:/Twelve/client/assets/equipment_legacy/02_armor_e0/meta_armor_981xx/98105.png,98100,,D:,mb.java:769
D:/Twelve/client/assets/equipment_legacy/02_armor_e0/meta_armor_981xx/98106.png,98100,,D:,mb.java:769
D:/Twelve/client/assets/equipment_legacy/02_armor_e0/meta_armor_981xx/98107.png,98100,,D:,mb.java:769
D:/Twelve/client/assets/equipment_legacy/02_armor_e0/meta_armor_981xx/98108.png,98100,,D:,mb.java:769
D:/Twelve/client/assets/equipment_legacy/02_armor_e0/meta_armor_981xx/98109.png,98100,,D:,mb.java:769
D:/Twelve/client/assets/equipment_legacy/02_armor_e0/meta_armor_981xx/98198.png,98100,,D:,mb.java:769
D:/Twelve/client/assets/equipment_legacy/02_armor_e0/meta_armor_982xx/98200.png,98200,,D:,mb.java:769
D:/Twelve/client/assets/equipment_legacy/02_armor_e0/meta_armor_982xx/98201.png,98200,,D:,mb.java:769
D:/Twelve/client/assets/equipment_legacy/02_armor_e0/meta_armor_982xx/98202.png,98200,,D:,mb.java:769
D:/Twelve/client/assets/equipment_legacy/02_armor_e0/meta_armor_982xx/98203.png,98200,,D:,mb.java:769
D:/Twelve/client/assets/equipment_legacy/02_armor_e0/meta_armor_982xx/98204.png,98200,,D:,mb.java:769
D:/Twelve/client/assets/equipment_legacy/02_armor_e0/meta_armor_982xx/98205.png,98200,,D:,mb.java:769
D:/Twelve/client/assets/equipment_legacy/02_armor_e0/meta_armor_982xx/98206.png,98200,,D:,mb.java:769
D:/Twelve/client/assets/equipment_legacy/02_armor_e0/meta_armor_982xx/98207.png,98200,,D:,mb.java:769
D:/Twelve/client/assets/equipment_legacy/02_armor_e0/meta_armor_982xx/98208.png,98200,,D:,mb.java:769
D:/Twelve/client/assets/equipment_legacy/02_armor_e0/meta_armor_982xx/98209.png,98200,,D:,mb.java:769
D:/Twelve/client/assets/equipment_legacy/02_armor_e0/meta_armor_982xx/98298.png,98200,,D:,mb.java:769
D:/Twelve/client/assets/equipment_legacy/02_armor_e0/meta_armor_fullbody_999xx/99900.png,99900,,D:,mb.java:769
D:/Twelve/client/assets/equipment_legacy/02_armor_e0/meta_armor_fullbody_999xx/99901.png,99900,,D:,mb.java:769
D:/Twelve/client/assets/equipment_legacy/02_armor_e0/meta_armor_fullbody_999xx/99902.png,99900,,D:,mb.java:769
D:/Twelve/client/assets/equipment_legacy/02_armor_e0/meta_armor_fullbody_999xx/99903.png,99900,,D:,mb.java:769
D:/Twelve/client/assets/equipment_legacy/02_armor_e0/meta_armor_fullbody_999xx/99904.png,99900,,D:,mb.java:769
D:/Twelve/client/assets/equipment_legacy/02_armor_e0/meta_armor_fullbody_999xx/99905.png,99900,,D:,mb.java:769
D:/Twelve/client/assets/equipment_legacy/02_armor_e0/meta_armor_fullbody_999xx/99906.png,99900,,D:,mb.java:769
D:/Twelve/client/assets/equipment_legacy/02_armor_e0/meta_armor_fullbody_999xx/99907.png,99900,,D:,mb.java:769
D:/Twelve/client/assets/equipment_legacy/02_armor_e0/meta_armor_fullbody_999xx/99908.png,99900,,D:,mb.java:769
D:/Twelve/client/assets/equipment_legacy/02_armor_e0/meta_armor_fullbody_999xx/99909.png,99900,,D:,mb.java:769
D:/Twelve/client/assets/equipment_legacy/02_armor_e0/meta_armor_fullbody_999xx/99998.png,99900,,D:,mb.java:769
D:/Twelve/client/assets/equipment_legacy/03_weapon_e1/meta_weapon_971xx/97100.png,97100,,D:,mb.java:769
D:/Twelve/client/assets/equipment_legacy/03_weapon_e1/meta_weapon_971xx/97101.png,97100,,D:,mb.java:769
D:/Twelve/client/assets/equipment_legacy/03_weapon_e1/meta_weapon_971xx/97102.png,97100,,D:,mb.java:769
D:/Twelve/client/assets/equipment_legacy/03_weapon_e1/meta_weapon_971xx/97103.png,97100,,D:,mb.java:769
D:/Twelve/client/assets/equipment_legacy/03_weapon_e1/meta_weapon_971xx/97104.png,97100,,D:,mb.java:769
D:/Twelve/client/assets/equipment_legacy/03_weapon_e1/meta_weapon_971xx/97105.png,97100,,D:,mb.java:769
D:/Twelve/client/assets/equipment_legacy/03_weapon_e1/meta_weapon_971xx/97106.png,97100,,D:,mb.java:769
D:/Twelve/client/assets/equipment_legacy/03_weapon_e1/meta_weapon_971xx/97107.png,97100,,D:,mb.java:769
D:/Twelve/client/assets/equipment_legacy/03_weapon_e1/meta_weapon_971xx/97108.png,97100,,D:,mb.java:769
D:/Twelve/client/assets/equipment_legacy/03_weapon_e1/meta_weapon_971xx/97109.png,97100,,D:,mb.java:769
D:/Twelve/client/assets/equipment_legacy/03_weapon_e1/meta_weapon_971xx/97198.png,97100,,D:,mb.java:769
D:/Twelve/client/assets/equipment_legacy/03_weapon_e1/meta_weapon_974xx/97400.png,97400,,D:,mb.java:769
D:/Twelve/client/assets/equipment_legacy/03_weapon_e1/meta_weapon_974xx/97401.png,97400,,D:,mb.java:769
D:/Twelve/client/assets/equipment_legacy/03_weapon_e1/meta_weapon_974xx/97402.png,97400,,D:,mb.java:769
D:/Twelve/client/assets/equipment_legacy/03_weapon_e1/meta_weapon_974xx/97403.png,97400,,D:,mb.java:769
D:/Twelve/client/assets/equipment_legacy/03_weapon_e1/meta_weapon_974xx/97404.png,97400,,D:,mb.java:769
D:/Twelve/client/assets/equipment_legacy/03_weapon_e1/meta_weapon_974xx/97405.png,97400,,D:,mb.java:769
D:/Twelve/client/assets/equipment_legacy/03_weapon_e1/meta_weapon_974xx/97406.png,97400,,D:,mb.java:769
D:/Twelve/client/assets/equipment_legacy/03_weapon_e1/meta_weapon_974xx/97407.png,97400,,D:,mb.java:769
D:/Twelve/client/assets/equipment_legacy/03_weapon_e1/meta_weapon_974xx/97408.png,97400,,D:,mb.java:769
D:/Twelve/client/assets/equipment_legacy/03_weapon_e1/meta_weapon_974xx/97409.png,97400,,D:,mb.java:769
D:/Twelve/client/assets/equipment_legacy/03_weapon_e1/meta_weapon_974xx/97498.png,97400,,D:,mb.java:769
D:/Twelve/client/assets/equipment_legacy/03_weapon_e1/meta_weapon_975xx/97500.png,97500,,D:,mb.java:769
D:/Twelve/client/assets/equipment_legacy/03_weapon_e1/meta_weapon_975xx/97501.png,97500,,D:,mb.java:769
D:/Twelve/client/assets/equipment_legacy/03_weapon_e1/meta_weapon_975xx/97502.png,97500,,D:,mb.java:769
D:/Twelve/client/assets/equipment_legacy/03_weapon_e1/meta_weapon_975xx/97503.png,97500,,D:,mb.java:769
D:/Twelve/client/assets/equipment_legacy/03_weapon_e1/meta_weapon_975xx/97504.png,97500,,D:,mb.java:769
D:/Twelve/client/assets/equipment_legacy/03_weapon_e1/meta_weapon_975xx/97505.png,97500,,D:,mb.java:769
D:/Twelve/client/assets/equipment_legacy/03_weapon_e1/meta_weapon_975xx/97506.png,97500,,D:,mb.java:769
D:/Twelve/client/assets/equipment_legacy/03_weapon_e1/meta_weapon_975xx/97507.png,97500,,D:,mb.java:769
D:/Twelve/client/assets/equipment_legacy/03_weapon_e1/meta_weapon_975xx/97508.png,97500,,D:,mb.java:769
D:/Twelve/client/assets/equipment_legacy/03_weapon_e1/meta_weapon_975xx/97509.png,97500,,D:,mb.java:769
D:/Twelve/client/assets/equipment_legacy/03_weapon_e1/meta_weapon_975xx/97598.png,97500,,D:,mb.java:769
D:/Twelve/client/assets/equipment_legacy/03_weapon_e1/weapon_01_701xx/70100.png,70100,,D:,mb.java:769
D:/Twelve/client/assets/equipment_legacy/03_weapon_e1/weapon_01_701xx/70101.png,70100,,D:,mb.java:769
D:/Twelve/client/assets/equipment_legacy/03_weapon_e1/weapon_01_701xx/70102.png,70100,,D:,mb.java:769
D:/Twelve/client/assets/equipment_legacy/03_weapon_e1/weapon_01_701xx/70103.png,70100,,D:,mb.java:769
D:/Twelve/client/assets/equipment_legacy/03_weapon_e1/weapon_01_701xx/70104.png,70100,,D:,mb.java:769
D:/Twelve/client/assets/equipment_legacy/03_weapon_e1/weapon_01_701xx/70105.png,70100,,D:,mb.java:769
D:/Twelve/client/assets/equipment_legacy/03_weapon_e1/weapon_01_701xx/70106.png,70100,,D:,mb.java:769
D:/Twelve/client/assets/equipment_legacy/03_weapon_e1/weapon_01_701xx/70107.png,70100,,D:,mb.java:769
D:/Twelve/client/assets/equipment_legacy/03_weapon_e1/weapon_01_701xx/70108.png,70100,,D:,mb.java:769
D:/Twelve/client/assets/equipment_legacy/03_weapon_e1/weapon_01_701xx/70109.png,70100,,D:,mb.java:769
D:/Twelve/client/assets/equipment_legacy/03_weapon_e1/weapon_01_701xx/70198.png,70100,,D:,mb.java:769
D:/Twelve/client/assets/equipment_legacy/03_weapon_e1/weapon_02_703xx/70300.png,70300,,D:,mb.java:769
D:/Twelve/client/assets/equipment_legacy/03_weapon_e1/weapon_02_703xx/70301.png,70300,,D:,mb.java:769
D:/Twelve/client/assets/equipment_legacy/03_weapon_e1/weapon_02_703xx/70302.png,70300,,D:,mb.java:769
D:/Twelve/client/assets/equipment_legacy/03_weapon_e1/weapon_02_703xx/70303.png,70300,,D:,mb.java:769
D:/Twelve/client/assets/equipment_legacy/03_weapon_e1/weapon_02_703xx/70304.png,70300,,D:,mb.java:769
D:/Twelve/client/assets/equipment_legacy/03_weapon_e1/weapon_02_703xx/70305.png,70300,,D:,mb.java:769
D:/Twelve/client/assets/equipment_legacy/03_weapon_e1/weapon_02_703xx/70306.png,70300,,D:,mb.java:769
D:/Twelve/client/assets/equipment_legacy/03_weapon_e1/weapon_02_703xx/70307.png,70300,,D:,mb.java:769
D:/Twelve/client/assets/equipment_legacy/03_weapon_e1/weapon_02_703xx/70308.png,70300,,D:,mb.java:769
D:/Twelve/client/assets/equipment_legacy/03_weapon_e1/weapon_02_703xx/70309.png,70300,,D:,mb.java:769
D:/Twelve/client/assets/equipment_legacy/03_weapon_e1/weapon_02_703xx/70398.png,70300,,D:,mb.java:769
D:/Twelve/client/assets/equipment_legacy/03_weapon_e1/weapon_03_707xx/70700.png,70700,,D:,mb.java:769
D:/Twelve/client/assets/equipment_legacy/03_weapon_e1/weapon_03_707xx/70701.png,70700,,D:,mb.java:769
D:/Twelve/client/assets/equipment_legacy/03_weapon_e1/weapon_03_707xx/70702.png,70700,,D:,mb.java:769
D:/Twelve/client/assets/equipment_legacy/03_weapon_e1/weapon_03_707xx/70703.png,70700,,D:,mb.java:769
D:/Twelve/client/assets/equipment_legacy/03_weapon_e1/weapon_03_707xx/70704.png,70700,,D:,mb.java:769
D:/Twelve/client/assets/equipment_legacy/03_weapon_e1/weapon_03_707xx/70705.png,70700,,D:,mb.java:769
D:/Twelve/client/assets/equipment_legacy/03_weapon_e1/weapon_03_707xx/70706.png,70700,,D:,mb.java:769
D:/Twelve/client/assets/equipment_legacy/03_weapon_e1/weapon_03_707xx/70707.png,70700,,D:,mb.java:769
D:/Twelve/client/assets/equipment_legacy/03_weapon_e1/weapon_03_707xx/70708.png,70700,,D:,mb.java:769
D:/Twelve/client/assets/equipment_legacy/03_weapon_e1/weapon_03_707xx/70709.png,70700,,D:,mb.java:769
D:/Twelve/client/assets/equipment_legacy/03_weapon_e1/weapon_03_707xx/70798.png,70700,,D:,mb.java:769
D:/Twelve/client/assets/equipment_legacy/03_weapon_e1/weapon_04_712xx/71200.png,71200,,D:,mb.java:769
D:/Twelve/client/assets/equipment_legacy/03_weapon_e1/weapon_04_712xx/71201.png,71200,,D:,mb.java:769
D:/Twelve/client/assets/equipment_legacy/03_weapon_e1/weapon_04_712xx/71202.png,71200,,D:,mb.java:769
D:/Twelve/client/assets/equipment_legacy/03_weapon_e1/weapon_04_712xx/71203.png,71200,,D:,mb.java:769
D:/Twelve/client/assets/equipment_legacy/03_weapon_e1/weapon_04_712xx/71204.png,71200,,D:,mb.java:769
D:/Twelve/client/assets/equipment_legacy/03_weapon_e1/weapon_04_712xx/71205.png,71200,,D:,mb.java:769
D:/Twelve/client/assets/equipment_legacy/03_weapon_e1/weapon_04_712xx/71206.png,71200,,D:,mb.java:769
D:/Twelve/client/assets/equipment_legacy/03_weapon_e1/weapon_04_712xx/71207.png,71200,,D:,mb.java:769
D:/Twelve/client/assets/equipment_legacy/03_weapon_e1/weapon_04_712xx/71208.png,71200,,D:,mb.java:769
D:/Twelve/client/assets/equipment_legacy/03_weapon_e1/weapon_04_712xx/71209.png,71200,,D:,mb.java:769
D:/Twelve/client/assets/equipment_legacy/03_weapon_e1/weapon_04_712xx/71298.png,71200,,D:,mb.java:769
D:/Twelve/client/assets/equipment_legacy/03_weapon_e1/weapon_05_713xx/71300.png,71300,,D:,mb.java:769
D:/Twelve/client/assets/equipment_legacy/03_weapon_e1/weapon_05_713xx/71301.png,71300,,D:,mb.java:769
D:/Twelve/client/assets/equipment_legacy/03_weapon_e1/weapon_05_713xx/71302.png,71300,,D:,mb.java:769
D:/Twelve/client/assets/equipment_legacy/03_weapon_e1/weapon_05_713xx/71303.png,71300,,D:,mb.java:769
D:/Twelve/client/assets/equipment_legacy/03_weapon_e1/weapon_05_713xx/71304.png,71300,,D:,mb.java:769
D:/Twelve/client/assets/equipment_legacy/03_weapon_e1/weapon_05_713xx/71305.png,71300,,D:,mb.java:769
D:/Twelve/client/assets/equipment_legacy/03_weapon_e1/weapon_05_713xx/71306.png,71300,,D:,mb.java:769
D:/Twelve/client/assets/equipment_legacy/03_weapon_e1/weapon_05_713xx/71307.png,71300,,D:,mb.java:769
D:/Twelve/client/assets/equipment_legacy/03_weapon_e1/weapon_05_713xx/71308.png,71300,,D:,mb.java:769
D:/Twelve/client/assets/equipment_legacy/03_weapon_e1/weapon_05_713xx/71309.png,71300,,D:,mb.java:769
D:/Twelve/client/assets/equipment_legacy/03_weapon_e1/weapon_05_713xx/71398.png,71300,,D:,mb.java:769
D:/Twelve/client/assets/equipment_legacy/03_weapon_e1/weapon_06_714xx/71400.png,71400,,D:,mb.java:769
D:/Twelve/client/assets/equipment_legacy/03_weapon_e1/weapon_06_714xx/71401.png,71400,,D:,mb.java:769
D:/Twelve/client/assets/equipment_legacy/03_weapon_e1/weapon_06_714xx/71402.png,71400,,D:,mb.java:769
D:/Twelve/client/assets/equipment_legacy/03_weapon_e1/weapon_06_714xx/71403.png,71400,,D:,mb.java:769
D:/Twelve/client/assets/equipment_legacy/03_weapon_e1/weapon_06_714xx/71404.png,71400,,D:,mb.java:769
D:/Twelve/client/assets/equipment_legacy/03_weapon_e1/weapon_06_714xx/71405.png,71400,,D:,mb.java:769
D:/Twelve/client/assets/equipment_legacy/03_weapon_e1/weapon_06_714xx/71406.png,71400,,D:,mb.java:769
D:/Twelve/client/assets/equipment_legacy/03_weapon_e1/weapon_06_714xx/71407.png,71400,,D:,mb.java:769
D:/Twelve/client/assets/equipment_legacy/03_weapon_e1/weapon_06_714xx/71408.png,71400,,D:,mb.java:769
D:/Twelve/client/assets/equipment_legacy/03_weapon_e1/weapon_06_714xx/71409.png,71400,,D:,mb.java:769
D:/Twelve/client/assets/equipment_legacy/03_weapon_e1/weapon_06_714xx/71498.png,71400,,D:,mb.java:769
D:/Twelve/client/assets/equipment_legacy/03_weapon_e1/weapon_07_716xx/71600.png,71600,,D:,mb.java:769
D:/Twelve/client/assets/equipment_legacy/03_weapon_e1/weapon_07_716xx/71601.png,71600,,D:,mb.java:769
D:/Twelve/client/assets/equipment_legacy/03_weapon_e1/weapon_07_716xx/71602.png,71600,,D:,mb.java:769
D:/Twelve/client/assets/equipment_legacy/03_weapon_e1/weapon_07_716xx/71603.png,71600,,D:,mb.java:769
D:/Twelve/client/assets/equipment_legacy/03_weapon_e1/weapon_07_716xx/71604.png,71600,,D:,mb.java:769
D:/Twelve/client/assets/equipment_legacy/03_weapon_e1/weapon_07_716xx/71605.png,71600,,D:,mb.java:769
D:/Twelve/client/assets/equipment_legacy/03_weapon_e1/weapon_07_716xx/71606.png,71600,,D:,mb.java:769
D:/Twelve/client/assets/equipment_legacy/03_weapon_e1/weapon_07_716xx/71607.png,71600,,D:,mb.java:769
D:/Twelve/client/assets/equipment_legacy/03_weapon_e1/weapon_07_716xx/71608.png,71600,,D:,mb.java:769
D:/Twelve/client/assets/equipment_legacy/03_weapon_e1/weapon_07_716xx/71609.png,71600,,D:,mb.java:769
D:/Twelve/client/assets/equipment_legacy/03_weapon_e1/weapon_07_716xx/71698.png,71600,,D:,mb.java:769
D:/Twelve/client/assets/equipment_legacy/03_weapon_e1/weapon_08_717xx/71700.png,71700,,D:,mb.java:769
D:/Twelve/client/assets/equipment_legacy/03_weapon_e1/weapon_08_717xx/71701.png,71700,,D:,mb.java:769
D:/Twelve/client/assets/equipment_legacy/03_weapon_e1/weapon_08_717xx/71702.png,71700,,D:,mb.java:769
D:/Twelve/client/assets/equipment_legacy/03_weapon_e1/weapon_08_717xx/71703.png,71700,,D:,mb.java:769
D:/Twelve/client/assets/equipment_legacy/03_weapon_e1/weapon_08_717xx/71704.png,71700,,D:,mb.java:769
D:/Twelve/client/assets/equipment_legacy/03_weapon_e1/weapon_08_717xx/71705.png,71700,,D:,mb.java:769
D:/Twelve/client/assets/equipment_legacy/03_weapon_e1/weapon_08_717xx/71706.png,71700,,D:,mb.java:769
D:/Twelve/client/assets/equipment_legacy/03_weapon_e1/weapon_08_717xx/71707.png,71700,,D:,mb.java:769
D:/Twelve/client/assets/equipment_legacy/03_weapon_e1/weapon_08_717xx/71708.png,71700,,D:,mb.java:769
D:/Twelve/client/assets/equipment_legacy/03_weapon_e1/weapon_08_717xx/71709.png,71700,,D:,mb.java:769
D:/Twelve/client/assets/equipment_legacy/03_weapon_e1/weapon_08_717xx/71798.png,71700,,D:,mb.java:769
D:/Twelve/client/assets/equipment_legacy/03_weapon_e1/weapon_09_718xx/71800.png,71800,,D:,mb.java:769
D:/Twelve/client/assets/equipment_legacy/03_weapon_e1/weapon_09_718xx/71801.png,71800,,D:,mb.java:769
D:/Twelve/client/assets/equipment_legacy/03_weapon_e1/weapon_09_718xx/71802.png,71800,,D:,mb.java:769
D:/Twelve/client/assets/equipment_legacy/03_weapon_e1/weapon_09_718xx/71803.png,71800,,D:,mb.java:769
D:/Twelve/client/assets/equipment_legacy/03_weapon_e1/weapon_09_718xx/71804.png,71800,,D:,mb.java:769
D:/Twelve/client/assets/equipment_legacy/03_weapon_e1/weapon_09_718xx/71805.png,71800,,D:,mb.java:769
D:/Twelve/client/assets/equipment_legacy/03_weapon_e1/weapon_09_718xx/71806.png,71800,,D:,mb.java:769
D:/Twelve/client/assets/equipment_legacy/03_weapon_e1/weapon_09_718xx/71807.png,71800,,D:,mb.java:769
D:/Twelve/client/assets/equipment_legacy/03_weapon_e1/weapon_09_718xx/71808.png,71800,,D:,mb.java:769
D:/Twelve/client/assets/equipment_legacy/03_weapon_e1/weapon_09_718xx/71809.png,71800,,D:,mb.java:769
D:/Twelve/client/assets/equipment_legacy/03_weapon_e1/weapon_09_718xx/71898.png,71800,,D:,mb.java:769
D:/Twelve/client/assets/equipment_legacy/03_weapon_e1/weapon_10_720xx/72000.png,72000,,D:,mb.java:769
D:/Twelve/client/assets/equipment_legacy/03_weapon_e1/weapon_10_720xx/72001.png,72000,,D:,mb.java:769
D:/Twelve/client/assets/equipment_legacy/03_weapon_e1/weapon_10_720xx/72002.png,72000,,D:,mb.java:769
D:/Twelve/client/assets/equipment_legacy/03_weapon_e1/weapon_10_720xx/72003.png,72000,,D:,mb.java:769
D:/Twelve/client/assets/equipment_legacy/03_weapon_e1/weapon_10_720xx/72004.png,72000,,D:,mb.java:769
D:/Twelve/client/assets/equipment_legacy/03_weapon_e1/weapon_10_720xx/72005.png,72000,,D:,mb.java:769
D:/Twelve/client/assets/equipment_legacy/03_weapon_e1/weapon_10_720xx/72006.png,72000,,D:,mb.java:769
D:/Twelve/client/assets/equipment_legacy/03_weapon_e1/weapon_10_720xx/72007.png,72000,,D:,mb.java:769
D:/Twelve/client/assets/equipment_legacy/03_weapon_e1/weapon_10_720xx/72008.png,72000,,D:,mb.java:769
D:/Twelve/client/assets/equipment_legacy/03_weapon_e1/weapon_10_720xx/72009.png,72000,,D:,mb.java:769
D:/Twelve/client/assets/equipment_legacy/03_weapon_e1/weapon_10_720xx/72098.png,72000,,D:,mb.java:769
D:/Twelve/client/assets/equipment_legacy/03_weapon_e1/weapon_11_724xx/72400.png,72400,,D:,mb.java:769
D:/Twelve/client/assets/equipment_legacy/03_weapon_e1/weapon_11_724xx/72401.png,72400,,D:,mb.java:769
D:/Twelve/client/assets/equipment_legacy/03_weapon_e1/weapon_11_724xx/72402.png,72400,,D:,mb.java:769
D:/Twelve/client/assets/equipment_legacy/03_weapon_e1/weapon_11_724xx/72403.png,72400,,D:,mb.java:769
D:/Twelve/client/assets/equipment_legacy/03_weapon_e1/weapon_11_724xx/72404.png,72400,,D:,mb.java:769
D:/Twelve/client/assets/equipment_legacy/03_weapon_e1/weapon_11_724xx/72405.png,72400,,D:,mb.java:769
D:/Twelve/client/assets/equipment_legacy/03_weapon_e1/weapon_11_724xx/72406.png,72400,,D:,mb.java:769
D:/Twelve/client/assets/equipment_legacy/03_weapon_e1/weapon_11_724xx/72407.png,72400,,D:,mb.java:769
D:/Twelve/client/assets/equipment_legacy/03_weapon_e1/weapon_11_724xx/72408.png,72400,,D:,mb.java:769
D:/Twelve/client/assets/equipment_legacy/03_weapon_e1/weapon_11_724xx/72409.png,72400,,D:,mb.java:769
D:/Twelve/client/assets/equipment_legacy/03_weapon_e1/weapon_11_724xx/72498.png,72400,,D:,mb.java:769
D:/Twelve/client/assets/equipment_legacy/03_weapon_e1/weapon_12_725xx/72500.png,72500,,D:,mb.java:769
D:/Twelve/client/assets/equipment_legacy/03_weapon_e1/weapon_12_725xx/72501.png,72500,,D:,mb.java:769
D:/Twelve/client/assets/equipment_legacy/03_weapon_e1/weapon_12_725xx/72502.png,72500,,D:,mb.java:769
D:/Twelve/client/assets/equipment_legacy/03_weapon_e1/weapon_12_725xx/72503.png,72500,,D:,mb.java:769
D:/Twelve/client/assets/equipment_legacy/03_weapon_e1/weapon_12_725xx/72504.png,72500,,D:,mb.java:769
D:/Twelve/client/assets/equipment_legacy/03_weapon_e1/weapon_12_725xx/72505.png,72500,,D:,mb.java:769
D:/Twelve/client/assets/equipment_legacy/03_weapon_e1/weapon_12_725xx/72506.png,72500,,D:,mb.java:769
D:/Twelve/client/assets/equipment_legacy/03_weapon_e1/weapon_12_725xx/72507.png,72500,,D:,mb.java:769
D:/Twelve/client/assets/equipment_legacy/03_weapon_e1/weapon_12_725xx/72508.png,72500,,D:,mb.java:769
D:/Twelve/client/assets/equipment_legacy/03_weapon_e1/weapon_12_725xx/72509.png,72500,,D:,mb.java:769
D:/Twelve/client/assets/equipment_legacy/03_weapon_e1/weapon_12_725xx/72598.png,72500,,D:,mb.java:769
D:/Twelve/client/assets/equipment_legacy/03_weapon_e1/weapon_13_740xx/74000.png,74000,,D:,mb.java:769
D:/Twelve/client/assets/equipment_legacy/03_weapon_e1/weapon_13_740xx/74001.png,74000,,D:,mb.java:769
D:/Twelve/client/assets/equipment_legacy/03_weapon_e1/weapon_13_740xx/74002.png,74000,,D:,mb.java:769
D:/Twelve/client/assets/equipment_legacy/03_weapon_e1/weapon_13_740xx/74003.png,74000,,D:,mb.java:769
D:/Twelve/client/assets/equipment_legacy/03_weapon_e1/weapon_13_740xx/74004.png,74000,,D:,mb.java:769
D:/Twelve/client/assets/equipment_legacy/03_weapon_e1/weapon_13_740xx/74005.png,74000,,D:,mb.java:769
D:/Twelve/client/assets/equipment_legacy/03_weapon_e1/weapon_13_740xx/74006.png,74000,,D:,mb.java:769
D:/Twelve/client/assets/equipment_legacy/03_weapon_e1/weapon_13_740xx/74007.png,74000,,D:,mb.java:769
D:/Twelve/client/assets/equipment_legacy/03_weapon_e1/weapon_13_740xx/74008.png,74000,,D:,mb.java:769
D:/Twelve/client/assets/equipment_legacy/03_weapon_e1/weapon_13_740xx/74009.png,74000,,D:,mb.java:769
D:/Twelve/client/assets/equipment_legacy/03_weapon_e1/weapon_13_740xx/74098.png,74000,,D:,mb.java:769
D:/Twelve/client/assets/equipment_legacy/03_weapon_e1/weapon_14_741xx/74100.png,74100,,D:,mb.java:769
D:/Twelve/client/assets/equipment_legacy/03_weapon_e1/weapon_14_741xx/74101.png,74100,,D:,mb.java:769
D:/Twelve/client/assets/equipment_legacy/03_weapon_e1/weapon_14_741xx/74102.png,74100,,D:,mb.java:769
D:/Twelve/client/assets/equipment_legacy/03_weapon_e1/weapon_14_741xx/74103.png,74100,,D:,mb.java:769
D:/Twelve/client/assets/equipment_legacy/03_weapon_e1/weapon_14_741xx/74104.png,74100,,D:,mb.java:769
D:/Twelve/client/assets/equipment_legacy/03_weapon_e1/weapon_14_741xx/74105.png,74100,,D:,mb.java:769
D:/Twelve/client/assets/equipment_legacy/03_weapon_e1/weapon_14_741xx/74106.png,74100,,D:,mb.java:769
D:/Twelve/client/assets/equipment_legacy/03_weapon_e1/weapon_14_741xx/74107.png,74100,,D:,mb.java:769
D:/Twelve/client/assets/equipment_legacy/03_weapon_e1/weapon_14_741xx/74108.png,74100,,D:,mb.java:769
D:/Twelve/client/assets/equipment_legacy/03_weapon_e1/weapon_14_741xx/74109.png,74100,,D:,mb.java:769
D:/Twelve/client/assets/equipment_legacy/03_weapon_e1/weapon_14_741xx/74198.png,74100,,D:,mb.java:769
D:/Twelve/client/assets/equipment_legacy/03_weapon_e1/weapon_15_742xx/74200.png,74200,,D:,mb.java:769
D:/Twelve/client/assets/equipment_legacy/03_weapon_e1/weapon_15_742xx/74201.png,74200,,D:,mb.java:769
D:/Twelve/client/assets/equipment_legacy/03_weapon_e1/weapon_15_742xx/74202.png,74200,,D:,mb.java:769
D:/Twelve/client/assets/equipment_legacy/03_weapon_e1/weapon_15_742xx/74203.png,74200,,D:,mb.java:769
D:/Twelve/client/assets/equipment_legacy/03_weapon_e1/weapon_15_742xx/74204.png,74200,,D:,mb.java:769
D:/Twelve/client/assets/equipment_legacy/03_weapon_e1/weapon_15_742xx/74205.png,74200,,D:,mb.java:769
D:/Twelve/client/assets/equipment_legacy/03_weapon_e1/weapon_15_742xx/74206.png,74200,,D:,mb.java:769
D:/Twelve/client/assets/equipment_legacy/03_weapon_e1/weapon_15_742xx/74207.png,74200,,D:,mb.java:769
D:/Twelve/client/assets/equipment_legacy/03_weapon_e1/weapon_15_742xx/74208.png,74200,,D:,mb.java:769
D:/Twelve/client/assets/equipment_legacy/03_weapon_e1/weapon_15_742xx/74209.png,74200,,D:,mb.java:769
D:/Twelve/client/assets/equipment_legacy/03_weapon_e1/weapon_15_742xx/74298.png,74200,,D:,mb.java:769
D:/Twelve/client/assets/equipment_legacy/03_weapon_e1/weapon_16_743xx/74300.png,74300,,D:,mb.java:769
D:/Twelve/client/assets/equipment_legacy/03_weapon_e1/weapon_16_743xx/74301.png,74300,,D:,mb.java:769
D:/Twelve/client/assets/equipment_legacy/03_weapon_e1/weapon_16_743xx/74302.png,74300,,D:,mb.java:769
D:/Twelve/client/assets/equipment_legacy/03_weapon_e1/weapon_16_743xx/74303.png,74300,,D:,mb.java:769
D:/Twelve/client/assets/equipment_legacy/03_weapon_e1/weapon_16_743xx/74304.png,74300,,D:,mb.java:769
D:/Twelve/client/assets/equipment_legacy/03_weapon_e1/weapon_16_743xx/74305.png,74300,,D:,mb.java:769
D:/Twelve/client/assets/equipment_legacy/03_weapon_e1/weapon_16_743xx/74306.png,74300,,D:,mb.java:769
D:/Twelve/client/assets/equipment_legacy/03_weapon_e1/weapon_16_743xx/74307.png,74300,,D:,mb.java:769
D:/Twelve/client/assets/equipment_legacy/03_weapon_e1/weapon_16_743xx/74308.png,74300,,D:,mb.java:769
D:/Twelve/client/assets/equipment_legacy/03_weapon_e1/weapon_16_743xx/74309.png,74300,,D:,mb.java:769
D:/Twelve/client/assets/equipment_legacy/03_weapon_e1/weapon_16_743xx/74398.png,74300,,D:,mb.java:769
D:/Twelve/client/assets/equipment_legacy/03_weapon_e1/weapon_17_751xx/75100.png,75100,,D:,mb.java:769
D:/Twelve/client/assets/equipment_legacy/03_weapon_e1/weapon_17_751xx/75101.png,75100,,D:,mb.java:769
D:/Twelve/client/assets/equipment_legacy/03_weapon_e1/weapon_17_751xx/75102.png,75100,,D:,mb.java:769
D:/Twelve/client/assets/equipment_legacy/03_weapon_e1/weapon_17_751xx/75103.png,75100,,D:,mb.java:769
D:/Twelve/client/assets/equipment_legacy/03_weapon_e1/weapon_17_751xx/75104.png,75100,,D:,mb.java:769
D:/Twelve/client/assets/equipment_legacy/03_weapon_e1/weapon_17_751xx/75105.png,75100,,D:,mb.java:769
D:/Twelve/client/assets/equipment_legacy/03_weapon_e1/weapon_17_751xx/75106.png,75100,,D:,mb.java:769
D:/Twelve/client/assets/equipment_legacy/03_weapon_e1/weapon_17_751xx/75107.png,75100,,D:,mb.java:769
D:/Twelve/client/assets/equipment_legacy/03_weapon_e1/weapon_17_751xx/75108.png,75100,,D:,mb.java:769
D:/Twelve/client/assets/equipment_legacy/03_weapon_e1/weapon_17_751xx/75109.png,75100,,D:,mb.java:769
D:/Twelve/client/assets/equipment_legacy/03_weapon_e1/weapon_17_751xx/75198.png,75100,,D:,mb.java:769
D:/Twelve/client/assets/equipment_legacy/03_weapon_e1/weapon_18_753xx/75300.png,75300,,D:,mb.java:769
D:/Twelve/client/assets/equipment_legacy/03_weapon_e1/weapon_18_753xx/75301.png,75300,,D:,mb.java:769
D:/Twelve/client/assets/equipment_legacy/03_weapon_e1/weapon_18_753xx/75302.png,75300,,D:,mb.java:769
D:/Twelve/client/assets/equipment_legacy/03_weapon_e1/weapon_18_753xx/75303.png,75300,,D:,mb.java:769
D:/Twelve/client/assets/equipment_legacy/03_weapon_e1/weapon_18_753xx/75304.png,75300,,D:,mb.java:769
D:/Twelve/client/assets/equipment_legacy/03_weapon_e1/weapon_18_753xx/75305.png,75300,,D:,mb.java:769
D:/Twelve/client/assets/equipment_legacy/03_weapon_e1/weapon_18_753xx/75306.png,75300,,D:,mb.java:769
D:/Twelve/client/assets/equipment_legacy/03_weapon_e1/weapon_18_753xx/75307.png,75300,,D:,mb.java:769
D:/Twelve/client/assets/equipment_legacy/03_weapon_e1/weapon_18_753xx/75308.png,75300,,D:,mb.java:769
D:/Twelve/client/assets/equipment_legacy/03_weapon_e1/weapon_18_753xx/75309.png,75300,,D:,mb.java:769
D:/Twelve/client/assets/equipment_legacy/03_weapon_e1/weapon_18_753xx/75398.png,75300,,D:,mb.java:769
D:/Twelve/client/assets/equipment_legacy/03_weapon_e1/weapon_19_754xx/75400.png,75400,,D:,mb.java:769
D:/Twelve/client/assets/equipment_legacy/03_weapon_e1/weapon_19_754xx/75401.png,75400,,D:,mb.java:769
D:/Twelve/client/assets/equipment_legacy/03_weapon_e1/weapon_19_754xx/75402.png,75400,,D:,mb.java:769
D:/Twelve/client/assets/equipment_legacy/03_weapon_e1/weapon_19_754xx/75403.png,75400,,D:,mb.java:769
D:/Twelve/client/assets/equipment_legacy/03_weapon_e1/weapon_19_754xx/75404.png,75400,,D:,mb.java:769
D:/Twelve/client/assets/equipment_legacy/03_weapon_e1/weapon_19_754xx/75405.png,75400,,D:,mb.java:769
D:/Twelve/client/assets/equipment_legacy/03_weapon_e1/weapon_19_754xx/75406.png,75400,,D:,mb.java:769
D:/Twelve/client/assets/equipment_legacy/03_weapon_e1/weapon_19_754xx/75407.png,75400,,D:,mb.java:769
D:/Twelve/client/assets/equipment_legacy/03_weapon_e1/weapon_19_754xx/75408.png,75400,,D:,mb.java:769
D:/Twelve/client/assets/equipment_legacy/03_weapon_e1/weapon_19_754xx/75409.png,75400,,D:,mb.java:769
D:/Twelve/client/assets/equipment_legacy/03_weapon_e1/weapon_19_754xx/75498.png,75400,,D:,mb.java:769
D:/Twelve/client/assets/equipment_legacy/03_weapon_e1/weapon_20_756xx/75600.png,75600,,D:,mb.java:769
D:/Twelve/client/assets/equipment_legacy/03_weapon_e1/weapon_20_756xx/75601.png,75600,,D:,mb.java:769
D:/Twelve/client/assets/equipment_legacy/03_weapon_e1/weapon_20_756xx/75602.png,75600,,D:,mb.java:769
D:/Twelve/client/assets/equipment_legacy/03_weapon_e1/weapon_20_756xx/75603.png,75600,,D:,mb.java:769
D:/Twelve/client/assets/equipment_legacy/03_weapon_e1/weapon_20_756xx/75604.png,75600,,D:,mb.java:769
D:/Twelve/client/assets/equipment_legacy/03_weapon_e1/weapon_20_756xx/75605.png,75600,,D:,mb.java:769
D:/Twelve/client/assets/equipment_legacy/03_weapon_e1/weapon_20_756xx/75606.png,75600,,D:,mb.java:769
D:/Twelve/client/assets/equipment_legacy/03_weapon_e1/weapon_20_756xx/75607.png,75600,,D:,mb.java:769
D:/Twelve/client/assets/equipment_legacy/03_weapon_e1/weapon_20_756xx/75608.png,75600,,D:,mb.java:769
D:/Twelve/client/assets/equipment_legacy/03_weapon_e1/weapon_20_756xx/75609.png,75600,,D:,mb.java:769
D:/Twelve/client/assets/equipment_legacy/03_weapon_e1/weapon_20_756xx/75698.png,75600,,D:,mb.java:769
D:/Twelve/client/assets/equipment_legacy/03_weapon_e1/weapon_21_758xx/75800.png,75800,,D:,mb.java:769
D:/Twelve/client/assets/equipment_legacy/03_weapon_e1/weapon_21_758xx/75801.png,75800,,D:,mb.java:769
D:/Twelve/client/assets/equipment_legacy/03_weapon_e1/weapon_21_758xx/75802.png,75800,,D:,mb.java:769
D:/Twelve/client/assets/equipment_legacy/03_weapon_e1/weapon_21_758xx/75803.png,75800,,D:,mb.java:769
D:/Twelve/client/assets/equipment_legacy/03_weapon_e1/weapon_21_758xx/75804.png,75800,,D:,mb.java:769
D:/Twelve/client/assets/equipment_legacy/03_weapon_e1/weapon_21_758xx/75805.png,75800,,D:,mb.java:769
D:/Twelve/client/assets/equipment_legacy/03_weapon_e1/weapon_21_758xx/75806.png,75800,,D:,mb.java:769
D:/Twelve/client/assets/equipment_legacy/03_weapon_e1/weapon_21_758xx/75807.png,75800,,D:,mb.java:769
D:/Twelve/client/assets/equipment_legacy/03_weapon_e1/weapon_21_758xx/75808.png,75800,,D:,mb.java:769
D:/Twelve/client/assets/equipment_legacy/03_weapon_e1/weapon_21_758xx/75809.png,75800,,D:,mb.java:769
D:/Twelve/client/assets/equipment_legacy/03_weapon_e1/weapon_21_758xx/75898.png,75800,,D:,mb.java:769
D:/Twelve/client/assets/equipment_legacy/03_weapon_e1/weapon_22_762xx/76200.png,76200,,D:,mb.java:769
D:/Twelve/client/assets/equipment_legacy/03_weapon_e1/weapon_22_762xx/76201.png,76200,,D:,mb.java:769
D:/Twelve/client/assets/equipment_legacy/03_weapon_e1/weapon_22_762xx/76202.png,76200,,D:,mb.java:769
D:/Twelve/client/assets/equipment_legacy/03_weapon_e1/weapon_22_762xx/76203.png,76200,,D:,mb.java:769
D:/Twelve/client/assets/equipment_legacy/03_weapon_e1/weapon_22_762xx/76204.png,76200,,D:,mb.java:769
D:/Twelve/client/assets/equipment_legacy/03_weapon_e1/weapon_22_762xx/76205.png,76200,,D:,mb.java:769
D:/Twelve/client/assets/equipment_legacy/03_weapon_e1/weapon_22_762xx/76206.png,76200,,D:,mb.java:769
D:/Twelve/client/assets/equipment_legacy/03_weapon_e1/weapon_22_762xx/76207.png,76200,,D:,mb.java:769
D:/Twelve/client/assets/equipment_legacy/03_weapon_e1/weapon_22_762xx/76208.png,76200,,D:,mb.java:769
D:/Twelve/client/assets/equipment_legacy/03_weapon_e1/weapon_22_762xx/76209.png,76200,,D:,mb.java:769
D:/Twelve/client/assets/equipment_legacy/03_weapon_e1/weapon_22_762xx/76298.png,76200,,D:,mb.java:769
D:/Twelve/client/assets/equipment_legacy/03_weapon_e1/weapon_23_764xx/76400.png,76400,,D:,mb.java:769
D:/Twelve/client/assets/equipment_legacy/03_weapon_e1/weapon_23_764xx/76401.png,76400,,D:,mb.java:769
D:/Twelve/client/assets/equipment_legacy/03_weapon_e1/weapon_23_764xx/76402.png,76400,,D:,mb.java:769
D:/Twelve/client/assets/equipment_legacy/03_weapon_e1/weapon_23_764xx/76403.png,76400,,D:,mb.java:769
D:/Twelve/client/assets/equipment_legacy/03_weapon_e1/weapon_23_764xx/76404.png,76400,,D:,mb.java:769
D:/Twelve/client/assets/equipment_legacy/03_weapon_e1/weapon_23_764xx/76405.png,76400,,D:,mb.java:769
D:/Twelve/client/assets/equipment_legacy/03_weapon_e1/weapon_23_764xx/76406.png,76400,,D:,mb.java:769
D:/Twelve/client/assets/equipment_legacy/03_weapon_e1/weapon_23_764xx/76407.png,76400,,D:,mb.java:769
D:/Twelve/client/assets/equipment_legacy/03_weapon_e1/weapon_23_764xx/76408.png,76400,,D:,mb.java:769
D:/Twelve/client/assets/equipment_legacy/03_weapon_e1/weapon_23_764xx/76409.png,76400,,D:,mb.java:769
D:/Twelve/client/assets/equipment_legacy/03_weapon_e1/weapon_23_764xx/76498.png,76400,,D:,mb.java:769
D:/Twelve/client/assets/equipment_legacy/03_weapon_e1/weapon_24_765xx/76500.png,76500,,D:,mb.java:769
D:/Twelve/client/assets/equipment_legacy/03_weapon_e1/weapon_24_765xx/76501.png,76500,,D:,mb.java:769
D:/Twelve/client/assets/equipment_legacy/03_weapon_e1/weapon_24_765xx/76502.png,76500,,D:,mb.java:769
D:/Twelve/client/assets/equipment_legacy/03_weapon_e1/weapon_24_765xx/76503.png,76500,,D:,mb.java:769
D:/Twelve/client/assets/equipment_legacy/03_weapon_e1/weapon_24_765xx/76504.png,76500,,D:,mb.java:769
D:/Twelve/client/assets/equipment_legacy/03_weapon_e1/weapon_24_765xx/76505.png,76500,,D:,mb.java:769
D:/Twelve/client/assets/equipment_legacy/03_weapon_e1/weapon_24_765xx/76506.png,76500,,D:,mb.java:769
D:/Twelve/client/assets/equipment_legacy/03_weapon_e1/weapon_24_765xx/76507.png,76500,,D:,mb.java:769
D:/Twelve/client/assets/equipment_legacy/03_weapon_e1/weapon_24_765xx/76508.png,76500,,D:,mb.java:769
D:/Twelve/client/assets/equipment_legacy/03_weapon_e1/weapon_24_765xx/76509.png,76500,,D:,mb.java:769
D:/Twelve/client/assets/equipment_legacy/03_weapon_e1/weapon_24_765xx/76598.png,76500,,D:,mb.java:769
D:/Twelve/client/assets/equipment_legacy/03_weapon_e1/weapon_25_766xx/76600.png,76600,,D:,mb.java:769
D:/Twelve/client/assets/equipment_legacy/03_weapon_e1/weapon_25_766xx/76601.png,76600,,D:,mb.java:769
D:/Twelve/client/assets/equipment_legacy/03_weapon_e1/weapon_25_766xx/76602.png,76600,,D:,mb.java:769
D:/Twelve/client/assets/equipment_legacy/03_weapon_e1/weapon_25_766xx/76603.png,76600,,D:,mb.java:769
D:/Twelve/client/assets/equipment_legacy/03_weapon_e1/weapon_25_766xx/76604.png,76600,,D:,mb.java:769
D:/Twelve/client/assets/equipment_legacy/03_weapon_e1/weapon_25_766xx/76605.png,76600,,D:,mb.java:769
D:/Twelve/client/assets/equipment_legacy/03_weapon_e1/weapon_25_766xx/76606.png,76600,,D:,mb.java:769
D:/Twelve/client/assets/equipment_legacy/03_weapon_e1/weapon_25_766xx/76607.png,76600,,D:,mb.java:769
D:/Twelve/client/assets/equipment_legacy/03_weapon_e1/weapon_25_766xx/76608.png,76600,,D:,mb.java:769
D:/Twelve/client/assets/equipment_legacy/03_weapon_e1/weapon_25_766xx/76609.png,76600,,D:,mb.java:769
D:/Twelve/client/assets/equipment_legacy/03_weapon_e1/weapon_25_766xx/76698.png,76600,,D:,mb.java:769
D:/Twelve/client/assets/equipment_legacy/03_weapon_e1/weapon_26_767xx/76700.png,76700,,D:,mb.java:769
D:/Twelve/client/assets/equipment_legacy/03_weapon_e1/weapon_26_767xx/76701.png,76700,,D:,mb.java:769
D:/Twelve/client/assets/equipment_legacy/03_weapon_e1/weapon_26_767xx/76702.png,76700,,D:,mb.java:769
D:/Twelve/client/assets/equipment_legacy/03_weapon_e1/weapon_26_767xx/76703.png,76700,,D:,mb.java:769
D:/Twelve/client/assets/equipment_legacy/03_weapon_e1/weapon_26_767xx/76704.png,76700,,D:,mb.java:769
D:/Twelve/client/assets/equipment_legacy/03_weapon_e1/weapon_26_767xx/76705.png,76700,,D:,mb.java:769
D:/Twelve/client/assets/equipment_legacy/03_weapon_e1/weapon_26_767xx/76706.png,76700,,D:,mb.java:769
D:/Twelve/client/assets/equipment_legacy/03_weapon_e1/weapon_26_767xx/76707.png,76700,,D:,mb.java:769
D:/Twelve/client/assets/equipment_legacy/03_weapon_e1/weapon_26_767xx/76708.png,76700,,D:,mb.java:769
D:/Twelve/client/assets/equipment_legacy/03_weapon_e1/weapon_26_767xx/76709.png,76700,,D:,mb.java:769
D:/Twelve/client/assets/equipment_legacy/03_weapon_e1/weapon_26_767xx/76798.png,76700,,D:,mb.java:769
D:/Twelve/client/assets/equipment_legacy/03_weapon_e1/weapon_27_771xx/77100.png,77100,,D:,mb.java:769
D:/Twelve/client/assets/equipment_legacy/03_weapon_e1/weapon_27_771xx/77101.png,77100,,D:,mb.java:769
D:/Twelve/client/assets/equipment_legacy/03_weapon_e1/weapon_27_771xx/77102.png,77100,,D:,mb.java:769
D:/Twelve/client/assets/equipment_legacy/03_weapon_e1/weapon_27_771xx/77103.png,77100,,D:,mb.java:769
D:/Twelve/client/assets/equipment_legacy/03_weapon_e1/weapon_27_771xx/77104.png,77100,,D:,mb.java:769
D:/Twelve/client/assets/equipment_legacy/03_weapon_e1/weapon_27_771xx/77105.png,77100,,D:,mb.java:769
D:/Twelve/client/assets/equipment_legacy/03_weapon_e1/weapon_27_771xx/77106.png,77100,,D:,mb.java:769
D:/Twelve/client/assets/equipment_legacy/03_weapon_e1/weapon_27_771xx/77107.png,77100,,D:,mb.java:769
D:/Twelve/client/assets/equipment_legacy/03_weapon_e1/weapon_27_771xx/77108.png,77100,,D:,mb.java:769
D:/Twelve/client/assets/equipment_legacy/03_weapon_e1/weapon_27_771xx/77109.png,77100,,D:,mb.java:769
D:/Twelve/client/assets/equipment_legacy/03_weapon_e1/weapon_27_771xx/77198.png,77100,,D:,mb.java:769
D:/Twelve/client/assets/equipment_legacy/03_weapon_e1/weapon_28_774xx/77400.png,77400,,D:,mb.java:769
D:/Twelve/client/assets/equipment_legacy/03_weapon_e1/weapon_28_774xx/77401.png,77400,,D:,mb.java:769
D:/Twelve/client/assets/equipment_legacy/03_weapon_e1/weapon_28_774xx/77402.png,77400,,D:,mb.java:769
D:/Twelve/client/assets/equipment_legacy/03_weapon_e1/weapon_28_774xx/77403.png,77400,,D:,mb.java:769
D:/Twelve/client/assets/equipment_legacy/03_weapon_e1/weapon_28_774xx/77404.png,77400,,D:,mb.java:769
D:/Twelve/client/assets/equipment_legacy/03_weapon_e1/weapon_28_774xx/77405.png,77400,,D:,mb.java:769
D:/Twelve/client/assets/equipment_legacy/03_weapon_e1/weapon_28_774xx/77406.png,77400,,D:,mb.java:769
D:/Twelve/client/assets/equipment_legacy/03_weapon_e1/weapon_28_774xx/77407.png,77400,,D:,mb.java:769
D:/Twelve/client/assets/equipment_legacy/03_weapon_e1/weapon_28_774xx/77408.png,77400,,D:,mb.java:769
D:/Twelve/client/assets/equipment_legacy/03_weapon_e1/weapon_28_774xx/77409.png,77400,,D:,mb.java:769
D:/Twelve/client/assets/equipment_legacy/03_weapon_e1/weapon_28_774xx/77498.png,77400,,D:,mb.java:769
D:/Twelve/client/assets/equipment_legacy/03_weapon_e1/weapon_29_775xx/77500.png,77500,,D:,mb.java:769
D:/Twelve/client/assets/equipment_legacy/03_weapon_e1/weapon_29_775xx/77501.png,77500,,D:,mb.java:769
D:/Twelve/client/assets/equipment_legacy/03_weapon_e1/weapon_29_775xx/77502.png,77500,,D:,mb.java:769
D:/Twelve/client/assets/equipment_legacy/03_weapon_e1/weapon_29_775xx/77503.png,77500,,D:,mb.java:769
D:/Twelve/client/assets/equipment_legacy/03_weapon_e1/weapon_29_775xx/77504.png,77500,,D:,mb.java:769
D:/Twelve/client/assets/equipment_legacy/03_weapon_e1/weapon_29_775xx/77505.png,77500,,D:,mb.java:769
D:/Twelve/client/assets/equipment_legacy/03_weapon_e1/weapon_29_775xx/77506.png,77500,,D:,mb.java:769
D:/Twelve/client/assets/equipment_legacy/03_weapon_e1/weapon_29_775xx/77507.png,77500,,D:,mb.java:769
D:/Twelve/client/assets/equipment_legacy/03_weapon_e1/weapon_29_775xx/77508.png,77500,,D:,mb.java:769
D:/Twelve/client/assets/equipment_legacy/03_weapon_e1/weapon_29_775xx/77509.png,77500,,D:,mb.java:769
D:/Twelve/client/assets/equipment_legacy/03_weapon_e1/weapon_29_775xx/77598.png,77500,,D:,mb.java:769
D:/Twelve/client/assets/equipment_legacy/03_weapon_e1/weapon_30_780xx/78000.png,78000,,D:,mb.java:769
D:/Twelve/client/assets/equipment_legacy/03_weapon_e1/weapon_30_780xx/78001.png,78000,,D:,mb.java:769
D:/Twelve/client/assets/equipment_legacy/03_weapon_e1/weapon_30_780xx/78002.png,78000,,D:,mb.java:769
D:/Twelve/client/assets/equipment_legacy/03_weapon_e1/weapon_30_780xx/78003.png,78000,,D:,mb.java:769
D:/Twelve/client/assets/equipment_legacy/03_weapon_e1/weapon_30_780xx/78004.png,78000,,D:,mb.java:769
D:/Twelve/client/assets/equipment_legacy/03_weapon_e1/weapon_30_780xx/78005.png,78000,,D:,mb.java:769
D:/Twelve/client/assets/equipment_legacy/03_weapon_e1/weapon_30_780xx/78006.png,78000,,D:,mb.java:769
D:/Twelve/client/assets/equipment_legacy/03_weapon_e1/weapon_30_780xx/78007.png,78000,,D:,mb.java:769
D:/Twelve/client/assets/equipment_legacy/03_weapon_e1/weapon_30_780xx/78008.png,78000,,D:,mb.java:769
D:/Twelve/client/assets/equipment_legacy/03_weapon_e1/weapon_30_780xx/78009.png,78000,,D:,mb.java:769
D:/Twelve/client/assets/equipment_legacy/03_weapon_e1/weapon_30_780xx/78098.png,78000,,D:,mb.java:769
D:/Twelve/client/assets/equipment_legacy/03_weapon_e1/weapon_31_781xx/78100.png,78100,,D:,mb.java:769
D:/Twelve/client/assets/equipment_legacy/03_weapon_e1/weapon_31_781xx/78101.png,78100,,D:,mb.java:769
D:/Twelve/client/assets/equipment_legacy/03_weapon_e1/weapon_31_781xx/78102.png,78100,,D:,mb.java:769
D:/Twelve/client/assets/equipment_legacy/03_weapon_e1/weapon_31_781xx/78103.png,78100,,D:,mb.java:769
D:/Twelve/client/assets/equipment_legacy/03_weapon_e1/weapon_31_781xx/78104.png,78100,,D:,mb.java:769
D:/Twelve/client/assets/equipment_legacy/03_weapon_e1/weapon_31_781xx/78105.png,78100,,D:,mb.java:769
D:/Twelve/client/assets/equipment_legacy/03_weapon_e1/weapon_31_781xx/78106.png,78100,,D:,mb.java:769
D:/Twelve/client/assets/equipment_legacy/03_weapon_e1/weapon_31_781xx/78107.png,78100,,D:,mb.java:769
D:/Twelve/client/assets/equipment_legacy/03_weapon_e1/weapon_31_781xx/78108.png,78100,,D:,mb.java:769
D:/Twelve/client/assets/equipment_legacy/03_weapon_e1/weapon_31_781xx/78109.png,78100,,D:,mb.java:769
D:/Twelve/client/assets/equipment_legacy/03_weapon_e1/weapon_31_781xx/78198.png,78100,,D:,mb.java:769
D:/Twelve/client/assets/equipment_legacy/03_weapon_e1/weapon_32_782xx/78200.png,78200,,D:,mb.java:769
D:/Twelve/client/assets/equipment_legacy/03_weapon_e1/weapon_32_782xx/78201.png,78200,,D:,mb.java:769
D:/Twelve/client/assets/equipment_legacy/03_weapon_e1/weapon_32_782xx/78202.png,78200,,D:,mb.java:769
D:/Twelve/client/assets/equipment_legacy/03_weapon_e1/weapon_32_782xx/78203.png,78200,,D:,mb.java:769
D:/Twelve/client/assets/equipment_legacy/03_weapon_e1/weapon_32_782xx/78204.png,78200,,D:,mb.java:769
D:/Twelve/client/assets/equipment_legacy/03_weapon_e1/weapon_32_782xx/78205.png,78200,,D:,mb.java:769
D:/Twelve/client/assets/equipment_legacy/03_weapon_e1/weapon_32_782xx/78206.png,78200,,D:,mb.java:769
D:/Twelve/client/assets/equipment_legacy/03_weapon_e1/weapon_32_782xx/78207.png,78200,,D:,mb.java:769
D:/Twelve/client/assets/equipment_legacy/03_weapon_e1/weapon_32_782xx/78208.png,78200,,D:,mb.java:769
D:/Twelve/client/assets/equipment_legacy/03_weapon_e1/weapon_32_782xx/78209.png,78200,,D:,mb.java:769
D:/Twelve/client/assets/equipment_legacy/03_weapon_e1/weapon_32_782xx/78298.png,78200,,D:,mb.java:769
D:/Twelve/client/assets/equipment_legacy/03_weapon_e1/weapon_33_783xx/78300.png,78300,,D:,mb.java:769
D:/Twelve/client/assets/equipment_legacy/03_weapon_e1/weapon_33_783xx/78301.png,78300,,D:,mb.java:769
D:/Twelve/client/assets/equipment_legacy/03_weapon_e1/weapon_33_783xx/78302.png,78300,,D:,mb.java:769
D:/Twelve/client/assets/equipment_legacy/03_weapon_e1/weapon_33_783xx/78303.png,78300,,D:,mb.java:769
D:/Twelve/client/assets/equipment_legacy/03_weapon_e1/weapon_33_783xx/78304.png,78300,,D:,mb.java:769
D:/Twelve/client/assets/equipment_legacy/03_weapon_e1/weapon_33_783xx/78305.png,78300,,D:,mb.java:769
D:/Twelve/client/assets/equipment_legacy/03_weapon_e1/weapon_33_783xx/78306.png,78300,,D:,mb.java:769
D:/Twelve/client/assets/equipment_legacy/03_weapon_e1/weapon_33_783xx/78307.png,78300,,D:,mb.java:769
D:/Twelve/client/assets/equipment_legacy/03_weapon_e1/weapon_33_783xx/78308.png,78300,,D:,mb.java:769
D:/Twelve/client/assets/equipment_legacy/03_weapon_e1/weapon_33_783xx/78309.png,78300,,D:,mb.java:769
D:/Twelve/client/assets/equipment_legacy/03_weapon_e1/weapon_33_783xx/78398.png,78300,,D:,mb.java:769
D:/Twelve/client/assets/equipment_legacy/04_helmet_e2/helmet_01_800xx/80000.png,80000,,D:,mb.java:769
D:/Twelve/client/assets/equipment_legacy/04_helmet_e2/helmet_01_800xx/80001.png,80000,,D:,mb.java:769
D:/Twelve/client/assets/equipment_legacy/04_helmet_e2/helmet_01_800xx/80002.png,80000,,D:,mb.java:769
D:/Twelve/client/assets/equipment_legacy/04_helmet_e2/helmet_01_800xx/80003.png,80000,,D:,mb.java:769
D:/Twelve/client/assets/equipment_legacy/04_helmet_e2/helmet_01_800xx/80004.png,80000,,D:,mb.java:769
D:/Twelve/client/assets/equipment_legacy/04_helmet_e2/helmet_01_800xx/80005.png,80000,,D:,mb.java:769
D:/Twelve/client/assets/equipment_legacy/04_helmet_e2/helmet_01_800xx/80006.png,80000,,D:,mb.java:769
D:/Twelve/client/assets/equipment_legacy/04_helmet_e2/helmet_01_800xx/80007.png,80000,,D:,mb.java:769
D:/Twelve/client/assets/equipment_legacy/04_helmet_e2/helmet_01_800xx/80008.png,80000,,D:,mb.java:769
D:/Twelve/client/assets/equipment_legacy/04_helmet_e2/helmet_01_800xx/80009.png,80000,,D:,mb.java:769
D:/Twelve/client/assets/equipment_legacy/04_helmet_e2/helmet_01_800xx/80098.png,80000,,D:,mb.java:769
D:/Twelve/client/assets/equipment_legacy/04_helmet_e2/helmet_02_802xx/80200.png,80200,,D:,mb.java:769
D:/Twelve/client/assets/equipment_legacy/04_helmet_e2/helmet_02_802xx/80201.png,80200,,D:,mb.java:769
D:/Twelve/client/assets/equipment_legacy/04_helmet_e2/helmet_02_802xx/80202.png,80200,,D:,mb.java:769
D:/Twelve/client/assets/equipment_legacy/04_helmet_e2/helmet_02_802xx/80203.png,80200,,D:,mb.java:769
D:/Twelve/client/assets/equipment_legacy/04_helmet_e2/helmet_02_802xx/80204.png,80200,,D:,mb.java:769
D:/Twelve/client/assets/equipment_legacy/04_helmet_e2/helmet_02_802xx/80205.png,80200,,D:,mb.java:769
D:/Twelve/client/assets/equipment_legacy/04_helmet_e2/helmet_02_802xx/80206.png,80200,,D:,mb.java:769
D:/Twelve/client/assets/equipment_legacy/04_helmet_e2/helmet_02_802xx/80207.png,80200,,D:,mb.java:769
D:/Twelve/client/assets/equipment_legacy/04_helmet_e2/helmet_02_802xx/80208.png,80200,,D:,mb.java:769
D:/Twelve/client/assets/equipment_legacy/04_helmet_e2/helmet_02_802xx/80209.png,80200,,D:,mb.java:769
D:/Twelve/client/assets/equipment_legacy/04_helmet_e2/helmet_02_802xx/80298.png,80200,,D:,mb.java:769
D:/Twelve/client/assets/equipment_legacy/04_helmet_e2/helmet_03_804xx/80400.png,80400,,D:,mb.java:769
D:/Twelve/client/assets/equipment_legacy/04_helmet_e2/helmet_03_804xx/80401.png,80400,,D:,mb.java:769
D:/Twelve/client/assets/equipment_legacy/04_helmet_e2/helmet_03_804xx/80402.png,80400,,D:,mb.java:769
D:/Twelve/client/assets/equipment_legacy/04_helmet_e2/helmet_03_804xx/80403.png,80400,,D:,mb.java:769
D:/Twelve/client/assets/equipment_legacy/04_helmet_e2/helmet_03_804xx/80404.png,80400,,D:,mb.java:769
D:/Twelve/client/assets/equipment_legacy/04_helmet_e2/helmet_03_804xx/80405.png,80400,,D:,mb.java:769
D:/Twelve/client/assets/equipment_legacy/04_helmet_e2/helmet_03_804xx/80406.png,80400,,D:,mb.java:769
D:/Twelve/client/assets/equipment_legacy/04_helmet_e2/helmet_03_804xx/80407.png,80400,,D:,mb.java:769
D:/Twelve/client/assets/equipment_legacy/04_helmet_e2/helmet_03_804xx/80408.png,80400,,D:,mb.java:769
D:/Twelve/client/assets/equipment_legacy/04_helmet_e2/helmet_03_804xx/80409.png,80400,,D:,mb.java:769
D:/Twelve/client/assets/equipment_legacy/04_helmet_e2/helmet_03_804xx/80498.png,80400,,D:,mb.java:769
D:/Twelve/client/assets/equipment_legacy/04_helmet_e2/helmet_04_806xx/80600.png,80600,,D:,mb.java:769
D:/Twelve/client/assets/equipment_legacy/04_helmet_e2/helmet_04_806xx/80601.png,80600,,D:,mb.java:769
D:/Twelve/client/assets/equipment_legacy/04_helmet_e2/helmet_04_806xx/80602.png,80600,,D:,mb.java:769
D:/Twelve/client/assets/equipment_legacy/04_helmet_e2/helmet_04_806xx/80603.png,80600,,D:,mb.java:769
D:/Twelve/client/assets/equipment_legacy/04_helmet_e2/helmet_04_806xx/80604.png,80600,,D:,mb.java:769
D:/Twelve/client/assets/equipment_legacy/04_helmet_e2/helmet_04_806xx/80605.png,80600,,D:,mb.java:769
D:/Twelve/client/assets/equipment_legacy/04_helmet_e2/helmet_04_806xx/80606.png,80600,,D:,mb.java:769
D:/Twelve/client/assets/equipment_legacy/04_helmet_e2/helmet_04_806xx/80607.png,80600,,D:,mb.java:769
D:/Twelve/client/assets/equipment_legacy/04_helmet_e2/helmet_04_806xx/80608.png,80600,,D:,mb.java:769
D:/Twelve/client/assets/equipment_legacy/04_helmet_e2/helmet_04_806xx/80609.png,80600,,D:,mb.java:769
D:/Twelve/client/assets/equipment_legacy/04_helmet_e2/helmet_04_806xx/80698.png,80600,,D:,mb.java:769
D:/Twelve/client/assets/equipment_legacy/04_helmet_e2/helmet_05_807xx/80700.png,80700,,D:,mb.java:769
D:/Twelve/client/assets/equipment_legacy/04_helmet_e2/helmet_05_807xx/80701.png,80700,,D:,mb.java:769
D:/Twelve/client/assets/equipment_legacy/04_helmet_e2/helmet_05_807xx/80702.png,80700,,D:,mb.java:769
D:/Twelve/client/assets/equipment_legacy/04_helmet_e2/helmet_05_807xx/80703.png,80700,,D:,mb.java:769
D:/Twelve/client/assets/equipment_legacy/04_helmet_e2/helmet_05_807xx/80704.png,80700,,D:,mb.java:769
D:/Twelve/client/assets/equipment_legacy/04_helmet_e2/helmet_05_807xx/80705.png,80700,,D:,mb.java:769
D:/Twelve/client/assets/equipment_legacy/04_helmet_e2/helmet_05_807xx/80706.png,80700,,D:,mb.java:769
D:/Twelve/client/assets/equipment_legacy/04_helmet_e2/helmet_05_807xx/80707.png,80700,,D:,mb.java:769
D:/Twelve/client/assets/equipment_legacy/04_helmet_e2/helmet_05_807xx/80708.png,80700,,D:,mb.java:769
D:/Twelve/client/assets/equipment_legacy/04_helmet_e2/helmet_05_807xx/80709.png,80700,,D:,mb.java:769
D:/Twelve/client/assets/equipment_legacy/04_helmet_e2/helmet_05_807xx/80798.png,80700,,D:,mb.java:769
D:/Twelve/client/assets/equipment_legacy/04_helmet_e2/helmet_06_808xx/80800.png,80800,,D:,mb.java:769
D:/Twelve/client/assets/equipment_legacy/04_helmet_e2/helmet_06_808xx/80801.png,80800,,D:,mb.java:769
D:/Twelve/client/assets/equipment_legacy/04_helmet_e2/helmet_06_808xx/80802.png,80800,,D:,mb.java:769
D:/Twelve/client/assets/equipment_legacy/04_helmet_e2/helmet_06_808xx/80803.png,80800,,D:,mb.java:769
D:/Twelve/client/assets/equipment_legacy/04_helmet_e2/helmet_06_808xx/80804.png,80800,,D:,mb.java:769
D:/Twelve/client/assets/equipment_legacy/04_helmet_e2/helmet_06_808xx/80805.png,80800,,D:,mb.java:769
D:/Twelve/client/assets/equipment_legacy/04_helmet_e2/helmet_06_808xx/80806.png,80800,,D:,mb.java:769
D:/Twelve/client/assets/equipment_legacy/04_helmet_e2/helmet_06_808xx/80807.png,80800,,D:,mb.java:769
D:/Twelve/client/assets/equipment_legacy/04_helmet_e2/helmet_06_808xx/80808.png,80800,,D:,mb.java:769
D:/Twelve/client/assets/equipment_legacy/04_helmet_e2/helmet_06_808xx/80809.png,80800,,D:,mb.java:769
D:/Twelve/client/assets/equipment_legacy/04_helmet_e2/helmet_06_808xx/80898.png,80800,,D:,mb.java:769
D:/Twelve/client/assets/equipment_legacy/04_helmet_e2/helmet_07_810xx/81000.png,81000,,D:,mb.java:769
D:/Twelve/client/assets/equipment_legacy/04_helmet_e2/helmet_07_810xx/81001.png,81000,,D:,mb.java:769
D:/Twelve/client/assets/equipment_legacy/04_helmet_e2/helmet_07_810xx/81002.png,81000,,D:,mb.java:769
D:/Twelve/client/assets/equipment_legacy/04_helmet_e2/helmet_07_810xx/81003.png,81000,,D:,mb.java:769
D:/Twelve/client/assets/equipment_legacy/04_helmet_e2/helmet_07_810xx/81004.png,81000,,D:,mb.java:769
D:/Twelve/client/assets/equipment_legacy/04_helmet_e2/helmet_07_810xx/81005.png,81000,,D:,mb.java:769
D:/Twelve/client/assets/equipment_legacy/04_helmet_e2/helmet_07_810xx/81006.png,81000,,D:,mb.java:769
D:/Twelve/client/assets/equipment_legacy/04_helmet_e2/helmet_07_810xx/81007.png,81000,,D:,mb.java:769
D:/Twelve/client/assets/equipment_legacy/04_helmet_e2/helmet_07_810xx/81008.png,81000,,D:,mb.java:769
D:/Twelve/client/assets/equipment_legacy/04_helmet_e2/helmet_07_810xx/81009.png,81000,,D:,mb.java:769
D:/Twelve/client/assets/equipment_legacy/04_helmet_e2/helmet_07_810xx/81098.png,81000,,D:,mb.java:769
D:/Twelve/client/assets/equipment_legacy/04_helmet_e2/helmet_08_811xx/81100.png,81100,,D:,mb.java:769
D:/Twelve/client/assets/equipment_legacy/04_helmet_e2/helmet_08_811xx/81101.png,81100,,D:,mb.java:769
D:/Twelve/client/assets/equipment_legacy/04_helmet_e2/helmet_08_811xx/81102.png,81100,,D:,mb.java:769
D:/Twelve/client/assets/equipment_legacy/04_helmet_e2/helmet_08_811xx/81103.png,81100,,D:,mb.java:769
D:/Twelve/client/assets/equipment_legacy/04_helmet_e2/helmet_08_811xx/81104.png,81100,,D:,mb.java:769
D:/Twelve/client/assets/equipment_legacy/04_helmet_e2/helmet_08_811xx/81105.png,81100,,D:,mb.java:769
D:/Twelve/client/assets/equipment_legacy/04_helmet_e2/helmet_08_811xx/81106.png,81100,,D:,mb.java:769
D:/Twelve/client/assets/equipment_legacy/04_helmet_e2/helmet_08_811xx/81107.png,81100,,D:,mb.java:769
D:/Twelve/client/assets/equipment_legacy/04_helmet_e2/helmet_08_811xx/81108.png,81100,,D:,mb.java:769
D:/Twelve/client/assets/equipment_legacy/04_helmet_e2/helmet_08_811xx/81109.png,81100,,D:,mb.java:769
D:/Twelve/client/assets/equipment_legacy/04_helmet_e2/helmet_08_811xx/81198.png,81100,,D:,mb.java:769
D:/Twelve/client/assets/equipment_legacy/04_helmet_e2/helmet_09_818xx/81800.png,81800,,D:,mb.java:769
D:/Twelve/client/assets/equipment_legacy/04_helmet_e2/helmet_09_818xx/81801.png,81800,,D:,mb.java:769
D:/Twelve/client/assets/equipment_legacy/04_helmet_e2/helmet_09_818xx/81802.png,81800,,D:,mb.java:769
D:/Twelve/client/assets/equipment_legacy/04_helmet_e2/helmet_09_818xx/81803.png,81800,,D:,mb.java:769
D:/Twelve/client/assets/equipment_legacy/04_helmet_e2/helmet_09_818xx/81804.png,81800,,D:,mb.java:769
D:/Twelve/client/assets/equipment_legacy/04_helmet_e2/helmet_09_818xx/81805.png,81800,,D:,mb.java:769
D:/Twelve/client/assets/equipment_legacy/04_helmet_e2/helmet_09_818xx/81806.png,81800,,D:,mb.java:769
D:/Twelve/client/assets/equipment_legacy/04_helmet_e2/helmet_09_818xx/81807.png,81800,,D:,mb.java:769
D:/Twelve/client/assets/equipment_legacy/04_helmet_e2/helmet_09_818xx/81808.png,81800,,D:,mb.java:769
D:/Twelve/client/assets/equipment_legacy/04_helmet_e2/helmet_09_818xx/81809.png,81800,,D:,mb.java:769
D:/Twelve/client/assets/equipment_legacy/04_helmet_e2/helmet_09_818xx/81898.png,81800,,D:,mb.java:769
D:/Twelve/client/assets/equipment_legacy/04_helmet_e2/helmet_10_820xx/82000.png,82000,,D:,mb.java:769
D:/Twelve/client/assets/equipment_legacy/04_helmet_e2/helmet_10_820xx/82001.png,82000,,D:,mb.java:769
D:/Twelve/client/assets/equipment_legacy/04_helmet_e2/helmet_10_820xx/82002.png,82000,,D:,mb.java:769
D:/Twelve/client/assets/equipment_legacy/04_helmet_e2/helmet_10_820xx/82003.png,82000,,D:,mb.java:769
D:/Twelve/client/assets/equipment_legacy/04_helmet_e2/helmet_10_820xx/82004.png,82000,,D:,mb.java:769
D:/Twelve/client/assets/equipment_legacy/04_helmet_e2/helmet_10_820xx/82005.png,82000,,D:,mb.java:769
D:/Twelve/client/assets/equipment_legacy/04_helmet_e2/helmet_10_820xx/82006.png,82000,,D:,mb.java:769
D:/Twelve/client/assets/equipment_legacy/04_helmet_e2/helmet_10_820xx/82007.png,82000,,D:,mb.java:769
D:/Twelve/client/assets/equipment_legacy/04_helmet_e2/helmet_10_820xx/82008.png,82000,,D:,mb.java:769
D:/Twelve/client/assets/equipment_legacy/04_helmet_e2/helmet_10_820xx/82009.png,82000,,D:,mb.java:769
D:/Twelve/client/assets/equipment_legacy/04_helmet_e2/helmet_10_820xx/82098.png,82000,,D:,mb.java:769
D:/Twelve/client/assets/equipment_legacy/04_helmet_e2/helmet_11_823xx/82300.png,82300,,D:,mb.java:769
D:/Twelve/client/assets/equipment_legacy/04_helmet_e2/helmet_11_823xx/82301.png,82300,,D:,mb.java:769
D:/Twelve/client/assets/equipment_legacy/04_helmet_e2/helmet_11_823xx/82302.png,82300,,D:,mb.java:769
D:/Twelve/client/assets/equipment_legacy/04_helmet_e2/helmet_11_823xx/82303.png,82300,,D:,mb.java:769
D:/Twelve/client/assets/equipment_legacy/04_helmet_e2/helmet_11_823xx/82304.png,82300,,D:,mb.java:769
D:/Twelve/client/assets/equipment_legacy/04_helmet_e2/helmet_11_823xx/82305.png,82300,,D:,mb.java:769
D:/Twelve/client/assets/equipment_legacy/04_helmet_e2/helmet_11_823xx/82306.png,82300,,D:,mb.java:769
D:/Twelve/client/assets/equipment_legacy/04_helmet_e2/helmet_11_823xx/82307.png,82300,,D:,mb.java:769
D:/Twelve/client/assets/equipment_legacy/04_helmet_e2/helmet_11_823xx/82308.png,82300,,D:,mb.java:769
D:/Twelve/client/assets/equipment_legacy/04_helmet_e2/helmet_11_823xx/82309.png,82300,,D:,mb.java:769
D:/Twelve/client/assets/equipment_legacy/04_helmet_e2/helmet_11_823xx/82398.png,82300,,D:,mb.java:769
D:/Twelve/client/assets/equipment_legacy/04_helmet_e2/helmet_12_826xx/82600.png,82600,,D:,mb.java:769
D:/Twelve/client/assets/equipment_legacy/04_helmet_e2/helmet_12_826xx/82601.png,82600,,D:,mb.java:769
D:/Twelve/client/assets/equipment_legacy/04_helmet_e2/helmet_12_826xx/82602.png,82600,,D:,mb.java:769
D:/Twelve/client/assets/equipment_legacy/04_helmet_e2/helmet_12_826xx/82603.png,82600,,D:,mb.java:769
D:/Twelve/client/assets/equipment_legacy/04_helmet_e2/helmet_12_826xx/82604.png,82600,,D:,mb.java:769
D:/Twelve/client/assets/equipment_legacy/04_helmet_e2/helmet_12_826xx/82605.png,82600,,D:,mb.java:769
D:/Twelve/client/assets/equipment_legacy/04_helmet_e2/helmet_12_826xx/82606.png,82600,,D:,mb.java:769
D:/Twelve/client/assets/equipment_legacy/04_helmet_e2/helmet_12_826xx/82607.png,82600,,D:,mb.java:769
D:/Twelve/client/assets/equipment_legacy/04_helmet_e2/helmet_12_826xx/82608.png,82600,,D:,mb.java:769
D:/Twelve/client/assets/equipment_legacy/04_helmet_e2/helmet_12_826xx/82609.png,82600,,D:,mb.java:769
D:/Twelve/client/assets/equipment_legacy/04_helmet_e2/helmet_12_826xx/82698.png,82600,,D:,mb.java:769
D:/Twelve/client/assets/equipment_legacy/04_helmet_e2/helmet_13_827xx/82700.png,82700,,D:,mb.java:769
D:/Twelve/client/assets/equipment_legacy/04_helmet_e2/helmet_13_827xx/82701.png,82700,,D:,mb.java:769
D:/Twelve/client/assets/equipment_legacy/04_helmet_e2/helmet_13_827xx/82702.png,82700,,D:,mb.java:769
D:/Twelve/client/assets/equipment_legacy/04_helmet_e2/helmet_13_827xx/82703.png,82700,,D:,mb.java:769
D:/Twelve/client/assets/equipment_legacy/04_helmet_e2/helmet_13_827xx/82704.png,82700,,D:,mb.java:769
D:/Twelve/client/assets/equipment_legacy/04_helmet_e2/helmet_13_827xx/82705.png,82700,,D:,mb.java:769
D:/Twelve/client/assets/equipment_legacy/04_helmet_e2/helmet_13_827xx/82706.png,82700,,D:,mb.java:769
D:/Twelve/client/assets/equipment_legacy/04_helmet_e2/helmet_13_827xx/82707.png,82700,,D:,mb.java:769
D:/Twelve/client/assets/equipment_legacy/04_helmet_e2/helmet_13_827xx/82708.png,82700,,D:,mb.java:769
D:/Twelve/client/assets/equipment_legacy/04_helmet_e2/helmet_13_827xx/82709.png,82700,,D:,mb.java:769
D:/Twelve/client/assets/equipment_legacy/04_helmet_e2/helmet_13_827xx/82798.png,82700,,D:,mb.java:769
D:/Twelve/client/assets/equipment_legacy/04_helmet_e2/helmet_14_828xx/82800.png,82800,,D:,mb.java:769
D:/Twelve/client/assets/equipment_legacy/04_helmet_e2/helmet_14_828xx/82801.png,82800,,D:,mb.java:769
D:/Twelve/client/assets/equipment_legacy/04_helmet_e2/helmet_14_828xx/82802.png,82800,,D:,mb.java:769
D:/Twelve/client/assets/equipment_legacy/04_helmet_e2/helmet_14_828xx/82803.png,82800,,D:,mb.java:769
D:/Twelve/client/assets/equipment_legacy/04_helmet_e2/helmet_14_828xx/82804.png,82800,,D:,mb.java:769
D:/Twelve/client/assets/equipment_legacy/04_helmet_e2/helmet_14_828xx/82805.png,82800,,D:,mb.java:769
D:/Twelve/client/assets/equipment_legacy/04_helmet_e2/helmet_14_828xx/82806.png,82800,,D:,mb.java:769
D:/Twelve/client/assets/equipment_legacy/04_helmet_e2/helmet_14_828xx/82807.png,82800,,D:,mb.java:769
D:/Twelve/client/assets/equipment_legacy/04_helmet_e2/helmet_14_828xx/82808.png,82800,,D:,mb.java:769
D:/Twelve/client/assets/equipment_legacy/04_helmet_e2/helmet_14_828xx/82809.png,82800,,D:,mb.java:769
D:/Twelve/client/assets/equipment_legacy/04_helmet_e2/helmet_14_828xx/82898.png,82800,,D:,mb.java:769
D:/Twelve/client/assets/equipment_legacy/04_helmet_e2/helmet_15_831xx/83100.png,83100,,D:,mb.java:769
D:/Twelve/client/assets/equipment_legacy/04_helmet_e2/helmet_15_831xx/83101.png,83100,,D:,mb.java:769
D:/Twelve/client/assets/equipment_legacy/04_helmet_e2/helmet_15_831xx/83102.png,83100,,D:,mb.java:769
D:/Twelve/client/assets/equipment_legacy/04_helmet_e2/helmet_15_831xx/83103.png,83100,,D:,mb.java:769
D:/Twelve/client/assets/equipment_legacy/04_helmet_e2/helmet_15_831xx/83104.png,83100,,D:,mb.java:769
D:/Twelve/client/assets/equipment_legacy/04_helmet_e2/helmet_15_831xx/83105.png,83100,,D:,mb.java:769
D:/Twelve/client/assets/equipment_legacy/04_helmet_e2/helmet_15_831xx/83106.png,83100,,D:,mb.java:769
D:/Twelve/client/assets/equipment_legacy/04_helmet_e2/helmet_15_831xx/83107.png,83100,,D:,mb.java:769
D:/Twelve/client/assets/equipment_legacy/04_helmet_e2/helmet_15_831xx/83108.png,83100,,D:,mb.java:769
D:/Twelve/client/assets/equipment_legacy/04_helmet_e2/helmet_15_831xx/83109.png,83100,,D:,mb.java:769
D:/Twelve/client/assets/equipment_legacy/04_helmet_e2/helmet_15_831xx/83198.png,83100,,D:,mb.java:769
D:/Twelve/client/assets/equipment_legacy/04_helmet_e2/helmet_16_832xx/83200.png,83200,,D:,mb.java:769
D:/Twelve/client/assets/equipment_legacy/04_helmet_e2/helmet_16_832xx/83201.png,83200,,D:,mb.java:769
D:/Twelve/client/assets/equipment_legacy/04_helmet_e2/helmet_16_832xx/83202.png,83200,,D:,mb.java:769
D:/Twelve/client/assets/equipment_legacy/04_helmet_e2/helmet_16_832xx/83203.png,83200,,D:,mb.java:769
D:/Twelve/client/assets/equipment_legacy/04_helmet_e2/helmet_16_832xx/83204.png,83200,,D:,mb.java:769
D:/Twelve/client/assets/equipment_legacy/04_helmet_e2/helmet_16_832xx/83205.png,83200,,D:,mb.java:769
D:/Twelve/client/assets/equipment_legacy/04_helmet_e2/helmet_16_832xx/83206.png,83200,,D:,mb.java:769
D:/Twelve/client/assets/equipment_legacy/04_helmet_e2/helmet_16_832xx/83207.png,83200,,D:,mb.java:769
D:/Twelve/client/assets/equipment_legacy/04_helmet_e2/helmet_16_832xx/83208.png,83200,,D:,mb.java:769
D:/Twelve/client/assets/equipment_legacy/04_helmet_e2/helmet_16_832xx/83209.png,83200,,D:,mb.java:769
D:/Twelve/client/assets/equipment_legacy/04_helmet_e2/helmet_16_832xx/83298.png,83200,,D:,mb.java:769
D:/Twelve/client/assets/equipment_legacy/04_helmet_e2/meta_helmet_940xx/94000.png,94000,,D:,mb.java:769
D:/Twelve/client/assets/equipment_legacy/04_helmet_e2/meta_helmet_940xx/94001.png,94000,,D:,mb.java:769
D:/Twelve/client/assets/equipment_legacy/04_helmet_e2/meta_helmet_940xx/94002.png,94000,,D:,mb.java:769
D:/Twelve/client/assets/equipment_legacy/04_helmet_e2/meta_helmet_940xx/94003.png,94000,,D:,mb.java:769
D:/Twelve/client/assets/equipment_legacy/04_helmet_e2/meta_helmet_940xx/94004.png,94000,,D:,mb.java:769
D:/Twelve/client/assets/equipment_legacy/04_helmet_e2/meta_helmet_940xx/94005.png,94000,,D:,mb.java:769
D:/Twelve/client/assets/equipment_legacy/04_helmet_e2/meta_helmet_940xx/94006.png,94000,,D:,mb.java:769
D:/Twelve/client/assets/equipment_legacy/04_helmet_e2/meta_helmet_940xx/94007.png,94000,,D:,mb.java:769
D:/Twelve/client/assets/equipment_legacy/04_helmet_e2/meta_helmet_940xx/94008.png,94000,,D:,mb.java:769
D:/Twelve/client/assets/equipment_legacy/04_helmet_e2/meta_helmet_940xx/94009.png,94000,,D:,mb.java:769
D:/Twelve/client/assets/equipment_legacy/04_helmet_e2/meta_helmet_940xx/94098.png,94000,,D:,mb.java:769
D:/Twelve/client/assets/equipment_legacy/04_helmet_e2/meta_helmet_941xx/94100.png,94100,,D:,mb.java:769
D:/Twelve/client/assets/equipment_legacy/04_helmet_e2/meta_helmet_941xx/94101.png,94100,,D:,mb.java:769
D:/Twelve/client/assets/equipment_legacy/04_helmet_e2/meta_helmet_941xx/94102.png,94100,,D:,mb.java:769
D:/Twelve/client/assets/equipment_legacy/04_helmet_e2/meta_helmet_941xx/94103.png,94100,,D:,mb.java:769
D:/Twelve/client/assets/equipment_legacy/04_helmet_e2/meta_helmet_941xx/94104.png,94100,,D:,mb.java:769
D:/Twelve/client/assets/equipment_legacy/04_helmet_e2/meta_helmet_941xx/94105.png,94100,,D:,mb.java:769
D:/Twelve/client/assets/equipment_legacy/04_helmet_e2/meta_helmet_941xx/94106.png,94100,,D:,mb.java:769
D:/Twelve/client/assets/equipment_legacy/04_helmet_e2/meta_helmet_941xx/94107.png,94100,,D:,mb.java:769
D:/Twelve/client/assets/equipment_legacy/04_helmet_e2/meta_helmet_941xx/94108.png,94100,,D:,mb.java:769
D:/Twelve/client/assets/equipment_legacy/04_helmet_e2/meta_helmet_941xx/94109.png,94100,,D:,mb.java:769
D:/Twelve/client/assets/equipment_legacy/04_helmet_e2/meta_helmet_941xx/94198.png,94100,,D:,mb.java:769
D:/Twelve/client/assets/equipment_legacy/04_helmet_e2/meta_helmet_942xx/94200.png,94200,,D:,mb.java:769
D:/Twelve/client/assets/equipment_legacy/04_helmet_e2/meta_helmet_942xx/94201.png,94200,,D:,mb.java:769
D:/Twelve/client/assets/equipment_legacy/04_helmet_e2/meta_helmet_942xx/94202.png,94200,,D:,mb.java:769
D:/Twelve/client/assets/equipment_legacy/04_helmet_e2/meta_helmet_942xx/94203.png,94200,,D:,mb.java:769
D:/Twelve/client/assets/equipment_legacy/04_helmet_e2/meta_helmet_942xx/94204.png,94200,,D:,mb.java:769
D:/Twelve/client/assets/equipment_legacy/04_helmet_e2/meta_helmet_942xx/94205.png,94200,,D:,mb.java:769
D:/Twelve/client/assets/equipment_legacy/04_helmet_e2/meta_helmet_942xx/94206.png,94200,,D:,mb.java:769
D:/Twelve/client/assets/equipment_legacy/04_helmet_e2/meta_helmet_942xx/94207.png,94200,,D:,mb.java:769
D:/Twelve/client/assets/equipment_legacy/04_helmet_e2/meta_helmet_942xx/94208.png,94200,,D:,mb.java:769
D:/Twelve/client/assets/equipment_legacy/04_helmet_e2/meta_helmet_942xx/94209.png,94200,,D:,mb.java:769
D:/Twelve/client/assets/equipment_legacy/04_helmet_e2/meta_helmet_942xx/94298.png,94200,,D:,mb.java:769
D:/Twelve/client/assets/equipment_legacy/04_helmet_e2/meta_helmet_943xx/94300.png,94300,,D:,mb.java:769
D:/Twelve/client/assets/equipment_legacy/04_helmet_e2/meta_helmet_943xx/94301.png,94300,,D:,mb.java:769
D:/Twelve/client/assets/equipment_legacy/04_helmet_e2/meta_helmet_943xx/94302.png,94300,,D:,mb.java:769
D:/Twelve/client/assets/equipment_legacy/04_helmet_e2/meta_helmet_943xx/94303.png,94300,,D:,mb.java:769
D:/Twelve/client/assets/equipment_legacy/04_helmet_e2/meta_helmet_943xx/94304.png,94300,,D:,mb.java:769
D:/Twelve/client/assets/equipment_legacy/04_helmet_e2/meta_helmet_943xx/94305.png,94300,,D:,mb.java:769
D:/Twelve/client/assets/equipment_legacy/04_helmet_e2/meta_helmet_943xx/94306.png,94300,,D:,mb.java:769
D:/Twelve/client/assets/equipment_legacy/04_helmet_e2/meta_helmet_943xx/94307.png,94300,,D:,mb.java:769
D:/Twelve/client/assets/equipment_legacy/04_helmet_e2/meta_helmet_943xx/94308.png,94300,,D:,mb.java:769
D:/Twelve/client/assets/equipment_legacy/04_helmet_e2/meta_helmet_943xx/94309.png,94300,,D:,mb.java:769
D:/Twelve/client/assets/equipment_legacy/04_helmet_e2/meta_helmet_943xx/94398.png,94300,,D:,mb.java:769
D:/Twelve/client/assets/equipment_legacy/04_helmet_e2/meta_helmet_983xx/98300.png,98300,,D:,mb.java:769
D:/Twelve/client/assets/equipment_legacy/04_helmet_e2/meta_helmet_983xx/98301.png,98300,,D:,mb.java:769
D:/Twelve/client/assets/equipment_legacy/04_helmet_e2/meta_helmet_983xx/98302.png,98300,,D:,mb.java:769
D:/Twelve/client/assets/equipment_legacy/04_helmet_e2/meta_helmet_983xx/98303.png,98300,,D:,mb.java:769
D:/Twelve/client/assets/equipment_legacy/04_helmet_e2/meta_helmet_983xx/98304.png,98300,,D:,mb.java:769
D:/Twelve/client/assets/equipment_legacy/04_helmet_e2/meta_helmet_983xx/98305.png,98300,,D:,mb.java:769
D:/Twelve/client/assets/equipment_legacy/04_helmet_e2/meta_helmet_983xx/98306.png,98300,,D:,mb.java:769
D:/Twelve/client/assets/equipment_legacy/04_helmet_e2/meta_helmet_983xx/98307.png,98300,,D:,mb.java:769
D:/Twelve/client/assets/equipment_legacy/04_helmet_e2/meta_helmet_983xx/98308.png,98300,,D:,mb.java:769
D:/Twelve/client/assets/equipment_legacy/04_helmet_e2/meta_helmet_983xx/98309.png,98300,,D:,mb.java:769
D:/Twelve/client/assets/equipment_legacy/04_helmet_e2/meta_helmet_983xx/98398.png,98300,,D:,mb.java:769
D:/Twelve/client/assets/equipment_legacy/05_boot_e3/boot_01_890xx/89000.png,89000,,D:,mb.java:769
D:/Twelve/client/assets/equipment_legacy/05_boot_e3/boot_01_890xx/89001.png,89000,,D:,mb.java:769
D:/Twelve/client/assets/equipment_legacy/05_boot_e3/boot_01_890xx/89002.png,89000,,D:,mb.java:769
D:/Twelve/client/assets/equipment_legacy/05_boot_e3/boot_01_890xx/89003.png,89000,,D:,mb.java:769
D:/Twelve/client/assets/equipment_legacy/05_boot_e3/boot_01_890xx/89004.png,89000,,D:,mb.java:769
D:/Twelve/client/assets/equipment_legacy/05_boot_e3/boot_01_890xx/89005.png,89000,,D:,mb.java:769
D:/Twelve/client/assets/equipment_legacy/05_boot_e3/boot_01_890xx/89006.png,89000,,D:,mb.java:769
D:/Twelve/client/assets/equipment_legacy/05_boot_e3/boot_01_890xx/89007.png,89000,,D:,mb.java:769
D:/Twelve/client/assets/equipment_legacy/05_boot_e3/boot_01_890xx/89008.png,89000,,D:,mb.java:769
D:/Twelve/client/assets/equipment_legacy/05_boot_e3/boot_01_890xx/89009.png,89000,,D:,mb.java:769
D:/Twelve/client/assets/equipment_legacy/05_boot_e3/boot_01_890xx/89098.png,89000,,D:,mb.java:769
D:/Twelve/client/assets/equipment_legacy/05_boot_e3/boot_02_891xx/89100.png,89100,,D:,mb.java:769
D:/Twelve/client/assets/equipment_legacy/05_boot_e3/boot_02_891xx/89101.png,89100,,D:,mb.java:769
D:/Twelve/client/assets/equipment_legacy/05_boot_e3/boot_02_891xx/89102.png,89100,,D:,mb.java:769
D:/Twelve/client/assets/equipment_legacy/05_boot_e3/boot_02_891xx/89103.png,89100,,D:,mb.java:769
D:/Twelve/client/assets/equipment_legacy/05_boot_e3/boot_02_891xx/89104.png,89100,,D:,mb.java:769
D:/Twelve/client/assets/equipment_legacy/05_boot_e3/boot_02_891xx/89105.png,89100,,D:,mb.java:769
D:/Twelve/client/assets/equipment_legacy/05_boot_e3/boot_02_891xx/89106.png,89100,,D:,mb.java:769
D:/Twelve/client/assets/equipment_legacy/05_boot_e3/boot_02_891xx/89107.png,89100,,D:,mb.java:769
D:/Twelve/client/assets/equipment_legacy/05_boot_e3/boot_02_891xx/89108.png,89100,,D:,mb.java:769
D:/Twelve/client/assets/equipment_legacy/05_boot_e3/boot_02_891xx/89109.png,89100,,D:,mb.java:769
D:/Twelve/client/assets/equipment_legacy/05_boot_e3/boot_02_891xx/89198.png,89100,,D:,mb.java:769
D:/Twelve/client/assets/equipment_legacy/05_boot_e3/boot_03_892xx/89200.png,89200,,D:,mb.java:769
D:/Twelve/client/assets/equipment_legacy/05_boot_e3/boot_03_892xx/89201.png,89200,,D:,mb.java:769
D:/Twelve/client/assets/equipment_legacy/05_boot_e3/boot_03_892xx/89202.png,89200,,D:,mb.java:769
D:/Twelve/client/assets/equipment_legacy/05_boot_e3/boot_03_892xx/89203.png,89200,,D:,mb.java:769
D:/Twelve/client/assets/equipment_legacy/05_boot_e3/boot_03_892xx/89204.png,89200,,D:,mb.java:769
D:/Twelve/client/assets/equipment_legacy/05_boot_e3/boot_03_892xx/89205.png,89200,,D:,mb.java:769
D:/Twelve/client/assets/equipment_legacy/05_boot_e3/boot_03_892xx/89206.png,89200,,D:,mb.java:769
D:/Twelve/client/assets/equipment_legacy/05_boot_e3/boot_03_892xx/89207.png,89200,,D:,mb.java:769
D:/Twelve/client/assets/equipment_legacy/05_boot_e3/boot_03_892xx/89208.png,89200,,D:,mb.java:769
D:/Twelve/client/assets/equipment_legacy/05_boot_e3/boot_03_892xx/89209.png,89200,,D:,mb.java:769
D:/Twelve/client/assets/equipment_legacy/05_boot_e3/boot_03_892xx/89298.png,89200,,D:,mb.java:769
D:/Twelve/client/assets/equipment_legacy/05_boot_e3/boot_04_893xx/89300.png,89300,,D:,mb.java:769
D:/Twelve/client/assets/equipment_legacy/05_boot_e3/boot_04_893xx/89301.png,89300,,D:,mb.java:769
D:/Twelve/client/assets/equipment_legacy/05_boot_e3/boot_04_893xx/89302.png,89300,,D:,mb.java:769
D:/Twelve/client/assets/equipment_legacy/05_boot_e3/boot_04_893xx/89303.png,89300,,D:,mb.java:769
D:/Twelve/client/assets/equipment_legacy/05_boot_e3/boot_04_893xx/89304.png,89300,,D:,mb.java:769
D:/Twelve/client/assets/equipment_legacy/05_boot_e3/boot_04_893xx/89305.png,89300,,D:,mb.java:769
D:/Twelve/client/assets/equipment_legacy/05_boot_e3/boot_04_893xx/89306.png,89300,,D:,mb.java:769
D:/Twelve/client/assets/equipment_legacy/05_boot_e3/boot_04_893xx/89307.png,89300,,D:,mb.java:769
D:/Twelve/client/assets/equipment_legacy/05_boot_e3/boot_04_893xx/89308.png,89300,,D:,mb.java:769
D:/Twelve/client/assets/equipment_legacy/05_boot_e3/boot_04_893xx/89309.png,89300,,D:,mb.java:769
D:/Twelve/client/assets/equipment_legacy/05_boot_e3/boot_04_893xx/89398.png,89300,,D:,mb.java:769
D:/Twelve/client/assets/equipment_legacy/06_mount_e4/mount_candidate_904xx/90400.png,90400,,D:,mb.java:769
D:/Twelve/client/assets/equipment_legacy/06_mount_e4/mount_candidate_904xx/90401.png,90400,,D:,mb.java:769
D:/Twelve/client/assets/equipment_legacy/06_mount_e4/mount_candidate_904xx/90402.png,90400,,D:,mb.java:769
D:/Twelve/client/assets/equipment_legacy/06_mount_e4/mount_candidate_904xx/90403.png,90400,,D:,mb.java:769
D:/Twelve/client/assets/equipment_legacy/06_mount_e4/mount_candidate_904xx/90404.png,90400,,D:,mb.java:769
D:/Twelve/client/assets/equipment_legacy/06_mount_e4/mount_candidate_904xx/90405.png,90400,,D:,mb.java:769
D:/Twelve/client/assets/equipment_legacy/06_mount_e4/mount_candidate_904xx/90406.png,90400,,D:,mb.java:769
D:/Twelve/client/assets/equipment_legacy/06_mount_e4/mount_candidate_904xx/90407.png,90400,,D:,mb.java:769
D:/Twelve/client/assets/equipment_legacy/06_mount_e4/mount_candidate_904xx/90408.png,90400,,D:,mb.java:769
D:/Twelve/client/assets/equipment_legacy/06_mount_e4/mount_candidate_904xx/90409.png,90400,,D:,mb.java:769
D:/Twelve/client/assets/equipment_legacy/06_mount_e4/mount_candidate_904xx/90498.png,90400,,D:,mb.java:769
D:/Twelve/client/assets/equipment_legacy/06_mount_e4/mount_candidate_908xx/90800.png,90800,,D:,mb.java:769
D:/Twelve/client/assets/equipment_legacy/06_mount_e4/mount_candidate_908xx/90801.png,90800,,D:,mb.java:769
D:/Twelve/client/assets/equipment_legacy/06_mount_e4/mount_candidate_908xx/90802.png,90800,,D:,mb.java:769
D:/Twelve/client/assets/equipment_legacy/06_mount_e4/mount_candidate_908xx/90803.png,90800,,D:,mb.java:769
D:/Twelve/client/assets/equipment_legacy/06_mount_e4/mount_candidate_908xx/90804.png,90800,,D:,mb.java:769
D:/Twelve/client/assets/equipment_legacy/06_mount_e4/mount_candidate_908xx/90805.png,90800,,D:,mb.java:769
D:/Twelve/client/assets/equipment_legacy/06_mount_e4/mount_candidate_908xx/90806.png,90800,,D:,mb.java:769
D:/Twelve/client/assets/equipment_legacy/06_mount_e4/mount_candidate_908xx/90807.png,90800,,D:,mb.java:769
D:/Twelve/client/assets/equipment_legacy/06_mount_e4/mount_candidate_908xx/90808.png,90800,,D:,mb.java:769
D:/Twelve/client/assets/equipment_legacy/06_mount_e4/mount_candidate_908xx/90809.png,90800,,D:,mb.java:769
D:/Twelve/client/assets/equipment_legacy/06_mount_e4/mount_candidate_908xx/90898.png,90800,,D:,mb.java:769
D:/Twelve/client/assets/equipment_legacy/07_accessory_e5_e7_e8/aura_candidate_902xx/90200.png,90200,,D:,mb.java:769
D:/Twelve/client/assets/equipment_legacy/07_accessory_e5_e7_e8/aura_candidate_902xx/90201.png,90200,,D:,mb.java:769
D:/Twelve/client/assets/equipment_legacy/07_accessory_e5_e7_e8/aura_candidate_902xx/90202.png,90200,,D:,mb.java:769
D:/Twelve/client/assets/equipment_legacy/07_accessory_e5_e7_e8/aura_candidate_902xx/90203.png,90200,,D:,mb.java:769
D:/Twelve/client/assets/equipment_legacy/07_accessory_e5_e7_e8/aura_candidate_902xx/90204.png,90200,,D:,mb.java:769
D:/Twelve/client/assets/equipment_legacy/07_accessory_e5_e7_e8/aura_candidate_902xx/90205.png,90200,,D:,mb.java:769
D:/Twelve/client/assets/equipment_legacy/07_accessory_e5_e7_e8/aura_candidate_902xx/90206.png,90200,,D:,mb.java:769
D:/Twelve/client/assets/equipment_legacy/07_accessory_e5_e7_e8/aura_candidate_902xx/90207.png,90200,,D:,mb.java:769
D:/Twelve/client/assets/equipment_legacy/07_accessory_e5_e7_e8/aura_candidate_902xx/90208.png,90200,,D:,mb.java:769
D:/Twelve/client/assets/equipment_legacy/07_accessory_e5_e7_e8/aura_candidate_902xx/90209.png,90200,,D:,mb.java:769
D:/Twelve/client/assets/equipment_legacy/07_accessory_e5_e7_e8/aura_candidate_902xx/90298.png,90200,,D:,mb.java:769
D:/Twelve/client/assets/equipment_legacy/07_accessory_e5_e7_e8/aura_candidate_903xx/90300.png,90300,,D:,mb.java:769
D:/Twelve/client/assets/equipment_legacy/07_accessory_e5_e7_e8/aura_candidate_903xx/90301.png,90300,,D:,mb.java:769
D:/Twelve/client/assets/equipment_legacy/07_accessory_e5_e7_e8/aura_candidate_903xx/90302.png,90300,,D:,mb.java:769
D:/Twelve/client/assets/equipment_legacy/07_accessory_e5_e7_e8/aura_candidate_903xx/90303.png,90300,,D:,mb.java:769
D:/Twelve/client/assets/equipment_legacy/07_accessory_e5_e7_e8/aura_candidate_903xx/90304.png,90300,,D:,mb.java:769
D:/Twelve/client/assets/equipment_legacy/07_accessory_e5_e7_e8/aura_candidate_903xx/90305.png,90300,,D:,mb.java:769
D:/Twelve/client/assets/equipment_legacy/07_accessory_e5_e7_e8/aura_candidate_903xx/90306.png,90300,,D:,mb.java:769
D:/Twelve/client/assets/equipment_legacy/07_accessory_e5_e7_e8/aura_candidate_903xx/90307.png,90300,,D:,mb.java:769
D:/Twelve/client/assets/equipment_legacy/07_accessory_e5_e7_e8/aura_candidate_903xx/90308.png,90300,,D:,mb.java:769
D:/Twelve/client/assets/equipment_legacy/07_accessory_e5_e7_e8/aura_candidate_903xx/90309.png,90300,,D:,mb.java:769
D:/Twelve/client/assets/equipment_legacy/07_accessory_e5_e7_e8/aura_candidate_903xx/90398.png,90300,,D:,mb.java:769
D:/Twelve/client/assets/equipment_legacy/08_premium_sets/premium_01_952xx/95200.png,95200,,D:,mb.java:769
D:/Twelve/client/assets/equipment_legacy/08_premium_sets/premium_01_952xx/95201.png,95200,,D:,mb.java:769
D:/Twelve/client/assets/equipment_legacy/08_premium_sets/premium_01_952xx/95202.png,95200,,D:,mb.java:769
D:/Twelve/client/assets/equipment_legacy/08_premium_sets/premium_01_952xx/95203.png,95200,,D:,mb.java:769
D:/Twelve/client/assets/equipment_legacy/08_premium_sets/premium_01_952xx/95204.png,95200,,D:,mb.java:769
D:/Twelve/client/assets/equipment_legacy/08_premium_sets/premium_01_952xx/95205.png,95200,,D:,mb.java:769
D:/Twelve/client/assets/equipment_legacy/08_premium_sets/premium_01_952xx/95206.png,95200,,D:,mb.java:769
D:/Twelve/client/assets/equipment_legacy/08_premium_sets/premium_01_952xx/95207.png,95200,,D:,mb.java:769
D:/Twelve/client/assets/equipment_legacy/08_premium_sets/premium_01_952xx/95208.png,95200,,D:,mb.java:769
D:/Twelve/client/assets/equipment_legacy/08_premium_sets/premium_01_952xx/95209.png,95200,,D:,mb.java:769
D:/Twelve/client/assets/equipment_legacy/08_premium_sets/premium_01_952xx/95298.png,95200,,D:,mb.java:769
D:/Twelve/client/assets/equipment_legacy/08_premium_sets/premium_02_954xx/95400.png,95400,,D:,mb.java:769
D:/Twelve/client/assets/equipment_legacy/08_premium_sets/premium_02_954xx/95401.png,95400,,D:,mb.java:769
D:/Twelve/client/assets/equipment_legacy/08_premium_sets/premium_02_954xx/95402.png,95400,,D:,mb.java:769
D:/Twelve/client/assets/equipment_legacy/08_premium_sets/premium_02_954xx/95403.png,95400,,D:,mb.java:769
D:/Twelve/client/assets/equipment_legacy/08_premium_sets/premium_02_954xx/95404.png,95400,,D:,mb.java:769
D:/Twelve/client/assets/equipment_legacy/08_premium_sets/premium_02_954xx/95405.png,95400,,D:,mb.java:769
D:/Twelve/client/assets/equipment_legacy/08_premium_sets/premium_02_954xx/95406.png,95400,,D:,mb.java:769
D:/Twelve/client/assets/equipment_legacy/08_premium_sets/premium_02_954xx/95407.png,95400,,D:,mb.java:769
D:/Twelve/client/assets/equipment_legacy/08_premium_sets/premium_02_954xx/95408.png,95400,,D:,mb.java:769
D:/Twelve/client/assets/equipment_legacy/08_premium_sets/premium_02_954xx/95409.png,95400,,D:,mb.java:769
D:/Twelve/client/assets/equipment_legacy/08_premium_sets/premium_02_954xx/95498.png,95400,,D:,mb.java:769
D:/Twelve/client/assets/equipment_legacy/08_premium_sets/premium_03_955xx/95500.png,95500,,D:,mb.java:769
D:/Twelve/client/assets/equipment_legacy/08_premium_sets/premium_03_955xx/95501.png,95500,,D:,mb.java:769
D:/Twelve/client/assets/equipment_legacy/08_premium_sets/premium_03_955xx/95502.png,95500,,D:,mb.java:769
D:/Twelve/client/assets/equipment_legacy/08_premium_sets/premium_03_955xx/95503.png,95500,,D:,mb.java:769
D:/Twelve/client/assets/equipment_legacy/08_premium_sets/premium_03_955xx/95504.png,95500,,D:,mb.java:769
D:/Twelve/client/assets/equipment_legacy/08_premium_sets/premium_03_955xx/95505.png,95500,,D:,mb.java:769
D:/Twelve/client/assets/equipment_legacy/08_premium_sets/premium_03_955xx/95506.png,95500,,D:,mb.java:769
D:/Twelve/client/assets/equipment_legacy/08_premium_sets/premium_03_955xx/95507.png,95500,,D:,mb.java:769
D:/Twelve/client/assets/equipment_legacy/08_premium_sets/premium_03_955xx/95508.png,95500,,D:,mb.java:769
D:/Twelve/client/assets/equipment_legacy/08_premium_sets/premium_03_955xx/95509.png,95500,,D:,mb.java:769
D:/Twelve/client/assets/equipment_legacy/08_premium_sets/premium_03_955xx/95598.png,95500,,D:,mb.java:769
D:/Twelve/client/assets/equipment_legacy/08_premium_sets/premium_04_957xx/95700.png,95700,,D:,mb.java:769
D:/Twelve/client/assets/equipment_legacy/08_premium_sets/premium_04_957xx/95701.png,95700,,D:,mb.java:769
D:/Twelve/client/assets/equipment_legacy/08_premium_sets/premium_04_957xx/95702.png,95700,,D:,mb.java:769
D:/Twelve/client/assets/equipment_legacy/08_premium_sets/premium_04_957xx/95703.png,95700,,D:,mb.java:769
D:/Twelve/client/assets/equipment_legacy/08_premium_sets/premium_04_957xx/95704.png,95700,,D:,mb.java:769
D:/Twelve/client/assets/equipment_legacy/08_premium_sets/premium_04_957xx/95705.png,95700,,D:,mb.java:769
D:/Twelve/client/assets/equipment_legacy/08_premium_sets/premium_04_957xx/95706.png,95700,,D:,mb.java:769
D:/Twelve/client/assets/equipment_legacy/08_premium_sets/premium_04_957xx/95707.png,95700,,D:,mb.java:769
D:/Twelve/client/assets/equipment_legacy/08_premium_sets/premium_04_957xx/95708.png,95700,,D:,mb.java:769
D:/Twelve/client/assets/equipment_legacy/08_premium_sets/premium_04_957xx/95709.png,95700,,D:,mb.java:769
D:/Twelve/client/assets/equipment_legacy/08_premium_sets/premium_04_957xx/95798.png,95700,,D:,mb.java:769
D:/Twelve/client/assets/equipment_legacy/08_premium_sets/premium_05_958xx/95800.png,95800,,D:,mb.java:769
D:/Twelve/client/assets/equipment_legacy/08_premium_sets/premium_05_958xx/95801.png,95800,,D:,mb.java:769
D:/Twelve/client/assets/equipment_legacy/08_premium_sets/premium_05_958xx/95802.png,95800,,D:,mb.java:769
D:/Twelve/client/assets/equipment_legacy/08_premium_sets/premium_05_958xx/95803.png,95800,,D:,mb.java:769
D:/Twelve/client/assets/equipment_legacy/08_premium_sets/premium_05_958xx/95804.png,95800,,D:,mb.java:769
D:/Twelve/client/assets/equipment_legacy/08_premium_sets/premium_05_958xx/95805.png,95800,,D:,mb.java:769
D:/Twelve/client/assets/equipment_legacy/08_premium_sets/premium_05_958xx/95806.png,95800,,D:,mb.java:769
D:/Twelve/client/assets/equipment_legacy/08_premium_sets/premium_05_958xx/95807.png,95800,,D:,mb.java:769
D:/Twelve/client/assets/equipment_legacy/08_premium_sets/premium_05_958xx/95808.png,95800,,D:,mb.java:769
D:/Twelve/client/assets/equipment_legacy/08_premium_sets/premium_05_958xx/95809.png,95800,,D:,mb.java:769
D:/Twelve/client/assets/equipment_legacy/08_premium_sets/premium_05_958xx/95898.png,95800,,D:,mb.java:769
D:/Twelve/client/assets/equipment_legacy/08_premium_sets/premium_06_959xx/95900.png,95900,,D:,mb.java:769
D:/Twelve/client/assets/equipment_legacy/08_premium_sets/premium_06_959xx/95901.png,95900,,D:,mb.java:769
D:/Twelve/client/assets/equipment_legacy/08_premium_sets/premium_06_959xx/95902.png,95900,,D:,mb.java:769
D:/Twelve/client/assets/equipment_legacy/08_premium_sets/premium_06_959xx/95903.png,95900,,D:,mb.java:769
D:/Twelve/client/assets/equipment_legacy/08_premium_sets/premium_06_959xx/95904.png,95900,,D:,mb.java:769
D:/Twelve/client/assets/equipment_legacy/08_premium_sets/premium_06_959xx/95905.png,95900,,D:,mb.java:769
D:/Twelve/client/assets/equipment_legacy/08_premium_sets/premium_06_959xx/95906.png,95900,,D:,mb.java:769
D:/Twelve/client/assets/equipment_legacy/08_premium_sets/premium_06_959xx/95907.png,95900,,D:,mb.java:769
D:/Twelve/client/assets/equipment_legacy/08_premium_sets/premium_06_959xx/95908.png,95900,,D:,mb.java:769
D:/Twelve/client/assets/equipment_legacy/08_premium_sets/premium_06_959xx/95909.png,95900,,D:,mb.java:769
D:/Twelve/client/assets/equipment_legacy/08_premium_sets/premium_06_959xx/95998.png,95900,,D:,mb.java:769
D:/Twelve/client/assets/equipment_legacy/08_premium_sets/premium_07_960xx/96000.png,96000,,D:,mb.java:769
D:/Twelve/client/assets/equipment_legacy/08_premium_sets/premium_07_960xx/96001.png,96000,,D:,mb.java:769
D:/Twelve/client/assets/equipment_legacy/08_premium_sets/premium_07_960xx/96002.png,96000,,D:,mb.java:769
D:/Twelve/client/assets/equipment_legacy/08_premium_sets/premium_07_960xx/96003.png,96000,,D:,mb.java:769
D:/Twelve/client/assets/equipment_legacy/08_premium_sets/premium_07_960xx/96004.png,96000,,D:,mb.java:769
D:/Twelve/client/assets/equipment_legacy/08_premium_sets/premium_07_960xx/96005.png,96000,,D:,mb.java:769
D:/Twelve/client/assets/equipment_legacy/08_premium_sets/premium_07_960xx/96006.png,96000,,D:,mb.java:769
D:/Twelve/client/assets/equipment_legacy/08_premium_sets/premium_07_960xx/96007.png,96000,,D:,mb.java:769
D:/Twelve/client/assets/equipment_legacy/08_premium_sets/premium_07_960xx/96008.png,96000,,D:,mb.java:769
D:/Twelve/client/assets/equipment_legacy/08_premium_sets/premium_07_960xx/96009.png,96000,,D:,mb.java:769
D:/Twelve/client/assets/equipment_legacy/08_premium_sets/premium_07_960xx/96098.png,96000,,D:,mb.java:769
D:/Twelve/client/assets/equipment_legacy/08_premium_sets/premium_08_961xx/96100.png,96100,,D:,mb.java:769
D:/Twelve/client/assets/equipment_legacy/08_premium_sets/premium_08_961xx/96101.png,96100,,D:,mb.java:769
D:/Twelve/client/assets/equipment_legacy/08_premium_sets/premium_08_961xx/96102.png,96100,,D:,mb.java:769
D:/Twelve/client/assets/equipment_legacy/08_premium_sets/premium_08_961xx/96103.png,96100,,D:,mb.java:769
D:/Twelve/client/assets/equipment_legacy/08_premium_sets/premium_08_961xx/96104.png,96100,,D:,mb.java:769
D:/Twelve/client/assets/equipment_legacy/08_premium_sets/premium_08_961xx/96105.png,96100,,D:,mb.java:769
D:/Twelve/client/assets/equipment_legacy/08_premium_sets/premium_08_961xx/96106.png,96100,,D:,mb.java:769
D:/Twelve/client/assets/equipment_legacy/08_premium_sets/premium_08_961xx/96107.png,96100,,D:,mb.java:769
D:/Twelve/client/assets/equipment_legacy/08_premium_sets/premium_08_961xx/96108.png,96100,,D:,mb.java:769
D:/Twelve/client/assets/equipment_legacy/08_premium_sets/premium_08_961xx/96109.png,96100,,D:,mb.java:769
D:/Twelve/client/assets/equipment_legacy/08_premium_sets/premium_08_961xx/96198.png,96100,,D:,mb.java:769
D:/Twelve/client/assets/equipment_legacy/08_premium_sets/premium_09_962xx/96200.png,96200,,D:,mb.java:769
D:/Twelve/client/assets/equipment_legacy/08_premium_sets/premium_09_962xx/96201.png,96200,,D:,mb.java:769
D:/Twelve/client/assets/equipment_legacy/08_premium_sets/premium_09_962xx/96202.png,96200,,D:,mb.java:769
D:/Twelve/client/assets/equipment_legacy/08_premium_sets/premium_09_962xx/96203.png,96200,,D:,mb.java:769
D:/Twelve/client/assets/equipment_legacy/08_premium_sets/premium_09_962xx/96204.png,96200,,D:,mb.java:769
D:/Twelve/client/assets/equipment_legacy/08_premium_sets/premium_09_962xx/96205.png,96200,,D:,mb.java:769
D:/Twelve/client/assets/equipment_legacy/08_premium_sets/premium_09_962xx/96206.png,96200,,D:,mb.java:769
D:/Twelve/client/assets/equipment_legacy/08_premium_sets/premium_09_962xx/96207.png,96200,,D:,mb.java:769
D:/Twelve/client/assets/equipment_legacy/08_premium_sets/premium_09_962xx/96208.png,96200,,D:,mb.java:769
D:/Twelve/client/assets/equipment_legacy/08_premium_sets/premium_09_962xx/96209.png,96200,,D:,mb.java:769
D:/Twelve/client/assets/equipment_legacy/08_premium_sets/premium_09_962xx/96298.png,96200,,D:,mb.java:769
D:/Twelve/client/assets/equipment_legacy/08_premium_sets/premium_10_963xx/96300.png,96300,,D:,mb.java:769
D:/Twelve/client/assets/equipment_legacy/08_premium_sets/premium_10_963xx/96301.png,96300,,D:,mb.java:769
D:/Twelve/client/assets/equipment_legacy/08_premium_sets/premium_10_963xx/96302.png,96300,,D:,mb.java:769
D:/Twelve/client/assets/equipment_legacy/08_premium_sets/premium_10_963xx/96303.png,96300,,D:,mb.java:769
D:/Twelve/client/assets/equipment_legacy/08_premium_sets/premium_10_963xx/96304.png,96300,,D:,mb.java:769
D:/Twelve/client/assets/equipment_legacy/08_premium_sets/premium_10_963xx/96305.png,96300,,D:,mb.java:769
D:/Twelve/client/assets/equipment_legacy/08_premium_sets/premium_10_963xx/96306.png,96300,,D:,mb.java:769
D:/Twelve/client/assets/equipment_legacy/08_premium_sets/premium_10_963xx/96307.png,96300,,D:,mb.java:769
D:/Twelve/client/assets/equipment_legacy/08_premium_sets/premium_10_963xx/96308.png,96300,,D:,mb.java:769
D:/Twelve/client/assets/equipment_legacy/08_premium_sets/premium_10_963xx/96309.png,96300,,D:,mb.java:769
D:/Twelve/client/assets/equipment_legacy/08_premium_sets/premium_10_963xx/96398.png,96300,,D:,mb.java:769
D:/Twelve/client/assets/equipment_legacy/09_ui_icons/blacksmith.png,,,D:,mb.java:769
D:/Twelve/client/assets/equipment_legacy/09_ui_icons/broken_heart.png,,,D:,mb.java:769
D:/Twelve/client/assets/equipment_legacy/09_ui_icons/effblacksmith.png,,,D:,mb.java:769
D:/Twelve/client/assets/equipment_legacy/09_ui_icons/slotlock.png,,,D:,mb.java:769
D:/Twelve/client/assets/equipment_legacy/09_ui_icons/star.png,,,D:,mb.java:769
