canonical_path,verified_path,rationale
_blackfont.png,root_named_assets/_blackfont.png,Root-level named asset from jar; exact semantic role may still require code review.
_corner.png,root_named_assets/_corner.png,Root-level named asset from jar; exact semantic role may still require code review.
_fontcap.png,root_named_assets/_fontcap.png,Root-level named asset from jar; exact semantic role may still require code review.
_mglogo.png,root_named_assets/_mglogo.png,Root-level named asset from jar; exact semantic role may still require code review.
_partnerLogo.png,root_named_assets/_partnerLogo.png,Root-level named asset from jar; exact semantic role may still require code review.
_sound1.png,root_named_assets/_sound1.png,Root-level named asset from jar; exact semantic role may still require code review.
_sound2.png,root_named_assets/_sound2.png,Root-level named asset from jar; exact semantic role may still require code review.
arrowfocus1.png,root_named_assets/arrowfocus1.png,Root-level named asset from jar; exact semantic role may still require code review.
arrowfocus2.png,root_named_assets/arrowfocus2.png,Root-level named asset from jar; exact semantic role may still require code review.
aura1.png,root_named_assets/aura1.png,Root-level named asset from jar; exact semantic role may still require code review.
aura2.png,root_named_assets/aura2.png,Root-level named asset from jar; exact semantic role may still require code review.
aura3.png,root_named_assets/aura3.png,Root-level named asset from jar; exact semantic role may still require code review.
bardownloadscreen.png,root_named_assets/bardownloadscreen.png,Root-level named asset from jar; exact semantic role may still require code review.
barrier.png,root_named_assets/barrier.png,Root-level named asset from jar; exact semantic role may still require code review.
bklogin.png,root_named_assets/bklogin.png,Root-level named asset from jar; exact semantic role may still require code review.
blacksmith.png,root_named_assets/blacksmith.png,Root-level named asset from jar; exact semantic role may still require code review.
bloodthrowaround.png,root_named_assets/bloodthrowaround.png,Root-level named asset from jar; exact semantic role may still require code review.
broken_heart.png,root_named_assets/broken_heart.png,Root-level named asset from jar; exact semantic role may still require code review.
castingball.png,root_named_assets/castingball.png,Root-level named asset from jar; exact semantic role may still require code review.
chess0.png,root_named_assets/chess0.png,Root-level named asset from jar; exact semantic role may still require code review.
chess1.png,root_named_assets/chess1.png,Root-level named asset from jar; exact semantic role may still require code review.
chess2.png,root_named_assets/chess2.png,Root-level named asset from jar; exact semantic role may still require code review.
chess3.png,root_named_assets/chess3.png,Root-level named asset from jar; exact semantic role may still require code review.
chess4.png,root_named_assets/chess4.png,Root-level named asset from jar; exact semantic role may still require code review.
chess5.png,root_named_assets/chess5.png,Root-level named asset from jar; exact semantic role may still require code review.
chess6.png,root_named_assets/chess6.png,Root-level named asset from jar; exact semantic role may still require code review.
chess7.png,root_named_assets/chess7.png,Root-level named asset from jar; exact semantic role may still require code review.
chess8.png,root_named_assets/chess8.png,Root-level named asset from jar; exact semantic role may still require code review.
chesscrystal.png,root_named_assets/chesscrystal.png,Root-level named asset from jar; exact semantic role may still require code review.
confusing.png,root_named_assets/confusing.png,Root-level named asset from jar; exact semantic role may still require code review.
corner/1.png,window_frames_confirmed/1.png,Loaded directly from /corner/* for frame drawing.
corner/2.png,window_frames_confirmed/2.png,Loaded directly from /corner/* for frame drawing.
corner/3.png,window_frames_confirmed/3.png,Loaded directly from /corner/* for frame drawing.
corner/4.png,window_frames_confirmed/4.png,Loaded directly from /corner/* for frame drawing.
corner/5.png,window_frames_confirmed/5.png,Loaded directly from /corner/* for frame drawing.
corner/cornerskb.png,window_frames_confirmed/cornerskb.png,Loaded directly from /corner/* for frame drawing.
createcs/bk.png,create_character_ui_confirmed/bk.png,Loaded directly by the create-character screen.
createcs/stone.png,create_character_ui_confirmed/stone.png,Loaded directly by the create-character screen.
crystalblue.png,root_named_assets/crystalblue.png,Root-level named asset from jar; exact semantic role may still require code review.
crystalred.png,root_named_assets/crystalred.png,Root-level named asset from jar; exact semantic role may still require code review.
dialog/corner.png,window_frames_confirmed/corner.png,Loaded directly from /dialog/* for frame drawing.
effblacksmith.png,root_named_assets/effblacksmith.png,Root-level named asset from jar; exact semantic role may still require code review.
elementsicon.png,root_named_assets/elementsicon.png,Root-level named asset from jar; exact semantic role may still require code review.
f/ver.png,version_tags_confirmed/ver.png,Loaded directly from /f/* as version label assets.
f/ver_b.png,version_tags_confirmed/ver_b.png,Loaded directly from /f/* as version label assets.
fillbardownloadscreen.png,root_named_assets/fillbardownloadscreen.png,Root-level named asset from jar; exact semantic role may still require code review.
firerage.png,root_named_assets/firerage.png,Root-level named asset from jar; exact semantic role may still require code review.
firerageext.png,root_named_assets/firerageext.png,Root-level named asset from jar; exact semantic role may still require code review.
focusmovechess1.png,root_named_assets/focusmovechess1.png,Root-level named asset from jar; exact semantic role may still require code review.
focustab.png,root_named_assets/focustab.png,Root-level named asset from jar; exact semantic role may still require code review.
gate.png,root_named_assets/gate.png,Root-level named asset from jar; exact semantic role may still require code review.
hiddendragon.png,root_named_assets/hiddendragon.png,Root-level named asset from jar; exact semantic role may still require code review.
hiddenphoenix.png,root_named_assets/hiddenphoenix.png,Root-level named asset from jar; exact semantic role may still require code review.
ice.png,root_named_assets/ice.png,Root-level named asset from jar; exact semantic role may still require code review.
iconbt.png,root_named_assets/iconbt.png,Root-level named asset from jar; exact semantic role may still require code review.
info/btinscrease.png,info_icons_confirmed/btinscrease.png,Loaded directly from /info/* by HUD and status screens.
info/decrease.png,info_icons_confirmed/decrease.png,Loaded directly from /info/* by HUD and status screens.
info/expicon.png,info_icons_confirmed/expicon.png,Loaded directly from /info/* by HUD and status screens.
info/gauge.png,info_icons_confirmed/gauge.png,Loaded directly from /info/* by HUD and status screens.
info/gold.png,info_icons_confirmed/gold.png,Loaded directly from /info/* by HUD and status screens.
info/heart.png,info_icons_confirmed/heart.png,Loaded directly from /info/* by HUD and status screens.
info/hidenobj.png,info_icons_confirmed/hidenobj.png,Loaded directly from /info/* by HUD and status screens.
info/increase.png,info_icons_confirmed/increase.png,Loaded directly from /info/* by HUD and status screens.
info/itemchest.png,info_icons_confirmed/itemchest.png,Loaded directly from /info/* by HUD and status screens.
info/skilltree.png,info_icons_confirmed/skilltree.png,Loaded directly from /info/* by HUD and status screens.
m/arena.png,board_match_ui_confirmed/arena.png,Loaded directly from /m/* by the match UI.
m/arrow.png,board_match_ui_confirmed/arrow.png,Loaded directly from /m/* by the match UI.
m/focusname.png,board_match_ui_confirmed/focusname.png,Loaded directly from /m/* by the match UI.
m/fsw.png,board_match_ui_confirmed/fsw.png,Loaded directly from /m/* by the match UI.
m/hand.png,board_match_ui_confirmed/hand.png,Loaded directly from /m/* by the match UI.
m/l.png,board_match_ui_confirmed/l.png,Loaded directly from /m/* by the match UI.
m/lock.png,board_match_ui_confirmed/lock.png,Loaded directly from /m/* by the match UI.
m/lock2.png,board_match_ui_confirmed/lock2.png,Loaded directly from /m/* by the match UI.
m/m.png,board_match_ui_confirmed/m.png,Loaded directly from /m/* by the match UI.
m/room.png,board_match_ui_confirmed/room.png,Loaded directly from /m/* by the match UI.
magicgate.png,root_named_assets/magicgate.png,Root-level named asset from jar; exact semantic role may still require code review.
mecommands.png,root_named_assets/mecommands.png,Root-level named asset from jar; exact semantic role may still require code review.
miniexplosionfire.png,root_named_assets/miniexplosionfire.png,Root-level named asset from jar; exact semantic role may still require code review.
monster.png,root_named_assets/monster.png,Root-level named asset from jar; exact semantic role may still require code review.
notificationnewsicon.png,root_named_assets/notificationnewsicon.png,Root-level named asset from jar; exact semantic role may still require code review.
notifygtmicon.png,root_named_assets/notifygtmicon.png,Root-level named asset from jar; exact semantic role may still require code review.
offline/1000000.png,offline_by_id_or_name/1000000.png,Canonical offline cache asset; jar stores these by numeric or named cache key.
offline/1000001.png,offline_by_id_or_name/1000001.png,Canonical offline cache asset; jar stores these by numeric or named cache key.
offline/1000002.png,offline_by_id_or_name/1000002.png,Canonical offline cache asset; jar stores these by numeric or named cache key.
offline/100001.png,offline_by_id_or_name/100001.png,Canonical offline cache asset; jar stores these by numeric or named cache key.
offline/100003.png,offline_by_id_or_name/100003.png,Canonical offline cache asset; jar stores these by numeric or named cache key.
offline/100004.png,offline_by_id_or_name/100004.png,Canonical offline cache asset; jar stores these by numeric or named cache key.
offline/100005.png,offline_by_id_or_name/100005.png,Canonical offline cache asset; jar stores these by numeric or named cache key.
offline/100011.png,offline_by_id_or_name/100011.png,Canonical offline cache asset; jar stores these by numeric or named cache key.
offline/100013.png,offline_by_id_or_name/100013.png,Canonical offline cache asset; jar stores these by numeric or named cache key.
offline/100014.png,offline_by_id_or_name/100014.png,Canonical offline cache asset; jar stores these by numeric or named cache key.
offline/100015.png,offline_by_id_or_name/100015.png,Canonical offline cache asset; jar stores these by numeric or named cache key.
offline/100021.png,offline_by_id_or_name/100021.png,Canonical offline cache asset; jar stores these by numeric or named cache key.
offline/100023.png,offline_by_id_or_name/100023.png,Canonical offline cache asset; jar stores these by numeric or named cache key.
offline/100024.png,offline_by_id_or_name/100024.png,Canonical offline cache asset; jar stores these by numeric or named cache key.
offline/100025.png,offline_by_id_or_name/100025.png,Canonical offline cache asset; jar stores these by numeric or named cache key.
offline/100031.png,offline_by_id_or_name/100031.png,Canonical offline cache asset; jar stores these by numeric or named cache key.
offline/100033.png,offline_by_id_or_name/100033.png,Canonical offline cache asset; jar stores these by numeric or named cache key.
offline/100034.png,offline_by_id_or_name/100034.png,Canonical offline cache asset; jar stores these by numeric or named cache key.
offline/100035.png,offline_by_id_or_name/100035.png,Canonical offline cache asset; jar stores these by numeric or named cache key.
offline/100041.png,offline_by_id_or_name/100041.png,Canonical offline cache asset; jar stores these by numeric or named cache key.
offline/100043.png,offline_by_id_or_name/100043.png,Canonical offline cache asset; jar stores these by numeric or named cache key.
offline/100044.png,offline_by_id_or_name/100044.png,Canonical offline cache asset; jar stores these by numeric or named cache key.
offline/100045.png,offline_by_id_or_name/100045.png,Canonical offline cache asset; jar stores these by numeric or named cache key.
offline/100051.png,offline_by_id_or_name/100051.png,Canonical offline cache asset; jar stores these by numeric or named cache key.
offline/100053.png,offline_by_id_or_name/100053.png,Canonical offline cache asset; jar stores these by numeric or named cache key.
offline/100054.png,offline_by_id_or_name/100054.png,Canonical offline cache asset; jar stores these by numeric or named cache key.
offline/100055.png,offline_by_id_or_name/100055.png,Canonical offline cache asset; jar stores these by numeric or named cache key.
offline/100061.png,offline_by_id_or_name/100061.png,Canonical offline cache asset; jar stores these by numeric or named cache key.
offline/100063.png,offline_by_id_or_name/100063.png,Canonical offline cache asset; jar stores these by numeric or named cache key.
offline/100064.png,offline_by_id_or_name/100064.png,Canonical offline cache asset; jar stores these by numeric or named cache key.
offline/100065.png,offline_by_id_or_name/100065.png,Canonical offline cache asset; jar stores these by numeric or named cache key.
offline/100071.png,offline_by_id_or_name/100071.png,Canonical offline cache asset; jar stores these by numeric or named cache key.
offline/100073.png,offline_by_id_or_name/100073.png,Canonical offline cache asset; jar stores these by numeric or named cache key.
offline/100074.png,offline_by_id_or_name/100074.png,Canonical offline cache asset; jar stores these by numeric or named cache key.
offline/100075.png,offline_by_id_or_name/100075.png,Canonical offline cache asset; jar stores these by numeric or named cache key.
offline/100081.png,offline_by_id_or_name/100081.png,Canonical offline cache asset; jar stores these by numeric or named cache key.
offline/100083.png,offline_by_id_or_name/100083.png,Canonical offline cache asset; jar stores these by numeric or named cache key.
offline/100085.png,offline_by_id_or_name/100085.png,Canonical offline cache asset; jar stores these by numeric or named cache key.
offline/100086.png,offline_by_id_or_name/100086.png,Canonical offline cache asset; jar stores these by numeric or named cache key.
offline/100091.png,offline_by_id_or_name/100091.png,Canonical offline cache asset; jar stores these by numeric or named cache key.
offline/100093.png,offline_by_id_or_name/100093.png,Canonical offline cache asset; jar stores these by numeric or named cache key.
offline/100095.png,offline_by_id_or_name/100095.png,Canonical offline cache asset; jar stores these by numeric or named cache key.
offline/100096.png,offline_by_id_or_name/100096.png,Canonical offline cache asset; jar stores these by numeric or named cache key.
offline/1001000.png,offline_by_id_or_name/1001000.png,Canonical offline cache asset; jar stores these by numeric or named cache key.
offline/1001001.png,offline_by_id_or_name/1001001.png,Canonical offline cache asset; jar stores these by numeric or named cache key.
offline/100101.png,offline_by_id_or_name/100101.png,Canonical offline cache asset; jar stores these by numeric or named cache key.
offline/100103.png,offline_by_id_or_name/100103.png,Canonical offline cache asset; jar stores these by numeric or named cache key.
offline/100105.png,offline_by_id_or_name/100105.png,Canonical offline cache asset; jar stores these by numeric or named cache key.
offline/100106.png,offline_by_id_or_name/100106.png,Canonical offline cache asset; jar stores these by numeric or named cache key.
offline/100111.png,offline_by_id_or_name/100111.png,Canonical offline cache asset; jar stores these by numeric or named cache key.
offline/100113.png,offline_by_id_or_name/100113.png,Canonical offline cache asset; jar stores these by numeric or named cache key.
offline/100114.png,offline_by_id_or_name/100114.png,Canonical offline cache asset; jar stores these by numeric or named cache key.
offline/100115.png,offline_by_id_or_name/100115.png,Canonical offline cache asset; jar stores these by numeric or named cache key.
offline/100121.png,offline_by_id_or_name/100121.png,Canonical offline cache asset; jar stores these by numeric or named cache key.
offline/100123.png,offline_by_id_or_name/100123.png,Canonical offline cache asset; jar stores these by numeric or named cache key.
offline/100124.png,offline_by_id_or_name/100124.png,Canonical offline cache asset; jar stores these by numeric or named cache key.
offline/100125.png,offline_by_id_or_name/100125.png,Canonical offline cache asset; jar stores these by numeric or named cache key.
offline/100131.png,offline_by_id_or_name/100131.png,Canonical offline cache asset; jar stores these by numeric or named cache key.
offline/100133.png,offline_by_id_or_name/100133.png,Canonical offline cache asset; jar stores these by numeric or named cache key.
offline/100135.png,offline_by_id_or_name/100135.png,Canonical offline cache asset; jar stores these by numeric or named cache key.
offline/100136.png,offline_by_id_or_name/100136.png,Canonical offline cache asset; jar stores these by numeric or named cache key.
offline/100141.png,offline_by_id_or_name/100141.png,Canonical offline cache asset; jar stores these by numeric or named cache key.
offline/100143.png,offline_by_id_or_name/100143.png,Canonical offline cache asset; jar stores these by numeric or named cache key.
offline/100144.png,offline_by_id_or_name/100144.png,Canonical offline cache asset; jar stores these by numeric or named cache key.
offline/100145.png,offline_by_id_or_name/100145.png,Canonical offline cache asset; jar stores these by numeric or named cache key.
offline/100151.png,offline_by_id_or_name/100151.png,Canonical offline cache asset; jar stores these by numeric or named cache key.
offline/100153.png,offline_by_id_or_name/100153.png,Canonical offline cache asset; jar stores these by numeric or named cache key.
offline/100155.png,offline_by_id_or_name/100155.png,Canonical offline cache asset; jar stores these by numeric or named cache key.
offline/100156.png,offline_by_id_or_name/100156.png,Canonical offline cache asset; jar stores these by numeric or named cache key.
offline/100161.png,offline_by_id_or_name/100161.png,Canonical offline cache asset; jar stores these by numeric or named cache key.
offline/100163.png,offline_by_id_or_name/100163.png,Canonical offline cache asset; jar stores these by numeric or named cache key.
offline/100164.png,offline_by_id_or_name/100164.png,Canonical offline cache asset; jar stores these by numeric or named cache key.
offline/100165.png,offline_by_id_or_name/100165.png,Canonical offline cache asset; jar stores these by numeric or named cache key.
offline/100171.png,offline_by_id_or_name/100171.png,Canonical offline cache asset; jar stores these by numeric or named cache key.
offline/100173.png,offline_by_id_or_name/100173.png,Canonical offline cache asset; jar stores these by numeric or named cache key.
offline/100175.png,offline_by_id_or_name/100175.png,Canonical offline cache asset; jar stores these by numeric or named cache key.
offline/100176.png,offline_by_id_or_name/100176.png,Canonical offline cache asset; jar stores these by numeric or named cache key.
offline/100181.png,offline_by_id_or_name/100181.png,Canonical offline cache asset; jar stores these by numeric or named cache key.
offline/100183.png,offline_by_id_or_name/100183.png,Canonical offline cache asset; jar stores these by numeric or named cache key.
offline/100185.png,offline_by_id_or_name/100185.png,Canonical offline cache asset; jar stores these by numeric or named cache key.
offline/100186.png,offline_by_id_or_name/100186.png,Canonical offline cache asset; jar stores these by numeric or named cache key.
offline/100191.png,offline_by_id_or_name/100191.png,Canonical offline cache asset; jar stores these by numeric or named cache key.
offline/100193.png,offline_by_id_or_name/100193.png,Canonical offline cache asset; jar stores these by numeric or named cache key.
offline/100194.png,offline_by_id_or_name/100194.png,Canonical offline cache asset; jar stores these by numeric or named cache key.
offline/100195.png,offline_by_id_or_name/100195.png,Canonical offline cache asset; jar stores these by numeric or named cache key.
offline/1002000.png,offline_by_id_or_name/1002000.png,Canonical offline cache asset; jar stores these by numeric or named cache key.
offline/100201.png,offline_by_id_or_name/100201.png,Canonical offline cache asset; jar stores these by numeric or named cache key.
offline/100203.png,offline_by_id_or_name/100203.png,Canonical offline cache asset; jar stores these by numeric or named cache key.
offline/100204.png,offline_by_id_or_name/100204.png,Canonical offline cache asset; jar stores these by numeric or named cache key.
offline/100205.png,offline_by_id_or_name/100205.png,Canonical offline cache asset; jar stores these by numeric or named cache key.
offline/100211.png,offline_by_id_or_name/100211.png,Canonical offline cache asset; jar stores these by numeric or named cache key.
offline/100213.png,offline_by_id_or_name/100213.png,Canonical offline cache asset; jar stores these by numeric or named cache key.
offline/100214.png,offline_by_id_or_name/100214.png,Canonical offline cache asset; jar stores these by numeric or named cache key.
offline/100215.png,offline_by_id_or_name/100215.png,Canonical offline cache asset; jar stores these by numeric or named cache key.
offline/100221.png,offline_by_id_or_name/100221.png,Canonical offline cache asset; jar stores these by numeric or named cache key.
offline/100223.png,offline_by_id_or_name/100223.png,Canonical offline cache asset; jar stores these by numeric or named cache key.
offline/100225.png,offline_by_id_or_name/100225.png,Canonical offline cache asset; jar stores these by numeric or named cache key.
offline/100226.png,offline_by_id_or_name/100226.png,Canonical offline cache asset; jar stores these by numeric or named cache key.
offline/100231.png,offline_by_id_or_name/100231.png,Canonical offline cache asset; jar stores these by numeric or named cache key.
offline/100233.png,offline_by_id_or_name/100233.png,Canonical offline cache asset; jar stores these by numeric or named cache key.
offline/100234.png,offline_by_id_or_name/100234.png,Canonical offline cache asset; jar stores these by numeric or named cache key.
offline/100235.png,offline_by_id_or_name/100235.png,Canonical offline cache asset; jar stores these by numeric or named cache key.
offline/100241.png,offline_by_id_or_name/100241.png,Canonical offline cache asset; jar stores these by numeric or named cache key.
offline/100243.png,offline_by_id_or_name/100243.png,Canonical offline cache asset; jar stores these by numeric or named cache key.
offline/100245.png,offline_by_id_or_name/100245.png,Canonical offline cache asset; jar stores these by numeric or named cache key.
offline/100246.png,offline_by_id_or_name/100246.png,Canonical offline cache asset; jar stores these by numeric or named cache key.
offline/100251.png,offline_by_id_or_name/100251.png,Canonical offline cache asset; jar stores these by numeric or named cache key.
offline/100253.png,offline_by_id_or_name/100253.png,Canonical offline cache asset; jar stores these by numeric or named cache key.
offline/100254.png,offline_by_id_or_name/100254.png,Canonical offline cache asset; jar stores these by numeric or named cache key.
offline/100255.png,offline_by_id_or_name/100255.png,Canonical offline cache asset; jar stores these by numeric or named cache key.
offline/100261.png,offline_by_id_or_name/100261.png,Canonical offline cache asset; jar stores these by numeric or named cache key.
offline/100263.png,offline_by_id_or_name/100263.png,Canonical offline cache asset; jar stores these by numeric or named cache key.
offline/100264.png,offline_by_id_or_name/100264.png,Canonical offline cache asset; jar stores these by numeric or named cache key.
offline/100265.png,offline_by_id_or_name/100265.png,Canonical offline cache asset; jar stores these by numeric or named cache key.
offline/100271.png,offline_by_id_or_name/100271.png,Canonical offline cache asset; jar stores these by numeric or named cache key.
offline/100273.png,offline_by_id_or_name/100273.png,Canonical offline cache asset; jar stores these by numeric or named cache key.
offline/100274.png,offline_by_id_or_name/100274.png,Canonical offline cache asset; jar stores these by numeric or named cache key.
offline/100275.png,offline_by_id_or_name/100275.png,Canonical offline cache asset; jar stores these by numeric or named cache key.
offline/100281.png,offline_by_id_or_name/100281.png,Canonical offline cache asset; jar stores these by numeric or named cache key.
offline/100283.png,offline_by_id_or_name/100283.png,Canonical offline cache asset; jar stores these by numeric or named cache key.
offline/100284.png,offline_by_id_or_name/100284.png,Canonical offline cache asset; jar stores these by numeric or named cache key.
offline/100285.png,offline_by_id_or_name/100285.png,Canonical offline cache asset; jar stores these by numeric or named cache key.
offline/100291.png,offline_by_id_or_name/100291.png,Canonical offline cache asset; jar stores these by numeric or named cache key.
offline/100293.png,offline_by_id_or_name/100293.png,Canonical offline cache asset; jar stores these by numeric or named cache key.
offline/100294.png,offline_by_id_or_name/100294.png,Canonical offline cache asset; jar stores these by numeric or named cache key.
offline/100295.png,offline_by_id_or_name/100295.png,Canonical offline cache asset; jar stores these by numeric or named cache key.
offline/1003000.png,offline_by_id_or_name/1003000.png,Canonical offline cache asset; jar stores these by numeric or named cache key.
offline/1003001.png,offline_by_id_or_name/1003001.png,Canonical offline cache asset; jar stores these by numeric or named cache key.
offline/1003002.png,offline_by_id_or_name/1003002.png,Canonical offline cache asset; jar stores these by numeric or named cache key.
offline/1003003.png,offline_by_id_or_name/1003003.png,Canonical offline cache asset; jar stores these by numeric or named cache key.
offline/100303.png,offline_by_id_or_name/100303.png,Canonical offline cache asset; jar stores these by numeric or named cache key.
offline/100305.png,offline_by_id_or_name/100305.png,Canonical offline cache asset; jar stores these by numeric or named cache key.
offline/100306.png,offline_by_id_or_name/100306.png,Canonical offline cache asset; jar stores these by numeric or named cache key.
offline/100313.png,offline_by_id_or_name/100313.png,Canonical offline cache asset; jar stores these by numeric or named cache key.
offline/100315.png,offline_by_id_or_name/100315.png,Canonical offline cache asset; jar stores these by numeric or named cache key.
offline/100316.png,offline_by_id_or_name/100316.png,Canonical offline cache asset; jar stores these by numeric or named cache key.
offline/100323.png,offline_by_id_or_name/100323.png,Canonical offline cache asset; jar stores these by numeric or named cache key.
offline/100325.png,offline_by_id_or_name/100325.png,Canonical offline cache asset; jar stores these by numeric or named cache key.
offline/100326.png,offline_by_id_or_name/100326.png,Canonical offline cache asset; jar stores these by numeric or named cache key.
offline/100331.png,offline_by_id_or_name/100331.png,Canonical offline cache asset; jar stores these by numeric or named cache key.
offline/100333.png,offline_by_id_or_name/100333.png,Canonical offline cache asset; jar stores these by numeric or named cache key.
offline/100335.png,offline_by_id_or_name/100335.png,Canonical offline cache asset; jar stores these by numeric or named cache key.
offline/100336.png,offline_by_id_or_name/100336.png,Canonical offline cache asset; jar stores these by numeric or named cache key.
offline/100341.png,offline_by_id_or_name/100341.png,Canonical offline cache asset; jar stores these by numeric or named cache key.
offline/100343.png,offline_by_id_or_name/100343.png,Canonical offline cache asset; jar stores these by numeric or named cache key.
offline/100345.png,offline_by_id_or_name/100345.png,Canonical offline cache asset; jar stores these by numeric or named cache key.
offline/100346.png,offline_by_id_or_name/100346.png,Canonical offline cache asset; jar stores these by numeric or named cache key.
offline/100351.png,offline_by_id_or_name/100351.png,Canonical offline cache asset; jar stores these by numeric or named cache key.
offline/100353.png,offline_by_id_or_name/100353.png,Canonical offline cache asset; jar stores these by numeric or named cache key.
offline/100354.png,offline_by_id_or_name/100354.png,Canonical offline cache asset; jar stores these by numeric or named cache key.
offline/100355.png,offline_by_id_or_name/100355.png,Canonical offline cache asset; jar stores these by numeric or named cache key.
offline/100361.png,offline_by_id_or_name/100361.png,Canonical offline cache asset; jar stores these by numeric or named cache key.
offline/100363.png,offline_by_id_or_name/100363.png,Canonical offline cache asset; jar stores these by numeric or named cache key.
offline/100364.png,offline_by_id_or_name/100364.png,Canonical offline cache asset; jar stores these by numeric or named cache key.
offline/100365.png,offline_by_id_or_name/100365.png,Canonical offline cache asset; jar stores these by numeric or named cache key.
offline/100371.png,offline_by_id_or_name/100371.png,Canonical offline cache asset; jar stores these by numeric or named cache key.
offline/100373.png,offline_by_id_or_name/100373.png,Canonical offline cache asset; jar stores these by numeric or named cache key.
offline/100374.png,offline_by_id_or_name/100374.png,Canonical offline cache asset; jar stores these by numeric or named cache key.
offline/100375.png,offline_by_id_or_name/100375.png,Canonical offline cache asset; jar stores these by numeric or named cache key.
offline/100381.png,offline_by_id_or_name/100381.png,Canonical offline cache asset; jar stores these by numeric or named cache key.
offline/100383.png,offline_by_id_or_name/100383.png,Canonical offline cache asset; jar stores these by numeric or named cache key.
offline/100384.png,offline_by_id_or_name/100384.png,Canonical offline cache asset; jar stores these by numeric or named cache key.
offline/100385.png,offline_by_id_or_name/100385.png,Canonical offline cache asset; jar stores these by numeric or named cache key.
offline/100391.png,offline_by_id_or_name/100391.png,Canonical offline cache asset; jar stores these by numeric or named cache key.
offline/100393.png,offline_by_id_or_name/100393.png,Canonical offline cache asset; jar stores these by numeric or named cache key.
offline/100394.png,offline_by_id_or_name/100394.png,Canonical offline cache asset; jar stores these by numeric or named cache key.
offline/100395.png,offline_by_id_or_name/100395.png,Canonical offline cache asset; jar stores these by numeric or named cache key.
offline/1004000.png,offline_by_id_or_name/1004000.png,Canonical offline cache asset; jar stores these by numeric or named cache key.
offline/1004001.png,offline_by_id_or_name/1004001.png,Canonical offline cache asset; jar stores these by numeric or named cache key.
offline/100401.png,offline_by_id_or_name/100401.png,Canonical offline cache asset; jar stores these by numeric or named cache key.
offline/100403.png,offline_by_id_or_name/100403.png,Canonical offline cache asset; jar stores these by numeric or named cache key.
offline/100404.png,offline_by_id_or_name/100404.png,Canonical offline cache asset; jar stores these by numeric or named cache key.
offline/100405.png,offline_by_id_or_name/100405.png,Canonical offline cache asset; jar stores these by numeric or named cache key.
offline/100411.png,offline_by_id_or_name/100411.png,Canonical offline cache asset; jar stores these by numeric or named cache key.
offline/100413.png,offline_by_id_or_name/100413.png,Canonical offline cache asset; jar stores these by numeric or named cache key.
offline/100414.png,offline_by_id_or_name/100414.png,Canonical offline cache asset; jar stores these by numeric or named cache key.
offline/100415.png,offline_by_id_or_name/100415.png,Canonical offline cache asset; jar stores these by numeric or named cache key.
offline/100421.png,offline_by_id_or_name/100421.png,Canonical offline cache asset; jar stores these by numeric or named cache key.
offline/100423.png,offline_by_id_or_name/100423.png,Canonical offline cache asset; jar stores these by numeric or named cache key.
offline/100424.png,offline_by_id_or_name/100424.png,Canonical offline cache asset; jar stores these by numeric or named cache key.
offline/100425.png,offline_by_id_or_name/100425.png,Canonical offline cache asset; jar stores these by numeric or named cache key.
offline/100431.png,offline_by_id_or_name/100431.png,Canonical offline cache asset; jar stores these by numeric or named cache key.
offline/100433.png,offline_by_id_or_name/100433.png,Canonical offline cache asset; jar stores these by numeric or named cache key.
offline/100435.png,offline_by_id_or_name/100435.png,Canonical offline cache asset; jar stores these by numeric or named cache key.
offline/100436.png,offline_by_id_or_name/100436.png,Canonical offline cache asset; jar stores these by numeric or named cache key.
offline/100441.png,offline_by_id_or_name/100441.png,Canonical offline cache asset; jar stores these by numeric or named cache key.
offline/100443.png,offline_by_id_or_name/100443.png,Canonical offline cache asset; jar stores these by numeric or named cache key.
offline/100444.png,offline_by_id_or_name/100444.png,Canonical offline cache asset; jar stores these by numeric or named cache key.
offline/100445.png,offline_by_id_or_name/100445.png,Canonical offline cache asset; jar stores these by numeric or named cache key.
offline/100451.png,offline_by_id_or_name/100451.png,Canonical offline cache asset; jar stores these by numeric or named cache key.
offline/100453.png,offline_by_id_or_name/100453.png,Canonical offline cache asset; jar stores these by numeric or named cache key.
offline/100454.png,offline_by_id_or_name/100454.png,Canonical offline cache asset; jar stores these by numeric or named cache key.
offline/100455.png,offline_by_id_or_name/100455.png,Canonical offline cache asset; jar stores these by numeric or named cache key.
offline/100461.png,offline_by_id_or_name/100461.png,Canonical offline cache asset; jar stores these by numeric or named cache key.
offline/100463.png,offline_by_id_or_name/100463.png,Canonical offline cache asset; jar stores these by numeric or named cache key.
offline/100464.png,offline_by_id_or_name/100464.png,Canonical offline cache asset; jar stores these by numeric or named cache key.
offline/100465.png,offline_by_id_or_name/100465.png,Canonical offline cache asset; jar stores these by numeric or named cache key.
offline/100471.png,offline_by_id_or_name/100471.png,Canonical offline cache asset; jar stores these by numeric or named cache key.
offline/100473.png,offline_by_id_or_name/100473.png,Canonical offline cache asset; jar stores these by numeric or named cache key.
offline/100475.png,offline_by_id_or_name/100475.png,Canonical offline cache asset; jar stores these by numeric or named cache key.
offline/100476.png,offline_by_id_or_name/100476.png,Canonical offline cache asset; jar stores these by numeric or named cache key.
offline/100481.png,offline_by_id_or_name/100481.png,Canonical offline cache asset; jar stores these by numeric or named cache key.
offline/100483.png,offline_by_id_or_name/100483.png,Canonical offline cache asset; jar stores these by numeric or named cache key.
offline/100484.png,offline_by_id_or_name/100484.png,Canonical offline cache asset; jar stores these by numeric or named cache key.
offline/100485.png,offline_by_id_or_name/100485.png,Canonical offline cache asset; jar stores these by numeric or named cache key.
offline/100491.png,offline_by_id_or_name/100491.png,Canonical offline cache asset; jar stores these by numeric or named cache key.
offline/100493.png,offline_by_id_or_name/100493.png,Canonical offline cache asset; jar stores these by numeric or named cache key.
offline/100494.png,offline_by_id_or_name/100494.png,Canonical offline cache asset; jar stores these by numeric or named cache key.
offline/100495.png,offline_by_id_or_name/100495.png,Canonical offline cache asset; jar stores these by numeric or named cache key.
offline/1005000.png,offline_by_id_or_name/1005000.png,Canonical offline cache asset; jar stores these by numeric or named cache key.
offline/1005001.png,offline_by_id_or_name/1005001.png,Canonical offline cache asset; jar stores these by numeric or named cache key.
offline/100501.png,offline_by_id_or_name/100501.png,Canonical offline cache asset; jar stores these by numeric or named cache key.
offline/100503.png,offline_by_id_or_name/100503.png,Canonical offline cache asset; jar stores these by numeric or named cache key.
offline/100504.png,offline_by_id_or_name/100504.png,Canonical offline cache asset; jar stores these by numeric or named cache key.
offline/100505.png,offline_by_id_or_name/100505.png,Canonical offline cache asset; jar stores these by numeric or named cache key.
offline/100511.png,offline_by_id_or_name/100511.png,Canonical offline cache asset; jar stores these by numeric or named cache key.
offline/100513.png,offline_by_id_or_name/100513.png,Canonical offline cache asset; jar stores these by numeric or named cache key.
offline/100515.png,offline_by_id_or_name/100515.png,Canonical offline cache asset; jar stores these by numeric or named cache key.
offline/100516.png,offline_by_id_or_name/100516.png,Canonical offline cache asset; jar stores these by numeric or named cache key.
offline/100521.png,offline_by_id_or_name/100521.png,Canonical offline cache asset; jar stores these by numeric or named cache key.
offline/100523.png,offline_by_id_or_name/100523.png,Canonical offline cache asset; jar stores these by numeric or named cache key.
offline/100524.png,offline_by_id_or_name/100524.png,Canonical offline cache asset; jar stores these by numeric or named cache key.
offline/100525.png,offline_by_id_or_name/100525.png,Canonical offline cache asset; jar stores these by numeric or named cache key.
offline/100531.png,offline_by_id_or_name/100531.png,Canonical offline cache asset; jar stores these by numeric or named cache key.
offline/100533.png,offline_by_id_or_name/100533.png,Canonical offline cache asset; jar stores these by numeric or named cache key.
offline/100534.png,offline_by_id_or_name/100534.png,Canonical offline cache asset; jar stores these by numeric or named cache key.
offline/100535.png,offline_by_id_or_name/100535.png,Canonical offline cache asset; jar stores these by numeric or named cache key.
offline/100541.png,offline_by_id_or_name/100541.png,Canonical offline cache asset; jar stores these by numeric or named cache key.
offline/100543.png,offline_by_id_or_name/100543.png,Canonical offline cache asset; jar stores these by numeric or named cache key.
offline/100544.png,offline_by_id_or_name/100544.png,Canonical offline cache asset; jar stores these by numeric or named cache key.
offline/100545.png,offline_by_id_or_name/100545.png,Canonical offline cache asset; jar stores these by numeric or named cache key.
offline/100551.png,offline_by_id_or_name/100551.png,Canonical offline cache asset; jar stores these by numeric or named cache key.
offline/100553.png,offline_by_id_or_name/100553.png,Canonical offline cache asset; jar stores these by numeric or named cache key.
offline/100554.png,offline_by_id_or_name/100554.png,Canonical offline cache asset; jar stores these by numeric or named cache key.
offline/100555.png,offline_by_id_or_name/100555.png,Canonical offline cache asset; jar stores these by numeric or named cache key.
offline/100561.png,offline_by_id_or_name/100561.png,Canonical offline cache asset; jar stores these by numeric or named cache key.
offline/100563.png,offline_by_id_or_name/100563.png,Canonical offline cache asset; jar stores these by numeric or named cache key.
offline/100564.png,offline_by_id_or_name/100564.png,Canonical offline cache asset; jar stores these by numeric or named cache key.
offline/100565.png,offline_by_id_or_name/100565.png,Canonical offline cache asset; jar stores these by numeric or named cache key.
offline/100571.png,offline_by_id_or_name/100571.png,Canonical offline cache asset; jar stores these by numeric or named cache key.
offline/100573.png,offline_by_id_or_name/100573.png,Canonical offline cache asset; jar stores these by numeric or named cache key.
offline/100574.png,offline_by_id_or_name/100574.png,Canonical offline cache asset; jar stores these by numeric or named cache key.
offline/100575.png,offline_by_id_or_name/100575.png,Canonical offline cache asset; jar stores these by numeric or named cache key.
offline/100581.png,offline_by_id_or_name/100581.png,Canonical offline cache asset; jar stores these by numeric or named cache key.
offline/100583.png,offline_by_id_or_name/100583.png,Canonical offline cache asset; jar stores these by numeric or named cache key.
offline/100584.png,offline_by_id_or_name/100584.png,Canonical offline cache asset; jar stores these by numeric or named cache key.
offline/100585.png,offline_by_id_or_name/100585.png,Canonical offline cache asset; jar stores these by numeric or named cache key.
offline/1006000.png,offline_by_id_or_name/1006000.png,Canonical offline cache asset; jar stores these by numeric or named cache key.
offline/1006001.png,offline_by_id_or_name/1006001.png,Canonical offline cache asset; jar stores these by numeric or named cache key.
offline/1006002.png,offline_by_id_or_name/1006002.png,Canonical offline cache asset; jar stores these by numeric or named cache key.
offline/100601.png,offline_by_id_or_name/100601.png,Canonical offline cache asset; jar stores these by numeric or named cache key.
offline/100603.png,offline_by_id_or_name/100603.png,Canonical offline cache asset; jar stores these by numeric or named cache key.
offline/100604.png,offline_by_id_or_name/100604.png,Canonical offline cache asset; jar stores these by numeric or named cache key.
offline/100605.png,offline_by_id_or_name/100605.png,Canonical offline cache asset; jar stores these by numeric or named cache key.
offline/100611.png,offline_by_id_or_name/100611.png,Canonical offline cache asset; jar stores these by numeric or named cache key.
offline/100613.png,offline_by_id_or_name/100613.png,Canonical offline cache asset; jar stores these by numeric or named cache key.
offline/100615.png,offline_by_id_or_name/100615.png,Canonical offline cache asset; jar stores these by numeric or named cache key.
offline/100616.png,offline_by_id_or_name/100616.png,Canonical offline cache asset; jar stores these by numeric or named cache key.
offline/100621.png,offline_by_id_or_name/100621.png,Canonical offline cache asset; jar stores these by numeric or named cache key.
offline/100623.png,offline_by_id_or_name/100623.png,Canonical offline cache asset; jar stores these by numeric or named cache key.
offline/100624.png,offline_by_id_or_name/100624.png,Canonical offline cache asset; jar stores these by numeric or named cache key.
offline/100625.png,offline_by_id_or_name/100625.png,Canonical offline cache asset; jar stores these by numeric or named cache key.
offline/100631.png,offline_by_id_or_name/100631.png,Canonical offline cache asset; jar stores these by numeric or named cache key.
offline/100633.png,offline_by_id_or_name/100633.png,Canonical offline cache asset; jar stores these by numeric or named cache key.
offline/100634.png,offline_by_id_or_name/100634.png,Canonical offline cache asset; jar stores these by numeric or named cache key.
offline/100635.png,offline_by_id_or_name/100635.png,Canonical offline cache asset; jar stores these by numeric or named cache key.
offline/100641.png,offline_by_id_or_name/100641.png,Canonical offline cache asset; jar stores these by numeric or named cache key.
offline/100643.png,offline_by_id_or_name/100643.png,Canonical offline cache asset; jar stores these by numeric or named cache key.
offline/100644.png,offline_by_id_or_name/100644.png,Canonical offline cache asset; jar stores these by numeric or named cache key.
offline/100645.png,offline_by_id_or_name/100645.png,Canonical offline cache asset; jar stores these by numeric or named cache key.
offline/100651.png,offline_by_id_or_name/100651.png,Canonical offline cache asset; jar stores these by numeric or named cache key.
offline/100653.png,offline_by_id_or_name/100653.png,Canonical offline cache asset; jar stores these by numeric or named cache key.
offline/100654.png,offline_by_id_or_name/100654.png,Canonical offline cache asset; jar stores these by numeric or named cache key.
offline/100655.png,offline_by_id_or_name/100655.png,Canonical offline cache asset; jar stores these by numeric or named cache key.
offline/100661.png,offline_by_id_or_name/100661.png,Canonical offline cache asset; jar stores these by numeric or named cache key.
offline/100663.png,offline_by_id_or_name/100663.png,Canonical offline cache asset; jar stores these by numeric or named cache key.
offline/100664.png,offline_by_id_or_name/100664.png,Canonical offline cache asset; jar stores these by numeric or named cache key.
offline/100665.png,offline_by_id_or_name/100665.png,Canonical offline cache asset; jar stores these by numeric or named cache key.
offline/100671.png,offline_by_id_or_name/100671.png,Canonical offline cache asset; jar stores these by numeric or named cache key.
offline/100673.png,offline_by_id_or_name/100673.png,Canonical offline cache asset; jar stores these by numeric or named cache key.
offline/100674.png,offline_by_id_or_name/100674.png,Canonical offline cache asset; jar stores these by numeric or named cache key.
offline/100675.png,offline_by_id_or_name/100675.png,Canonical offline cache asset; jar stores these by numeric or named cache key.
offline/100681.png,offline_by_id_or_name/100681.png,Canonical offline cache asset; jar stores these by numeric or named cache key.
offline/100683.png,offline_by_id_or_name/100683.png,Canonical offline cache asset; jar stores these by numeric or named cache key.
offline/100684.png,offline_by_id_or_name/100684.png,Canonical offline cache asset; jar stores these by numeric or named cache key.
offline/100685.png,offline_by_id_or_name/100685.png,Canonical offline cache asset; jar stores these by numeric or named cache key.
offline/100691.png,offline_by_id_or_name/100691.png,Canonical offline cache asset; jar stores these by numeric or named cache key.
offline/100693.png,offline_by_id_or_name/100693.png,Canonical offline cache asset; jar stores these by numeric or named cache key.
offline/100694.png,offline_by_id_or_name/100694.png,Canonical offline cache asset; jar stores these by numeric or named cache key.
offline/100695.png,offline_by_id_or_name/100695.png,Canonical offline cache asset; jar stores these by numeric or named cache key.
offline/1007000.png,offline_by_id_or_name/1007000.png,Canonical offline cache asset; jar stores these by numeric or named cache key.
offline/1007001.png,offline_by_id_or_name/1007001.png,Canonical offline cache asset; jar stores these by numeric or named cache key.
offline/100701.png,offline_by_id_or_name/100701.png,Canonical offline cache asset; jar stores these by numeric or named cache key.
offline/100703.png,offline_by_id_or_name/100703.png,Canonical offline cache asset; jar stores these by numeric or named cache key.
offline/100704.png,offline_by_id_or_name/100704.png,Canonical offline cache asset; jar stores these by numeric or named cache key.
offline/100705.png,offline_by_id_or_name/100705.png,Canonical offline cache asset; jar stores these by numeric or named cache key.
offline/100711.png,offline_by_id_or_name/100711.png,Canonical offline cache asset; jar stores these by numeric or named cache key.
offline/100713.png,offline_by_id_or_name/100713.png,Canonical offline cache asset; jar stores these by numeric or named cache key.
offline/100714.png,offline_by_id_or_name/100714.png,Canonical offline cache asset; jar stores these by numeric or named cache key.
offline/100715.png,offline_by_id_or_name/100715.png,Canonical offline cache asset; jar stores these by numeric or named cache key.
offline/100721.png,offline_by_id_or_name/100721.png,Canonical offline cache asset; jar stores these by numeric or named cache key.
offline/100723.png,offline_by_id_or_name/100723.png,Canonical offline cache asset; jar stores these by numeric or named cache key.
offline/100724.png,offline_by_id_or_name/100724.png,Canonical offline cache asset; jar stores these by numeric or named cache key.
offline/100725.png,offline_by_id_or_name/100725.png,Canonical offline cache asset; jar stores these by numeric or named cache key.
offline/100731.png,offline_by_id_or_name/100731.png,Canonical offline cache asset; jar stores these by numeric or named cache key.
offline/100733.png,offline_by_id_or_name/100733.png,Canonical offline cache asset; jar stores these by numeric or named cache key.
offline/100734.png,offline_by_id_or_name/100734.png,Canonical offline cache asset; jar stores these by numeric or named cache key.
offline/100735.png,offline_by_id_or_name/100735.png,Canonical offline cache asset; jar stores these by numeric or named cache key.
offline/100741.png,offline_by_id_or_name/100741.png,Canonical offline cache asset; jar stores these by numeric or named cache key.
offline/100743.png,offline_by_id_or_name/100743.png,Canonical offline cache asset; jar stores these by numeric or named cache key.
offline/100744.png,offline_by_id_or_name/100744.png,Canonical offline cache asset; jar stores these by numeric or named cache key.
offline/100745.png,offline_by_id_or_name/100745.png,Canonical offline cache asset; jar stores these by numeric or named cache key.
offline/100751.png,offline_by_id_or_name/100751.png,Canonical offline cache asset; jar stores these by numeric or named cache key.
offline/100753.png,offline_by_id_or_name/100753.png,Canonical offline cache asset; jar stores these by numeric or named cache key.
offline/100754.png,offline_by_id_or_name/100754.png,Canonical offline cache asset; jar stores these by numeric or named cache key.
offline/100755.png,offline_by_id_or_name/100755.png,Canonical offline cache asset; jar stores these by numeric or named cache key.
offline/100761.png,offline_by_id_or_name/100761.png,Canonical offline cache asset; jar stores these by numeric or named cache key.
offline/100763.png,offline_by_id_or_name/100763.png,Canonical offline cache asset; jar stores these by numeric or named cache key.
offline/100764.png,offline_by_id_or_name/100764.png,Canonical offline cache asset; jar stores these by numeric or named cache key.
offline/100765.png,offline_by_id_or_name/100765.png,Canonical offline cache asset; jar stores these by numeric or named cache key.
offline/100771.png,offline_by_id_or_name/100771.png,Canonical offline cache asset; jar stores these by numeric or named cache key.
offline/100773.png,offline_by_id_or_name/100773.png,Canonical offline cache asset; jar stores these by numeric or named cache key.
offline/100774.png,offline_by_id_or_name/100774.png,Canonical offline cache asset; jar stores these by numeric or named cache key.
offline/100775.png,offline_by_id_or_name/100775.png,Canonical offline cache asset; jar stores these by numeric or named cache key.
offline/100781.png,offline_by_id_or_name/100781.png,Canonical offline cache asset; jar stores these by numeric or named cache key.
offline/100783.png,offline_by_id_or_name/100783.png,Canonical offline cache asset; jar stores these by numeric or named cache key.
offline/100784.png,offline_by_id_or_name/100784.png,Canonical offline cache asset; jar stores these by numeric or named cache key.
offline/100785.png,offline_by_id_or_name/100785.png,Canonical offline cache asset; jar stores these by numeric or named cache key.
offline/1008000.png,offline_by_id_or_name/1008000.png,Canonical offline cache asset; jar stores these by numeric or named cache key.
offline/1008001.png,offline_by_id_or_name/1008001.png,Canonical offline cache asset; jar stores these by numeric or named cache key.
offline/101001.png,offline_by_id_or_name/101001.png,Canonical offline cache asset; jar stores these by numeric or named cache key.
offline/101003.png,offline_by_id_or_name/101003.png,Canonical offline cache asset; jar stores these by numeric or named cache key.
offline/101005.png,offline_by_id_or_name/101005.png,Canonical offline cache asset; jar stores these by numeric or named cache key.
offline/101011.png,offline_by_id_or_name/101011.png,Canonical offline cache asset; jar stores these by numeric or named cache key.
offline/101013.png,offline_by_id_or_name/101013.png,Canonical offline cache asset; jar stores these by numeric or named cache key.
offline/101014.png,offline_by_id_or_name/101014.png,Canonical offline cache asset; jar stores these by numeric or named cache key.
offline/101015.png,offline_by_id_or_name/101015.png,Canonical offline cache asset; jar stores these by numeric or named cache key.
offline/101021.png,offline_by_id_or_name/101021.png,Canonical offline cache asset; jar stores these by numeric or named cache key.
offline/101023.png,offline_by_id_or_name/101023.png,Canonical offline cache asset; jar stores these by numeric or named cache key.
offline/101025.png,offline_by_id_or_name/101025.png,Canonical offline cache asset; jar stores these by numeric or named cache key.
offline/101026.png,offline_by_id_or_name/101026.png,Canonical offline cache asset; jar stores these by numeric or named cache key.
offline/101031.png,offline_by_id_or_name/101031.png,Canonical offline cache asset; jar stores these by numeric or named cache key.
offline/101033.png,offline_by_id_or_name/101033.png,Canonical offline cache asset; jar stores these by numeric or named cache key.
offline/101035.png,offline_by_id_or_name/101035.png,Canonical offline cache asset; jar stores these by numeric or named cache key.
offline/101036.png,offline_by_id_or_name/101036.png,Canonical offline cache asset; jar stores these by numeric or named cache key.
offline/101041.png,offline_by_id_or_name/101041.png,Canonical offline cache asset; jar stores these by numeric or named cache key.
offline/101043.png,offline_by_id_or_name/101043.png,Canonical offline cache asset; jar stores these by numeric or named cache key.
offline/101045.png,offline_by_id_or_name/101045.png,Canonical offline cache asset; jar stores these by numeric or named cache key.
offline/101046.png,offline_by_id_or_name/101046.png,Canonical offline cache asset; jar stores these by numeric or named cache key.
offline/110000.png,offline_by_id_or_name/110000.png,Canonical offline cache asset; jar stores these by numeric or named cache key.
offline/110010.png,offline_by_id_or_name/110010.png,Canonical offline cache asset; jar stores these by numeric or named cache key.
offline/110020.png,offline_by_id_or_name/110020.png,Canonical offline cache asset; jar stores these by numeric or named cache key.
offline/110030.png,offline_by_id_or_name/110030.png,Canonical offline cache asset; jar stores these by numeric or named cache key.
offline/110040.png,offline_by_id_or_name/110040.png,Canonical offline cache asset; jar stores these by numeric or named cache key.
offline/110050.png,offline_by_id_or_name/110050.png,Canonical offline cache asset; jar stores these by numeric or named cache key.
offline/110060.png,offline_by_id_or_name/110060.png,Canonical offline cache asset; jar stores these by numeric or named cache key.
offline/110070.png,offline_by_id_or_name/110070.png,Canonical offline cache asset; jar stores these by numeric or named cache key.
offline/110080.png,offline_by_id_or_name/110080.png,Canonical offline cache asset; jar stores these by numeric or named cache key.
offline/110090.png,offline_by_id_or_name/110090.png,Canonical offline cache asset; jar stores these by numeric or named cache key.
offline/110100.png,offline_by_id_or_name/110100.png,Canonical offline cache asset; jar stores these by numeric or named cache key.
offline/110110.png,offline_by_id_or_name/110110.png,Canonical offline cache asset; jar stores these by numeric or named cache key.
offline/110120.png,offline_by_id_or_name/110120.png,Canonical offline cache asset; jar stores these by numeric or named cache key.
offline/110130.png,offline_by_id_or_name/110130.png,Canonical offline cache asset; jar stores these by numeric or named cache key.
offline/110140.png,offline_by_id_or_name/110140.png,Canonical offline cache asset; jar stores these by numeric or named cache key.
offline/110150.png,offline_by_id_or_name/110150.png,Canonical offline cache asset; jar stores these by numeric or named cache key.
offline/110160.png,offline_by_id_or_name/110160.png,Canonical offline cache asset; jar stores these by numeric or named cache key.
offline/120198.png,offline_by_id_or_name/120198.png,Canonical offline cache asset; jar stores these by numeric or named cache key.
offline/120298.png,offline_by_id_or_name/120298.png,Canonical offline cache asset; jar stores these by numeric or named cache key.
offline/120398.png,offline_by_id_or_name/120398.png,Canonical offline cache asset; jar stores these by numeric or named cache key.
offline/120498.png,offline_by_id_or_name/120498.png,Canonical offline cache asset; jar stores these by numeric or named cache key.
offline/120598.png,offline_by_id_or_name/120598.png,Canonical offline cache asset; jar stores these by numeric or named cache key.
offline/120698.png,offline_by_id_or_name/120698.png,Canonical offline cache asset; jar stores these by numeric or named cache key.
offline/120798.png,offline_by_id_or_name/120798.png,Canonical offline cache asset; jar stores these by numeric or named cache key.
offline/120898.png,offline_by_id_or_name/120898.png,Canonical offline cache asset; jar stores these by numeric or named cache key.
offline/120998.png,offline_by_id_or_name/120998.png,Canonical offline cache asset; jar stores these by numeric or named cache key.
offline/121098.png,offline_by_id_or_name/121098.png,Canonical offline cache asset; jar stores these by numeric or named cache key.
offline/121198.png,offline_by_id_or_name/121198.png,Canonical offline cache asset; jar stores these by numeric or named cache key.
offline/121298.png,offline_by_id_or_name/121298.png,Canonical offline cache asset; jar stores these by numeric or named cache key.
offline/121398.png,offline_by_id_or_name/121398.png,Canonical offline cache asset; jar stores these by numeric or named cache key.
offline/121498.png,offline_by_id_or_name/121498.png,Canonical offline cache asset; jar stores these by numeric or named cache key.
offline/121598.png,offline_by_id_or_name/121598.png,Canonical offline cache asset; jar stores these by numeric or named cache key.
offline/121698.png,offline_by_id_or_name/121698.png,Canonical offline cache asset; jar stores these by numeric or named cache key.
offline/121798.png,offline_by_id_or_name/121798.png,Canonical offline cache asset; jar stores these by numeric or named cache key.
offline/121898.png,offline_by_id_or_name/121898.png,Canonical offline cache asset; jar stores these by numeric or named cache key.
offline/121998.png,offline_by_id_or_name/121998.png,Canonical offline cache asset; jar stores these by numeric or named cache key.
offline/122098.png,offline_by_id_or_name/122098.png,Canonical offline cache asset; jar stores these by numeric or named cache key.
offline/122198.png,offline_by_id_or_name/122198.png,Canonical offline cache asset; jar stores these by numeric or named cache key.
offline/122298.png,offline_by_id_or_name/122298.png,Canonical offline cache asset; jar stores these by numeric or named cache key.
offline/122398.png,offline_by_id_or_name/122398.png,Canonical offline cache asset; jar stores these by numeric or named cache key.
offline/122498.png,offline_by_id_or_name/122498.png,Canonical offline cache asset; jar stores these by numeric or named cache key.
offline/122598.png,offline_by_id_or_name/122598.png,Canonical offline cache asset; jar stores these by numeric or named cache key.
offline/128098.png,offline_by_id_or_name/128098.png,Canonical offline cache asset; jar stores these by numeric or named cache key.
offline/128198.png,offline_by_id_or_name/128198.png,Canonical offline cache asset; jar stores these by numeric or named cache key.
offline/128298.png,offline_by_id_or_name/128298.png,Canonical offline cache asset; jar stores these by numeric or named cache key.
offline/128398.png,offline_by_id_or_name/128398.png,Canonical offline cache asset; jar stores these by numeric or named cache key.
offline/130000.png,offline_by_id_or_name/130000.png,Canonical offline cache asset; jar stores these by numeric or named cache key.
offline/130098.png,offline_by_id_or_name/130098.png,Canonical offline cache asset; jar stores these by numeric or named cache key.
offline/130100.png,offline_by_id_or_name/130100.png,Canonical offline cache asset; jar stores these by numeric or named cache key.
offline/130198.png,offline_by_id_or_name/130198.png,Canonical offline cache asset; jar stores these by numeric or named cache key.
offline/140098.png,offline_by_id_or_name/140098.png,Canonical offline cache asset; jar stores these by numeric or named cache key.
offline/200000.png,offline_by_id_or_name/200000.png,Canonical offline cache asset; jar stores these by numeric or named cache key.
offline/2000000.png,offline_by_id_or_name/2000000.png,Canonical offline cache asset; jar stores these by numeric or named cache key.
offline/2000001.png,offline_by_id_or_name/2000001.png,Canonical offline cache asset; jar stores these by numeric or named cache key.
offline/2000002.png,offline_by_id_or_name/2000002.png,Canonical offline cache asset; jar stores these by numeric or named cache key.
offline/2000003.png,offline_by_id_or_name/2000003.png,Canonical offline cache asset; jar stores these by numeric or named cache key.
offline/2001000.png,offline_by_id_or_name/2001000.png,Canonical offline cache asset; jar stores these by numeric or named cache key.
offline/2002000.png,offline_by_id_or_name/2002000.png,Canonical offline cache asset; jar stores these by numeric or named cache key.
offline/2003000.png,offline_by_id_or_name/2003000.png,Canonical offline cache asset; jar stores these by numeric or named cache key.
offline/2003001.png,offline_by_id_or_name/2003001.png,Canonical offline cache asset; jar stores these by numeric or named cache key.
offline/2003002.png,offline_by_id_or_name/2003002.png,Canonical offline cache asset; jar stores these by numeric or named cache key.
offline/2004000.png,offline_by_id_or_name/2004000.png,Canonical offline cache asset; jar stores these by numeric or named cache key.
offline/2004001.png,offline_by_id_or_name/2004001.png,Canonical offline cache asset; jar stores these by numeric or named cache key.
offline/2005000.png,offline_by_id_or_name/2005000.png,Canonical offline cache asset; jar stores these by numeric or named cache key.
offline/2005001.png,offline_by_id_or_name/2005001.png,Canonical offline cache asset; jar stores these by numeric or named cache key.
offline/2005002.png,offline_by_id_or_name/2005002.png,Canonical offline cache asset; jar stores these by numeric or named cache key.
offline/2006000.png,offline_by_id_or_name/2006000.png,Canonical offline cache asset; jar stores these by numeric or named cache key.
offline/2006001.png,offline_by_id_or_name/2006001.png,Canonical offline cache asset; jar stores these by numeric or named cache key.
offline/2007000.png,offline_by_id_or_name/2007000.png,Canonical offline cache asset; jar stores these by numeric or named cache key.
offline/2007001.png,offline_by_id_or_name/2007001.png,Canonical offline cache asset; jar stores these by numeric or named cache key.
offline/2008000.png,offline_by_id_or_name/2008000.png,Canonical offline cache asset; jar stores these by numeric or named cache key.
offline/2008001.png,offline_by_id_or_name/2008001.png,Canonical offline cache asset; jar stores these by numeric or named cache key.
offline/30098.png,offline_by_id_or_name/30098.png,Canonical offline cache asset; jar stores these by numeric or named cache key.
offline/30099.png,offline_by_id_or_name/30099.png,Canonical offline cache asset; jar stores these by numeric or named cache key.
offline/4000000.png,offline_by_id_or_name/4000000.png,Canonical offline cache asset; jar stores these by numeric or named cache key.
offline/4000001.png,offline_by_id_or_name/4000001.png,Canonical offline cache asset; jar stores these by numeric or named cache key.
offline/4000002.png,offline_by_id_or_name/4000002.png,Canonical offline cache asset; jar stores these by numeric or named cache key.
offline/4001000.png,offline_by_id_or_name/4001000.png,Canonical offline cache asset; jar stores these by numeric or named cache key.
offline/4001001.png,offline_by_id_or_name/4001001.png,Canonical offline cache asset; jar stores these by numeric or named cache key.
offline/4002000.png,offline_by_id_or_name/4002000.png,Canonical offline cache asset; jar stores these by numeric or named cache key.
offline/4002001.png,offline_by_id_or_name/4002001.png,Canonical offline cache asset; jar stores these by numeric or named cache key.
offline/4003000.png,offline_by_id_or_name/4003000.png,Canonical offline cache asset; jar stores these by numeric or named cache key.
offline/4003001.png,offline_by_id_or_name/4003001.png,Canonical offline cache asset; jar stores these by numeric or named cache key.
offline/4004000.png,offline_by_id_or_name/4004000.png,Canonical offline cache asset; jar stores these by numeric or named cache key.
offline/4004001.png,offline_by_id_or_name/4004001.png,Canonical offline cache asset; jar stores these by numeric or named cache key.
offline/4004002.png,offline_by_id_or_name/4004002.png,Canonical offline cache asset; jar stores these by numeric or named cache key.
offline/4005000.png,offline_by_id_or_name/4005000.png,Canonical offline cache asset; jar stores these by numeric or named cache key.
offline/4005001.png,offline_by_id_or_name/4005001.png,Canonical offline cache asset; jar stores these by numeric or named cache key.
offline/4006000.png,offline_by_id_or_name/4006000.png,Canonical offline cache asset; jar stores these by numeric or named cache key.
offline/4006001.png,offline_by_id_or_name/4006001.png,Canonical offline cache asset; jar stores these by numeric or named cache key.
offline/4006002.png,offline_by_id_or_name/4006002.png,Canonical offline cache asset; jar stores these by numeric or named cache key.
offline/4007000.png,offline_by_id_or_name/4007000.png,Canonical offline cache asset; jar stores these by numeric or named cache key.
offline/4007001.png,offline_by_id_or_name/4007001.png,Canonical offline cache asset; jar stores these by numeric or named cache key.
offline/4008000.png,offline_by_id_or_name/4008000.png,Canonical offline cache asset; jar stores these by numeric or named cache key.
offline/50000.png,offline_by_id_or_name/50000.png,Canonical offline cache asset; jar stores these by numeric or named cache key.
offline/50001.png,offline_by_id_or_name/50001.png,Canonical offline cache asset; jar stores these by numeric or named cache key.
offline/50002.png,offline_by_id_or_name/50002.png,Canonical offline cache asset; jar stores these by numeric or named cache key.
offline/50003.png,offline_by_id_or_name/50003.png,Canonical offline cache asset; jar stores these by numeric or named cache key.
offline/50004.png,offline_by_id_or_name/50004.png,Canonical offline cache asset; jar stores these by numeric or named cache key.
offline/50005.png,offline_by_id_or_name/50005.png,Canonical offline cache asset; jar stores these by numeric or named cache key.
offline/50006.png,offline_by_id_or_name/50006.png,Canonical offline cache asset; jar stores these by numeric or named cache key.
offline/50007.png,offline_by_id_or_name/50007.png,Canonical offline cache asset; jar stores these by numeric or named cache key.
offline/50008.png,offline_by_id_or_name/50008.png,Canonical offline cache asset; jar stores these by numeric or named cache key.
offline/50009.png,offline_by_id_or_name/50009.png,Canonical offline cache asset; jar stores these by numeric or named cache key.
offline/50100.png,offline_by_id_or_name/50100.png,Canonical offline cache asset; jar stores these by numeric or named cache key.
offline/50101.png,offline_by_id_or_name/50101.png,Canonical offline cache asset; jar stores these by numeric or named cache key.
offline/50102.png,offline_by_id_or_name/50102.png,Canonical offline cache asset; jar stores these by numeric or named cache key.
offline/50103.png,offline_by_id_or_name/50103.png,Canonical offline cache asset; jar stores these by numeric or named cache key.
offline/50104.png,offline_by_id_or_name/50104.png,Canonical offline cache asset; jar stores these by numeric or named cache key.
offline/50105.png,offline_by_id_or_name/50105.png,Canonical offline cache asset; jar stores these by numeric or named cache key.
offline/50106.png,offline_by_id_or_name/50106.png,Canonical offline cache asset; jar stores these by numeric or named cache key.
offline/50107.png,offline_by_id_or_name/50107.png,Canonical offline cache asset; jar stores these by numeric or named cache key.
offline/50108.png,offline_by_id_or_name/50108.png,Canonical offline cache asset; jar stores these by numeric or named cache key.
offline/50109.png,offline_by_id_or_name/50109.png,Canonical offline cache asset; jar stores these by numeric or named cache key.
offline/50200.png,offline_by_id_or_name/50200.png,Canonical offline cache asset; jar stores these by numeric or named cache key.
offline/50201.png,offline_by_id_or_name/50201.png,Canonical offline cache asset; jar stores these by numeric or named cache key.
offline/50202.png,offline_by_id_or_name/50202.png,Canonical offline cache asset; jar stores these by numeric or named cache key.
offline/50203.png,offline_by_id_or_name/50203.png,Canonical offline cache asset; jar stores these by numeric or named cache key.
offline/50204.png,offline_by_id_or_name/50204.png,Canonical offline cache asset; jar stores these by numeric or named cache key.
offline/50205.png,offline_by_id_or_name/50205.png,Canonical offline cache asset; jar stores these by numeric or named cache key.
offline/50206.png,offline_by_id_or_name/50206.png,Canonical offline cache asset; jar stores these by numeric or named cache key.
offline/50207.png,offline_by_id_or_name/50207.png,Canonical offline cache asset; jar stores these by numeric or named cache key.
offline/50208.png,offline_by_id_or_name/50208.png,Canonical offline cache asset; jar stores these by numeric or named cache key.
offline/50209.png,offline_by_id_or_name/50209.png,Canonical offline cache asset; jar stores these by numeric or named cache key.
offline/50300.png,offline_by_id_or_name/50300.png,Canonical offline cache asset; jar stores these by numeric or named cache key.
offline/50301.png,offline_by_id_or_name/50301.png,Canonical offline cache asset; jar stores these by numeric or named cache key.
offline/50302.png,offline_by_id_or_name/50302.png,Canonical offline cache asset; jar stores these by numeric or named cache key.
offline/50303.png,offline_by_id_or_name/50303.png,Canonical offline cache asset; jar stores these by numeric or named cache key.
offline/50304.png,offline_by_id_or_name/50304.png,Canonical offline cache asset; jar stores these by numeric or named cache key.
offline/50305.png,offline_by_id_or_name/50305.png,Canonical offline cache asset; jar stores these by numeric or named cache key.
offline/50306.png,offline_by_id_or_name/50306.png,Canonical offline cache asset; jar stores these by numeric or named cache key.
offline/50307.png,offline_by_id_or_name/50307.png,Canonical offline cache asset; jar stores these by numeric or named cache key.
offline/50308.png,offline_by_id_or_name/50308.png,Canonical offline cache asset; jar stores these by numeric or named cache key.
offline/50309.png,offline_by_id_or_name/50309.png,Canonical offline cache asset; jar stores these by numeric or named cache key.
offline/50400.png,offline_by_id_or_name/50400.png,Canonical offline cache asset; jar stores these by numeric or named cache key.
offline/50401.png,offline_by_id_or_name/50401.png,Canonical offline cache asset; jar stores these by numeric or named cache key.
offline/50402.png,offline_by_id_or_name/50402.png,Canonical offline cache asset; jar stores these by numeric or named cache key.
offline/50403.png,offline_by_id_or_name/50403.png,Canonical offline cache asset; jar stores these by numeric or named cache key.
offline/50404.png,offline_by_id_or_name/50404.png,Canonical offline cache asset; jar stores these by numeric or named cache key.
offline/50405.png,offline_by_id_or_name/50405.png,Canonical offline cache asset; jar stores these by numeric or named cache key.
offline/50406.png,offline_by_id_or_name/50406.png,Canonical offline cache asset; jar stores these by numeric or named cache key.
offline/50407.png,offline_by_id_or_name/50407.png,Canonical offline cache asset; jar stores these by numeric or named cache key.
offline/50408.png,offline_by_id_or_name/50408.png,Canonical offline cache asset; jar stores these by numeric or named cache key.
offline/50409.png,offline_by_id_or_name/50409.png,Canonical offline cache asset; jar stores these by numeric or named cache key.
offline/50500.png,offline_by_id_or_name/50500.png,Canonical offline cache asset; jar stores these by numeric or named cache key.
offline/50501.png,offline_by_id_or_name/50501.png,Canonical offline cache asset; jar stores these by numeric or named cache key.
offline/50502.png,offline_by_id_or_name/50502.png,Canonical offline cache asset; jar stores these by numeric or named cache key.
offline/50503.png,offline_by_id_or_name/50503.png,Canonical offline cache asset; jar stores these by numeric or named cache key.
offline/50504.png,offline_by_id_or_name/50504.png,Canonical offline cache asset; jar stores these by numeric or named cache key.
offline/50505.png,offline_by_id_or_name/50505.png,Canonical offline cache asset; jar stores these by numeric or named cache key.
offline/50506.png,offline_by_id_or_name/50506.png,Canonical offline cache asset; jar stores these by numeric or named cache key.
offline/50507.png,offline_by_id_or_name/50507.png,Canonical offline cache asset; jar stores these by numeric or named cache key.
offline/50508.png,offline_by_id_or_name/50508.png,Canonical offline cache asset; jar stores these by numeric or named cache key.
offline/50509.png,offline_by_id_or_name/50509.png,Canonical offline cache asset; jar stores these by numeric or named cache key.
offline/60000.png,offline_by_id_or_name/60000.png,Canonical offline cache asset; jar stores these by numeric or named cache key.
offline/60001.png,offline_by_id_or_name/60001.png,Canonical offline cache asset; jar stores these by numeric or named cache key.
offline/60002.png,offline_by_id_or_name/60002.png,Canonical offline cache asset; jar stores these by numeric or named cache key.
offline/60003.png,offline_by_id_or_name/60003.png,Canonical offline cache asset; jar stores these by numeric or named cache key.
offline/60004.png,offline_by_id_or_name/60004.png,Canonical offline cache asset; jar stores these by numeric or named cache key.
offline/60005.png,offline_by_id_or_name/60005.png,Canonical offline cache asset; jar stores these by numeric or named cache key.
offline/60006.png,offline_by_id_or_name/60006.png,Canonical offline cache asset; jar stores these by numeric or named cache key.
offline/60007.png,offline_by_id_or_name/60007.png,Canonical offline cache asset; jar stores these by numeric or named cache key.
offline/60008.png,offline_by_id_or_name/60008.png,Canonical offline cache asset; jar stores these by numeric or named cache key.
offline/60009.png,offline_by_id_or_name/60009.png,Canonical offline cache asset; jar stores these by numeric or named cache key.
offline/60100.png,offline_by_id_or_name/60100.png,Canonical offline cache asset; jar stores these by numeric or named cache key.
offline/60101.png,offline_by_id_or_name/60101.png,Canonical offline cache asset; jar stores these by numeric or named cache key.
offline/60102.png,offline_by_id_or_name/60102.png,Canonical offline cache asset; jar stores these by numeric or named cache key.
offline/60103.png,offline_by_id_or_name/60103.png,Canonical offline cache asset; jar stores these by numeric or named cache key.
offline/60104.png,offline_by_id_or_name/60104.png,Canonical offline cache asset; jar stores these by numeric or named cache key.
offline/60105.png,offline_by_id_or_name/60105.png,Canonical offline cache asset; jar stores these by numeric or named cache key.
offline/60106.png,offline_by_id_or_name/60106.png,Canonical offline cache asset; jar stores these by numeric or named cache key.
offline/60107.png,offline_by_id_or_name/60107.png,Canonical offline cache asset; jar stores these by numeric or named cache key.
offline/60108.png,offline_by_id_or_name/60108.png,Canonical offline cache asset; jar stores these by numeric or named cache key.
offline/60109.png,offline_by_id_or_name/60109.png,Canonical offline cache asset; jar stores these by numeric or named cache key.
offline/60200.png,offline_by_id_or_name/60200.png,Canonical offline cache asset; jar stores these by numeric or named cache key.
offline/60201.png,offline_by_id_or_name/60201.png,Canonical offline cache asset; jar stores these by numeric or named cache key.
offline/60202.png,offline_by_id_or_name/60202.png,Canonical offline cache asset; jar stores these by numeric or named cache key.
offline/60203.png,offline_by_id_or_name/60203.png,Canonical offline cache asset; jar stores these by numeric or named cache key.
offline/60204.png,offline_by_id_or_name/60204.png,Canonical offline cache asset; jar stores these by numeric or named cache key.
offline/60205.png,offline_by_id_or_name/60205.png,Canonical offline cache asset; jar stores these by numeric or named cache key.
offline/60206.png,offline_by_id_or_name/60206.png,Canonical offline cache asset; jar stores these by numeric or named cache key.
offline/60207.png,offline_by_id_or_name/60207.png,Canonical offline cache asset; jar stores these by numeric or named cache key.
offline/60208.png,offline_by_id_or_name/60208.png,Canonical offline cache asset; jar stores these by numeric or named cache key.
offline/60209.png,offline_by_id_or_name/60209.png,Canonical offline cache asset; jar stores these by numeric or named cache key.
offline/60300.png,offline_by_id_or_name/60300.png,Canonical offline cache asset; jar stores these by numeric or named cache key.
offline/60301.png,offline_by_id_or_name/60301.png,Canonical offline cache asset; jar stores these by numeric or named cache key.
offline/60302.png,offline_by_id_or_name/60302.png,Canonical offline cache asset; jar stores these by numeric or named cache key.
offline/60303.png,offline_by_id_or_name/60303.png,Canonical offline cache asset; jar stores these by numeric or named cache key.
offline/60304.png,offline_by_id_or_name/60304.png,Canonical offline cache asset; jar stores these by numeric or named cache key.
offline/60305.png,offline_by_id_or_name/60305.png,Canonical offline cache asset; jar stores these by numeric or named cache key.
offline/60306.png,offline_by_id_or_name/60306.png,Canonical offline cache asset; jar stores these by numeric or named cache key.
offline/60307.png,offline_by_id_or_name/60307.png,Canonical offline cache asset; jar stores these by numeric or named cache key.
offline/60308.png,offline_by_id_or_name/60308.png,Canonical offline cache asset; jar stores these by numeric or named cache key.
offline/60309.png,offline_by_id_or_name/60309.png,Canonical offline cache asset; jar stores these by numeric or named cache key.
offline/60400.png,offline_by_id_or_name/60400.png,Canonical offline cache asset; jar stores these by numeric or named cache key.
offline/60401.png,offline_by_id_or_name/60401.png,Canonical offline cache asset; jar stores these by numeric or named cache key.
offline/60402.png,offline_by_id_or_name/60402.png,Canonical offline cache asset; jar stores these by numeric or named cache key.
offline/60403.png,offline_by_id_or_name/60403.png,Canonical offline cache asset; jar stores these by numeric or named cache key.
offline/60404.png,offline_by_id_or_name/60404.png,Canonical offline cache asset; jar stores these by numeric or named cache key.
offline/60405.png,offline_by_id_or_name/60405.png,Canonical offline cache asset; jar stores these by numeric or named cache key.
offline/60406.png,offline_by_id_or_name/60406.png,Canonical offline cache asset; jar stores these by numeric or named cache key.
offline/60407.png,offline_by_id_or_name/60407.png,Canonical offline cache asset; jar stores these by numeric or named cache key.
offline/60408.png,offline_by_id_or_name/60408.png,Canonical offline cache asset; jar stores these by numeric or named cache key.
offline/60409.png,offline_by_id_or_name/60409.png,Canonical offline cache asset; jar stores these by numeric or named cache key.
offline/60500.png,offline_by_id_or_name/60500.png,Canonical offline cache asset; jar stores these by numeric or named cache key.
offline/60501.png,offline_by_id_or_name/60501.png,Canonical offline cache asset; jar stores these by numeric or named cache key.
offline/60502.png,offline_by_id_or_name/60502.png,Canonical offline cache asset; jar stores these by numeric or named cache key.
offline/60503.png,offline_by_id_or_name/60503.png,Canonical offline cache asset; jar stores these by numeric or named cache key.
offline/60504.png,offline_by_id_or_name/60504.png,Canonical offline cache asset; jar stores these by numeric or named cache key.
offline/60505.png,offline_by_id_or_name/60505.png,Canonical offline cache asset; jar stores these by numeric or named cache key.
offline/60506.png,offline_by_id_or_name/60506.png,Canonical offline cache asset; jar stores these by numeric or named cache key.
offline/60507.png,offline_by_id_or_name/60507.png,Canonical offline cache asset; jar stores these by numeric or named cache key.
offline/60508.png,offline_by_id_or_name/60508.png,Canonical offline cache asset; jar stores these by numeric or named cache key.
offline/60509.png,offline_by_id_or_name/60509.png,Canonical offline cache asset; jar stores these by numeric or named cache key.
offline/60600.png,offline_by_id_or_name/60600.png,Canonical offline cache asset; jar stores these by numeric or named cache key.
offline/60601.png,offline_by_id_or_name/60601.png,Canonical offline cache asset; jar stores these by numeric or named cache key.
offline/60602.png,offline_by_id_or_name/60602.png,Canonical offline cache asset; jar stores these by numeric or named cache key.
offline/60603.png,offline_by_id_or_name/60603.png,Canonical offline cache asset; jar stores these by numeric or named cache key.
offline/60604.png,offline_by_id_or_name/60604.png,Canonical offline cache asset; jar stores these by numeric or named cache key.
offline/60605.png,offline_by_id_or_name/60605.png,Canonical offline cache asset; jar stores these by numeric or named cache key.
offline/60606.png,offline_by_id_or_name/60606.png,Canonical offline cache asset; jar stores these by numeric or named cache key.
offline/60607.png,offline_by_id_or_name/60607.png,Canonical offline cache asset; jar stores these by numeric or named cache key.
offline/60608.png,offline_by_id_or_name/60608.png,Canonical offline cache asset; jar stores these by numeric or named cache key.
offline/60609.png,offline_by_id_or_name/60609.png,Canonical offline cache asset; jar stores these by numeric or named cache key.
offline/60700.png,offline_by_id_or_name/60700.png,Canonical offline cache asset; jar stores these by numeric or named cache key.
offline/60701.png,offline_by_id_or_name/60701.png,Canonical offline cache asset; jar stores these by numeric or named cache key.
offline/60702.png,offline_by_id_or_name/60702.png,Canonical offline cache asset; jar stores these by numeric or named cache key.
offline/60703.png,offline_by_id_or_name/60703.png,Canonical offline cache asset; jar stores these by numeric or named cache key.
offline/60704.png,offline_by_id_or_name/60704.png,Canonical offline cache asset; jar stores these by numeric or named cache key.
offline/60705.png,offline_by_id_or_name/60705.png,Canonical offline cache asset; jar stores these by numeric or named cache key.
offline/60706.png,offline_by_id_or_name/60706.png,Canonical offline cache asset; jar stores these by numeric or named cache key.
offline/60707.png,offline_by_id_or_name/60707.png,Canonical offline cache asset; jar stores these by numeric or named cache key.
offline/60708.png,offline_by_id_or_name/60708.png,Canonical offline cache asset; jar stores these by numeric or named cache key.
offline/60709.png,offline_by_id_or_name/60709.png,Canonical offline cache asset; jar stores these by numeric or named cache key.
offline/60800.png,offline_by_id_or_name/60800.png,Canonical offline cache asset; jar stores these by numeric or named cache key.
offline/60801.png,offline_by_id_or_name/60801.png,Canonical offline cache asset; jar stores these by numeric or named cache key.
offline/60802.png,offline_by_id_or_name/60802.png,Canonical offline cache asset; jar stores these by numeric or named cache key.
offline/60803.png,offline_by_id_or_name/60803.png,Canonical offline cache asset; jar stores these by numeric or named cache key.
offline/60804.png,offline_by_id_or_name/60804.png,Canonical offline cache asset; jar stores these by numeric or named cache key.
offline/60805.png,offline_by_id_or_name/60805.png,Canonical offline cache asset; jar stores these by numeric or named cache key.
offline/60806.png,offline_by_id_or_name/60806.png,Canonical offline cache asset; jar stores these by numeric or named cache key.
offline/60807.png,offline_by_id_or_name/60807.png,Canonical offline cache asset; jar stores these by numeric or named cache key.
offline/60808.png,offline_by_id_or_name/60808.png,Canonical offline cache asset; jar stores these by numeric or named cache key.
offline/60809.png,offline_by_id_or_name/60809.png,Canonical offline cache asset; jar stores these by numeric or named cache key.
offline/60900.png,offline_by_id_or_name/60900.png,Canonical offline cache asset; jar stores these by numeric or named cache key.
offline/60901.png,offline_by_id_or_name/60901.png,Canonical offline cache asset; jar stores these by numeric or named cache key.
offline/60902.png,offline_by_id_or_name/60902.png,Canonical offline cache asset; jar stores these by numeric or named cache key.
offline/60903.png,offline_by_id_or_name/60903.png,Canonical offline cache asset; jar stores these by numeric or named cache key.
offline/60904.png,offline_by_id_or_name/60904.png,Canonical offline cache asset; jar stores these by numeric or named cache key.
offline/60905.png,offline_by_id_or_name/60905.png,Canonical offline cache asset; jar stores these by numeric or named cache key.
offline/60906.png,offline_by_id_or_name/60906.png,Canonical offline cache asset; jar stores these by numeric or named cache key.
offline/60907.png,offline_by_id_or_name/60907.png,Canonical offline cache asset; jar stores these by numeric or named cache key.
offline/60908.png,offline_by_id_or_name/60908.png,Canonical offline cache asset; jar stores these by numeric or named cache key.
offline/60909.png,offline_by_id_or_name/60909.png,Canonical offline cache asset; jar stores these by numeric or named cache key.
offline/70100.png,offline_by_id_or_name/70100.png,Canonical offline cache asset; jar stores these by numeric or named cache key.
offline/70101.png,offline_by_id_or_name/70101.png,Canonical offline cache asset; jar stores these by numeric or named cache key.
offline/70102.png,offline_by_id_or_name/70102.png,Canonical offline cache asset; jar stores these by numeric or named cache key.
offline/70103.png,offline_by_id_or_name/70103.png,Canonical offline cache asset; jar stores these by numeric or named cache key.
offline/70104.png,offline_by_id_or_name/70104.png,Canonical offline cache asset; jar stores these by numeric or named cache key.
offline/70105.png,offline_by_id_or_name/70105.png,Canonical offline cache asset; jar stores these by numeric or named cache key.
offline/70106.png,offline_by_id_or_name/70106.png,Canonical offline cache asset; jar stores these by numeric or named cache key.
offline/70107.png,offline_by_id_or_name/70107.png,Canonical offline cache asset; jar stores these by numeric or named cache key.
offline/70108.png,offline_by_id_or_name/70108.png,Canonical offline cache asset; jar stores these by numeric or named cache key.
offline/70109.png,offline_by_id_or_name/70109.png,Canonical offline cache asset; jar stores these by numeric or named cache key.
offline/70198.png,offline_by_id_or_name/70198.png,Canonical offline cache asset; jar stores these by numeric or named cache key.
offline/70300.png,offline_by_id_or_name/70300.png,Canonical offline cache asset; jar stores these by numeric or named cache key.
offline/70301.png,offline_by_id_or_name/70301.png,Canonical offline cache asset; jar stores these by numeric or named cache key.
offline/70302.png,offline_by_id_or_name/70302.png,Canonical offline cache asset; jar stores these by numeric or named cache key.
offline/70303.png,offline_by_id_or_name/70303.png,Canonical offline cache asset; jar stores these by numeric or named cache key.
offline/70304.png,offline_by_id_or_name/70304.png,Canonical offline cache asset; jar stores these by numeric or named cache key.
offline/70305.png,offline_by_id_or_name/70305.png,Canonical offline cache asset; jar stores these by numeric or named cache key.
offline/70306.png,offline_by_id_or_name/70306.png,Canonical offline cache asset; jar stores these by numeric or named cache key.
offline/70307.png,offline_by_id_or_name/70307.png,Canonical offline cache asset; jar stores these by numeric or named cache key.
offline/70308.png,offline_by_id_or_name/70308.png,Canonical offline cache asset; jar stores these by numeric or named cache key.
offline/70309.png,offline_by_id_or_name/70309.png,Canonical offline cache asset; jar stores these by numeric or named cache key.
offline/70398.png,offline_by_id_or_name/70398.png,Canonical offline cache asset; jar stores these by numeric or named cache key.
offline/70700.png,offline_by_id_or_name/70700.png,Canonical offline cache asset; jar stores these by numeric or named cache key.
offline/70701.png,offline_by_id_or_name/70701.png,Canonical offline cache asset; jar stores these by numeric or named cache key.
offline/70702.png,offline_by_id_or_name/70702.png,Canonical offline cache asset; jar stores these by numeric or named cache key.
offline/70703.png,offline_by_id_or_name/70703.png,Canonical offline cache asset; jar stores these by numeric or named cache key.
offline/70704.png,offline_by_id_or_name/70704.png,Canonical offline cache asset; jar stores these by numeric or named cache key.
offline/70705.png,offline_by_id_or_name/70705.png,Canonical offline cache asset; jar stores these by numeric or named cache key.
offline/70706.png,offline_by_id_or_name/70706.png,Canonical offline cache asset; jar stores these by numeric or named cache key.
offline/70707.png,offline_by_id_or_name/70707.png,Canonical offline cache asset; jar stores these by numeric or named cache key.
offline/70708.png,offline_by_id_or_name/70708.png,Canonical offline cache asset; jar stores these by numeric or named cache key.
offline/70709.png,offline_by_id_or_name/70709.png,Canonical offline cache asset; jar stores these by numeric or named cache key.
offline/70798.png,offline_by_id_or_name/70798.png,Canonical offline cache asset; jar stores these by numeric or named cache key.
offline/71200.png,offline_by_id_or_name/71200.png,Canonical offline cache asset; jar stores these by numeric or named cache key.
offline/71201.png,offline_by_id_or_name/71201.png,Canonical offline cache asset; jar stores these by numeric or named cache key.
offline/71202.png,offline_by_id_or_name/71202.png,Canonical offline cache asset; jar stores these by numeric or named cache key.
offline/71203.png,offline_by_id_or_name/71203.png,Canonical offline cache asset; jar stores these by numeric or named cache key.
offline/71204.png,offline_by_id_or_name/71204.png,Canonical offline cache asset; jar stores these by numeric or named cache key.
offline/71205.png,offline_by_id_or_name/71205.png,Canonical offline cache asset; jar stores these by numeric or named cache key.
offline/71206.png,offline_by_id_or_name/71206.png,Canonical offline cache asset; jar stores these by numeric or named cache key.
offline/71207.png,offline_by_id_or_name/71207.png,Canonical offline cache asset; jar stores these by numeric or named cache key.
offline/71208.png,offline_by_id_or_name/71208.png,Canonical offline cache asset; jar stores these by numeric or named cache key.
offline/71209.png,offline_by_id_or_name/71209.png,Canonical offline cache asset; jar stores these by numeric or named cache key.
offline/71298.png,offline_by_id_or_name/71298.png,Canonical offline cache asset; jar stores these by numeric or named cache key.
offline/71300.png,offline_by_id_or_name/71300.png,Canonical offline cache asset; jar stores these by numeric or named cache key.
offline/71301.png,offline_by_id_or_name/71301.png,Canonical offline cache asset; jar stores these by numeric or named cache key.
offline/71302.png,offline_by_id_or_name/71302.png,Canonical offline cache asset; jar stores these by numeric or named cache key.
offline/71303.png,offline_by_id_or_name/71303.png,Canonical offline cache asset; jar stores these by numeric or named cache key.
offline/71304.png,offline_by_id_or_name/71304.png,Canonical offline cache asset; jar stores these by numeric or named cache key.
offline/71305.png,offline_by_id_or_name/71305.png,Canonical offline cache asset; jar stores these by numeric or named cache key.
offline/71306.png,offline_by_id_or_name/71306.png,Canonical offline cache asset; jar stores these by numeric or named cache key.
offline/71307.png,offline_by_id_or_name/71307.png,Canonical offline cache asset; jar stores these by numeric or named cache key.
offline/71308.png,offline_by_id_or_name/71308.png,Canonical offline cache asset; jar stores these by numeric or named cache key.
offline/71309.png,offline_by_id_or_name/71309.png,Canonical offline cache asset; jar stores these by numeric or named cache key.
offline/71398.png,offline_by_id_or_name/71398.png,Canonical offline cache asset; jar stores these by numeric or named cache key.
offline/71400.png,offline_by_id_or_name/71400.png,Canonical offline cache asset; jar stores these by numeric or named cache key.
offline/71401.png,offline_by_id_or_name/71401.png,Canonical offline cache asset; jar stores these by numeric or named cache key.
offline/71402.png,offline_by_id_or_name/71402.png,Canonical offline cache asset; jar stores these by numeric or named cache key.
offline/71403.png,offline_by_id_or_name/71403.png,Canonical offline cache asset; jar stores these by numeric or named cache key.
offline/71404.png,offline_by_id_or_name/71404.png,Canonical offline cache asset; jar stores these by numeric or named cache key.
offline/71405.png,offline_by_id_or_name/71405.png,Canonical offline cache asset; jar stores these by numeric or named cache key.
offline/71406.png,offline_by_id_or_name/71406.png,Canonical offline cache asset; jar stores these by numeric or named cache key.
offline/71407.png,offline_by_id_or_name/71407.png,Canonical offline cache asset; jar stores these by numeric or named cache key.
offline/71408.png,offline_by_id_or_name/71408.png,Canonical offline cache asset; jar stores these by numeric or named cache key.
offline/71409.png,offline_by_id_or_name/71409.png,Canonical offline cache asset; jar stores these by numeric or named cache key.
offline/71498.png,offline_by_id_or_name/71498.png,Canonical offline cache asset; jar stores these by numeric or named cache key.
offline/71600.png,offline_by_id_or_name/71600.png,Canonical offline cache asset; jar stores these by numeric or named cache key.
offline/71601.png,offline_by_id_or_name/71601.png,Canonical offline cache asset; jar stores these by numeric or named cache key.
offline/71602.png,offline_by_id_or_name/71602.png,Canonical offline cache asset; jar stores these by numeric or named cache key.
offline/71603.png,offline_by_id_or_name/71603.png,Canonical offline cache asset; jar stores these by numeric or named cache key.
offline/71604.png,offline_by_id_or_name/71604.png,Canonical offline cache asset; jar stores these by numeric or named cache key.
offline/71605.png,offline_by_id_or_name/71605.png,Canonical offline cache asset; jar stores these by numeric or named cache key.
offline/71606.png,offline_by_id_or_name/71606.png,Canonical offline cache asset; jar stores these by numeric or named cache key.
offline/71607.png,offline_by_id_or_name/71607.png,Canonical offline cache asset; jar stores these by numeric or named cache key.
offline/71608.png,offline_by_id_or_name/71608.png,Canonical offline cache asset; jar stores these by numeric or named cache key.
offline/71609.png,offline_by_id_or_name/71609.png,Canonical offline cache asset; jar stores these by numeric or named cache key.
offline/71698.png,offline_by_id_or_name/71698.png,Canonical offline cache asset; jar stores these by numeric or named cache key.
offline/71700.png,offline_by_id_or_name/71700.png,Canonical offline cache asset; jar stores these by numeric or named cache key.
offline/71701.png,offline_by_id_or_name/71701.png,Canonical offline cache asset; jar stores these by numeric or named cache key.
offline/71702.png,offline_by_id_or_name/71702.png,Canonical offline cache asset; jar stores these by numeric or named cache key.
offline/71703.png,offline_by_id_or_name/71703.png,Canonical offline cache asset; jar stores these by numeric or named cache key.
offline/71704.png,offline_by_id_or_name/71704.png,Canonical offline cache asset; jar stores these by numeric or named cache key.
offline/71705.png,offline_by_id_or_name/71705.png,Canonical offline cache asset; jar stores these by numeric or named cache key.
offline/71706.png,offline_by_id_or_name/71706.png,Canonical offline cache asset; jar stores these by numeric or named cache key.
offline/71707.png,offline_by_id_or_name/71707.png,Canonical offline cache asset; jar stores these by numeric or named cache key.
offline/71708.png,offline_by_id_or_name/71708.png,Canonical offline cache asset; jar stores these by numeric or named cache key.
offline/71709.png,offline_by_id_or_name/71709.png,Canonical offline cache asset; jar stores these by numeric or named cache key.
offline/71798.png,offline_by_id_or_name/71798.png,Canonical offline cache asset; jar stores these by numeric or named cache key.
offline/71800.png,offline_by_id_or_name/71800.png,Canonical offline cache asset; jar stores these by numeric or named cache key.
offline/71801.png,offline_by_id_or_name/71801.png,Canonical offline cache asset; jar stores these by numeric or named cache key.
offline/71802.png,offline_by_id_or_name/71802.png,Canonical offline cache asset; jar stores these by numeric or named cache key.
offline/71803.png,offline_by_id_or_name/71803.png,Canonical offline cache asset; jar stores these by numeric or named cache key.
offline/71804.png,offline_by_id_or_name/71804.png,Canonical offline cache asset; jar stores these by numeric or named cache key.
offline/71805.png,offline_by_id_or_name/71805.png,Canonical offline cache asset; jar stores these by numeric or named cache key.
offline/71806.png,offline_by_id_or_name/71806.png,Canonical offline cache asset; jar stores these by numeric or named cache key.
offline/71807.png,offline_by_id_or_name/71807.png,Canonical offline cache asset; jar stores these by numeric or named cache key.
offline/71808.png,offline_by_id_or_name/71808.png,Canonical offline cache asset; jar stores these by numeric or named cache key.
offline/71809.png,offline_by_id_or_name/71809.png,Canonical offline cache asset; jar stores these by numeric or named cache key.
offline/71898.png,offline_by_id_or_name/71898.png,Canonical offline cache asset; jar stores these by numeric or named cache key.
offline/72000.png,offline_by_id_or_name/72000.png,Canonical offline cache asset; jar stores these by numeric or named cache key.
offline/72001.png,offline_by_id_or_name/72001.png,Canonical offline cache asset; jar stores these by numeric or named cache key.
offline/72002.png,offline_by_id_or_name/72002.png,Canonical offline cache asset; jar stores these by numeric or named cache key.
offline/72003.png,offline_by_id_or_name/72003.png,Canonical offline cache asset; jar stores these by numeric or named cache key.
offline/72004.png,offline_by_id_or_name/72004.png,Canonical offline cache asset; jar stores these by numeric or named cache key.
offline/72005.png,offline_by_id_or_name/72005.png,Canonical offline cache asset; jar stores these by numeric or named cache key.
offline/72006.png,offline_by_id_or_name/72006.png,Canonical offline cache asset; jar stores these by numeric or named cache key.
offline/72007.png,offline_by_id_or_name/72007.png,Canonical offline cache asset; jar stores these by numeric or named cache key.
offline/72008.png,offline_by_id_or_name/72008.png,Canonical offline cache asset; jar stores these by numeric or named cache key.
offline/72009.png,offline_by_id_or_name/72009.png,Canonical offline cache asset; jar stores these by numeric or named cache key.
offline/72098.png,offline_by_id_or_name/72098.png,Canonical offline cache asset; jar stores these by numeric or named cache key.
offline/72400.png,offline_by_id_or_name/72400.png,Canonical offline cache asset; jar stores these by numeric or named cache key.
offline/72401.png,offline_by_id_or_name/72401.png,Canonical offline cache asset; jar stores these by numeric or named cache key.
offline/72402.png,offline_by_id_or_name/72402.png,Canonical offline cache asset; jar stores these by numeric or named cache key.
offline/72403.png,offline_by_id_or_name/72403.png,Canonical offline cache asset; jar stores these by numeric or named cache key.
offline/72404.png,offline_by_id_or_name/72404.png,Canonical offline cache asset; jar stores these by numeric or named cache key.
offline/72405.png,offline_by_id_or_name/72405.png,Canonical offline cache asset; jar stores these by numeric or named cache key.
offline/72406.png,offline_by_id_or_name/72406.png,Canonical offline cache asset; jar stores these by numeric or named cache key.
offline/72407.png,offline_by_id_or_name/72407.png,Canonical offline cache asset; jar stores these by numeric or named cache key.
offline/72408.png,offline_by_id_or_name/72408.png,Canonical offline cache asset; jar stores these by numeric or named cache key.
offline/72409.png,offline_by_id_or_name/72409.png,Canonical offline cache asset; jar stores these by numeric or named cache key.
offline/72498.png,offline_by_id_or_name/72498.png,Canonical offline cache asset; jar stores these by numeric or named cache key.
offline/72500.png,offline_by_id_or_name/72500.png,Canonical offline cache asset; jar stores these by numeric or named cache key.
offline/72501.png,offline_by_id_or_name/72501.png,Canonical offline cache asset; jar stores these by numeric or named cache key.
offline/72502.png,offline_by_id_or_name/72502.png,Canonical offline cache asset; jar stores these by numeric or named cache key.
offline/72503.png,offline_by_id_or_name/72503.png,Canonical offline cache asset; jar stores these by numeric or named cache key.
offline/72504.png,offline_by_id_or_name/72504.png,Canonical offline cache asset; jar stores these by numeric or named cache key.
offline/72505.png,offline_by_id_or_name/72505.png,Canonical offline cache asset; jar stores these by numeric or named cache key.
offline/72506.png,offline_by_id_or_name/72506.png,Canonical offline cache asset; jar stores these by numeric or named cache key.
offline/72507.png,offline_by_id_or_name/72507.png,Canonical offline cache asset; jar stores these by numeric or named cache key.
offline/72508.png,offline_by_id_or_name/72508.png,Canonical offline cache asset; jar stores these by numeric or named cache key.
offline/72509.png,offline_by_id_or_name/72509.png,Canonical offline cache asset; jar stores these by numeric or named cache key.
offline/72598.png,offline_by_id_or_name/72598.png,Canonical offline cache asset; jar stores these by numeric or named cache key.
offline/74000.png,offline_by_id_or_name/74000.png,Canonical offline cache asset; jar stores these by numeric or named cache key.
offline/74001.png,offline_by_id_or_name/74001.png,Canonical offline cache asset; jar stores these by numeric or named cache key.
offline/74002.png,offline_by_id_or_name/74002.png,Canonical offline cache asset; jar stores these by numeric or named cache key.
offline/74003.png,offline_by_id_or_name/74003.png,Canonical offline cache asset; jar stores these by numeric or named cache key.
offline/74004.png,offline_by_id_or_name/74004.png,Canonical offline cache asset; jar stores these by numeric or named cache key.
offline/74005.png,offline_by_id_or_name/74005.png,Canonical offline cache asset; jar stores these by numeric or named cache key.
offline/74006.png,offline_by_id_or_name/74006.png,Canonical offline cache asset; jar stores these by numeric or named cache key.
offline/74007.png,offline_by_id_or_name/74007.png,Canonical offline cache asset; jar stores these by numeric or named cache key.
offline/74008.png,offline_by_id_or_name/74008.png,Canonical offline cache asset; jar stores these by numeric or named cache key.
offline/74009.png,offline_by_id_or_name/74009.png,Canonical offline cache asset; jar stores these by numeric or named cache key.
offline/74098.png,offline_by_id_or_name/74098.png,Canonical offline cache asset; jar stores these by numeric or named cache key.
offline/74100.png,offline_by_id_or_name/74100.png,Canonical offline cache asset; jar stores these by numeric or named cache key.
offline/74101.png,offline_by_id_or_name/74101.png,Canonical offline cache asset; jar stores these by numeric or named cache key.
offline/74102.png,offline_by_id_or_name/74102.png,Canonical offline cache asset; jar stores these by numeric or named cache key.
offline/74103.png,offline_by_id_or_name/74103.png,Canonical offline cache asset; jar stores these by numeric or named cache key.
offline/74104.png,offline_by_id_or_name/74104.png,Canonical offline cache asset; jar stores these by numeric or named cache key.
offline/74105.png,offline_by_id_or_name/74105.png,Canonical offline cache asset; jar stores these by numeric or named cache key.
offline/74106.png,offline_by_id_or_name/74106.png,Canonical offline cache asset; jar stores these by numeric or named cache key.
offline/74107.png,offline_by_id_or_name/74107.png,Canonical offline cache asset; jar stores these by numeric or named cache key.
offline/74108.png,offline_by_id_or_name/74108.png,Canonical offline cache asset; jar stores these by numeric or named cache key.
offline/74109.png,offline_by_id_or_name/74109.png,Canonical offline cache asset; jar stores these by numeric or named cache key.
offline/74198.png,offline_by_id_or_name/74198.png,Canonical offline cache asset; jar stores these by numeric or named cache key.
offline/74200.png,offline_by_id_or_name/74200.png,Canonical offline cache asset; jar stores these by numeric or named cache key.
offline/74201.png,offline_by_id_or_name/74201.png,Canonical offline cache asset; jar stores these by numeric or named cache key.
offline/74202.png,offline_by_id_or_name/74202.png,Canonical offline cache asset; jar stores these by numeric or named cache key.
offline/74203.png,offline_by_id_or_name/74203.png,Canonical offline cache asset; jar stores these by numeric or named cache key.
offline/74204.png,offline_by_id_or_name/74204.png,Canonical offline cache asset; jar stores these by numeric or named cache key.
offline/74205.png,offline_by_id_or_name/74205.png,Canonical offline cache asset; jar stores these by numeric or named cache key.
offline/74206.png,offline_by_id_or_name/74206.png,Canonical offline cache asset; jar stores these by numeric or named cache key.
offline/74207.png,offline_by_id_or_name/74207.png,Canonical offline cache asset; jar stores these by numeric or named cache key.
offline/74208.png,offline_by_id_or_name/74208.png,Canonical offline cache asset; jar stores these by numeric or named cache key.
offline/74209.png,offline_by_id_or_name/74209.png,Canonical offline cache asset; jar stores these by numeric or named cache key.
offline/74298.png,offline_by_id_or_name/74298.png,Canonical offline cache asset; jar stores these by numeric or named cache key.
offline/74300.png,offline_by_id_or_name/74300.png,Canonical offline cache asset; jar stores these by numeric or named cache key.
offline/74301.png,offline_by_id_or_name/74301.png,Canonical offline cache asset; jar stores these by numeric or named cache key.
offline/74302.png,offline_by_id_or_name/74302.png,Canonical offline cache asset; jar stores these by numeric or named cache key.
offline/74303.png,offline_by_id_or_name/74303.png,Canonical offline cache asset; jar stores these by numeric or named cache key.
offline/74304.png,offline_by_id_or_name/74304.png,Canonical offline cache asset; jar stores these by numeric or named cache key.
offline/74305.png,offline_by_id_or_name/74305.png,Canonical offline cache asset; jar stores these by numeric or named cache key.
offline/74306.png,offline_by_id_or_name/74306.png,Canonical offline cache asset; jar stores these by numeric or named cache key.
offline/74307.png,offline_by_id_or_name/74307.png,Canonical offline cache asset; jar stores these by numeric or named cache key.
offline/74308.png,offline_by_id_or_name/74308.png,Canonical offline cache asset; jar stores these by numeric or named cache key.
offline/74309.png,offline_by_id_or_name/74309.png,Canonical offline cache asset; jar stores these by numeric or named cache key.
offline/74398.png,offline_by_id_or_name/74398.png,Canonical offline cache asset; jar stores these by numeric or named cache key.
offline/75100.png,offline_by_id_or_name/75100.png,Canonical offline cache asset; jar stores these by numeric or named cache key.
offline/75101.png,offline_by_id_or_name/75101.png,Canonical offline cache asset; jar stores these by numeric or named cache key.
offline/75102.png,offline_by_id_or_name/75102.png,Canonical offline cache asset; jar stores these by numeric or named cache key.
offline/75103.png,offline_by_id_or_name/75103.png,Canonical offline cache asset; jar stores these by numeric or named cache key.
offline/75104.png,offline_by_id_or_name/75104.png,Canonical offline cache asset; jar stores these by numeric or named cache key.
offline/75105.png,offline_by_id_or_name/75105.png,Canonical offline cache asset; jar stores these by numeric or named cache key.
offline/75106.png,offline_by_id_or_name/75106.png,Canonical offline cache asset; jar stores these by numeric or named cache key.
offline/75107.png,offline_by_id_or_name/75107.png,Canonical offline cache asset; jar stores these by numeric or named cache key.
offline/75108.png,offline_by_id_or_name/75108.png,Canonical offline cache asset; jar stores these by numeric or named cache key.
offline/75109.png,offline_by_id_or_name/75109.png,Canonical offline cache asset; jar stores these by numeric or named cache key.
offline/75198.png,offline_by_id_or_name/75198.png,Canonical offline cache asset; jar stores these by numeric or named cache key.
offline/75300.png,offline_by_id_or_name/75300.png,Canonical offline cache asset; jar stores these by numeric or named cache key.
offline/75301.png,offline_by_id_or_name/75301.png,Canonical offline cache asset; jar stores these by numeric or named cache key.
offline/75302.png,offline_by_id_or_name/75302.png,Canonical offline cache asset; jar stores these by numeric or named cache key.
offline/75303.png,offline_by_id_or_name/75303.png,Canonical offline cache asset; jar stores these by numeric or named cache key.
offline/75304.png,offline_by_id_or_name/75304.png,Canonical offline cache asset; jar stores these by numeric or named cache key.
offline/75305.png,offline_by_id_or_name/75305.png,Canonical offline cache asset; jar stores these by numeric or named cache key.
offline/75306.png,offline_by_id_or_name/75306.png,Canonical offline cache asset; jar stores these by numeric or named cache key.
offline/75307.png,offline_by_id_or_name/75307.png,Canonical offline cache asset; jar stores these by numeric or named cache key.
offline/75308.png,offline_by_id_or_name/75308.png,Canonical offline cache asset; jar stores these by numeric or named cache key.
offline/75309.png,offline_by_id_or_name/75309.png,Canonical offline cache asset; jar stores these by numeric or named cache key.
offline/75398.png,offline_by_id_or_name/75398.png,Canonical offline cache asset; jar stores these by numeric or named cache key.
offline/75400.png,offline_by_id_or_name/75400.png,Canonical offline cache asset; jar stores these by numeric or named cache key.
offline/75401.png,offline_by_id_or_name/75401.png,Canonical offline cache asset; jar stores these by numeric or named cache key.
offline/75402.png,offline_by_id_or_name/75402.png,Canonical offline cache asset; jar stores these by numeric or named cache key.
offline/75403.png,offline_by_id_or_name/75403.png,Canonical offline cache asset; jar stores these by numeric or named cache key.
offline/75404.png,offline_by_id_or_name/75404.png,Canonical offline cache asset; jar stores these by numeric or named cache key.
offline/75405.png,offline_by_id_or_name/75405.png,Canonical offline cache asset; jar stores these by numeric or named cache key.
offline/75406.png,offline_by_id_or_name/75406.png,Canonical offline cache asset; jar stores these by numeric or named cache key.
offline/75407.png,offline_by_id_or_name/75407.png,Canonical offline cache asset; jar stores these by numeric or named cache key.
offline/75408.png,offline_by_id_or_name/75408.png,Canonical offline cache asset; jar stores these by numeric or named cache key.
offline/75409.png,offline_by_id_or_name/75409.png,Canonical offline cache asset; jar stores these by numeric or named cache key.
offline/75498.png,offline_by_id_or_name/75498.png,Canonical offline cache asset; jar stores these by numeric or named cache key.
offline/75600.png,offline_by_id_or_name/75600.png,Canonical offline cache asset; jar stores these by numeric or named cache key.
offline/75601.png,offline_by_id_or_name/75601.png,Canonical offline cache asset; jar stores these by numeric or named cache key.
offline/75602.png,offline_by_id_or_name/75602.png,Canonical offline cache asset; jar stores these by numeric or named cache key.
offline/75603.png,offline_by_id_or_name/75603.png,Canonical offline cache asset; jar stores these by numeric or named cache key.
offline/75604.png,offline_by_id_or_name/75604.png,Canonical offline cache asset; jar stores these by numeric or named cache key.
offline/75605.png,offline_by_id_or_name/75605.png,Canonical offline cache asset; jar stores these by numeric or named cache key.
offline/75606.png,offline_by_id_or_name/75606.png,Canonical offline cache asset; jar stores these by numeric or named cache key.
offline/75607.png,offline_by_id_or_name/75607.png,Canonical offline cache asset; jar stores these by numeric or named cache key.
offline/75608.png,offline_by_id_or_name/75608.png,Canonical offline cache asset; jar stores these by numeric or named cache key.
offline/75609.png,offline_by_id_or_name/75609.png,Canonical offline cache asset; jar stores these by numeric or named cache key.
offline/75698.png,offline_by_id_or_name/75698.png,Canonical offline cache asset; jar stores these by numeric or named cache key.
offline/75800.png,offline_by_id_or_name/75800.png,Canonical offline cache asset; jar stores these by numeric or named cache key.
offline/75801.png,offline_by_id_or_name/75801.png,Canonical offline cache asset; jar stores these by numeric or named cache key.
offline/75802.png,offline_by_id_or_name/75802.png,Canonical offline cache asset; jar stores these by numeric or named cache key.
offline/75803.png,offline_by_id_or_name/75803.png,Canonical offline cache asset; jar stores these by numeric or named cache key.
offline/75804.png,offline_by_id_or_name/75804.png,Canonical offline cache asset; jar stores these by numeric or named cache key.
offline/75805.png,offline_by_id_or_name/75805.png,Canonical offline cache asset; jar stores these by numeric or named cache key.
offline/75806.png,offline_by_id_or_name/75806.png,Canonical offline cache asset; jar stores these by numeric or named cache key.
offline/75807.png,offline_by_id_or_name/75807.png,Canonical offline cache asset; jar stores these by numeric or named cache key.
offline/75808.png,offline_by_id_or_name/75808.png,Canonical offline cache asset; jar stores these by numeric or named cache key.
offline/75809.png,offline_by_id_or_name/75809.png,Canonical offline cache asset; jar stores these by numeric or named cache key.
offline/75898.png,offline_by_id_or_name/75898.png,Canonical offline cache asset; jar stores these by numeric or named cache key.
offline/76200.png,offline_by_id_or_name/76200.png,Canonical offline cache asset; jar stores these by numeric or named cache key.
offline/76201.png,offline_by_id_or_name/76201.png,Canonical offline cache asset; jar stores these by numeric or named cache key.
offline/76202.png,offline_by_id_or_name/76202.png,Canonical offline cache asset; jar stores these by numeric or named cache key.
offline/76203.png,offline_by_id_or_name/76203.png,Canonical offline cache asset; jar stores these by numeric or named cache key.
offline/76204.png,offline_by_id_or_name/76204.png,Canonical offline cache asset; jar stores these by numeric or named cache key.
offline/76205.png,offline_by_id_or_name/76205.png,Canonical offline cache asset; jar stores these by numeric or named cache key.
offline/76206.png,offline_by_id_or_name/76206.png,Canonical offline cache asset; jar stores these by numeric or named cache key.
offline/76207.png,offline_by_id_or_name/76207.png,Canonical offline cache asset; jar stores these by numeric or named cache key.
offline/76208.png,offline_by_id_or_name/76208.png,Canonical offline cache asset; jar stores these by numeric or named cache key.
offline/76209.png,offline_by_id_or_name/76209.png,Canonical offline cache asset; jar stores these by numeric or named cache key.
offline/76298.png,offline_by_id_or_name/76298.png,Canonical offline cache asset; jar stores these by numeric or named cache key.
offline/76400.png,offline_by_id_or_name/76400.png,Canonical offline cache asset; jar stores these by numeric or named cache key.
offline/76401.png,offline_by_id_or_name/76401.png,Canonical offline cache asset; jar stores these by numeric or named cache key.
offline/76402.png,offline_by_id_or_name/76402.png,Canonical offline cache asset; jar stores these by numeric or named cache key.
offline/76403.png,offline_by_id_or_name/76403.png,Canonical offline cache asset; jar stores these by numeric or named cache key.
offline/76404.png,offline_by_id_or_name/76404.png,Canonical offline cache asset; jar stores these by numeric or named cache key.
offline/76405.png,offline_by_id_or_name/76405.png,Canonical offline cache asset; jar stores these by numeric or named cache key.
offline/76406.png,offline_by_id_or_name/76406.png,Canonical offline cache asset; jar stores these by numeric or named cache key.
offline/76407.png,offline_by_id_or_name/76407.png,Canonical offline cache asset; jar stores these by numeric or named cache key.
offline/76408.png,offline_by_id_or_name/76408.png,Canonical offline cache asset; jar stores these by numeric or named cache key.
offline/76409.png,offline_by_id_or_name/76409.png,Canonical offline cache asset; jar stores these by numeric or named cache key.
offline/76498.png,offline_by_id_or_name/76498.png,Canonical offline cache asset; jar stores these by numeric or named cache key.
offline/76500.png,offline_by_id_or_name/76500.png,Canonical offline cache asset; jar stores these by numeric or named cache key.
offline/76501.png,offline_by_id_or_name/76501.png,Canonical offline cache asset; jar stores these by numeric or named cache key.
offline/76502.png,offline_by_id_or_name/76502.png,Canonical offline cache asset; jar stores these by numeric or named cache key.
offline/76503.png,offline_by_id_or_name/76503.png,Canonical offline cache asset; jar stores these by numeric or named cache key.
offline/76504.png,offline_by_id_or_name/76504.png,Canonical offline cache asset; jar stores these by numeric or named cache key.
offline/76505.png,offline_by_id_or_name/76505.png,Canonical offline cache asset; jar stores these by numeric or named cache key.
offline/76506.png,offline_by_id_or_name/76506.png,Canonical offline cache asset; jar stores these by numeric or named cache key.
offline/76507.png,offline_by_id_or_name/76507.png,Canonical offline cache asset; jar stores these by numeric or named cache key.
offline/76508.png,offline_by_id_or_name/76508.png,Canonical offline cache asset; jar stores these by numeric or named cache key.
offline/76509.png,offline_by_id_or_name/76509.png,Canonical offline cache asset; jar stores these by numeric or named cache key.
offline/76598.png,offline_by_id_or_name/76598.png,Canonical offline cache asset; jar stores these by numeric or named cache key.
offline/76600.png,offline_by_id_or_name/76600.png,Canonical offline cache asset; jar stores these by numeric or named cache key.
offline/76601.png,offline_by_id_or_name/76601.png,Canonical offline cache asset; jar stores these by numeric or named cache key.
offline/76602.png,offline_by_id_or_name/76602.png,Canonical offline cache asset; jar stores these by numeric or named cache key.
offline/76603.png,offline_by_id_or_name/76603.png,Canonical offline cache asset; jar stores these by numeric or named cache key.
offline/76604.png,offline_by_id_or_name/76604.png,Canonical offline cache asset; jar stores these by numeric or named cache key.
offline/76605.png,offline_by_id_or_name/76605.png,Canonical offline cache asset; jar stores these by numeric or named cache key.
offline/76606.png,offline_by_id_or_name/76606.png,Canonical offline cache asset; jar stores these by numeric or named cache key.
offline/76607.png,offline_by_id_or_name/76607.png,Canonical offline cache asset; jar stores these by numeric or named cache key.
offline/76608.png,offline_by_id_or_name/76608.png,Canonical offline cache asset; jar stores these by numeric or named cache key.
offline/76609.png,offline_by_id_or_name/76609.png,Canonical offline cache asset; jar stores these by numeric or named cache key.
offline/76698.png,offline_by_id_or_name/76698.png,Canonical offline cache asset; jar stores these by numeric or named cache key.
offline/76700.png,offline_by_id_or_name/76700.png,Canonical offline cache asset; jar stores these by numeric or named cache key.
offline/76701.png,offline_by_id_or_name/76701.png,Canonical offline cache asset; jar stores these by numeric or named cache key.
offline/76702.png,offline_by_id_or_name/76702.png,Canonical offline cache asset; jar stores these by numeric or named cache key.
offline/76703.png,offline_by_id_or_name/76703.png,Canonical offline cache asset; jar stores these by numeric or named cache key.
offline/76704.png,offline_by_id_or_name/76704.png,Canonical offline cache asset; jar stores these by numeric or named cache key.
offline/76705.png,offline_by_id_or_name/76705.png,Canonical offline cache asset; jar stores these by numeric or named cache key.
offline/76706.png,offline_by_id_or_name/76706.png,Canonical offline cache asset; jar stores these by numeric or named cache key.
offline/76707.png,offline_by_id_or_name/76707.png,Canonical offline cache asset; jar stores these by numeric or named cache key.
offline/76708.png,offline_by_id_or_name/76708.png,Canonical offline cache asset; jar stores these by numeric or named cache key.
offline/76709.png,offline_by_id_or_name/76709.png,Canonical offline cache asset; jar stores these by numeric or named cache key.
offline/76798.png,offline_by_id_or_name/76798.png,Canonical offline cache asset; jar stores these by numeric or named cache key.
offline/77100.png,offline_by_id_or_name/77100.png,Canonical offline cache asset; jar stores these by numeric or named cache key.
offline/77101.png,offline_by_id_or_name/77101.png,Canonical offline cache asset; jar stores these by numeric or named cache key.
offline/77102.png,offline_by_id_or_name/77102.png,Canonical offline cache asset; jar stores these by numeric or named cache key.
offline/77103.png,offline_by_id_or_name/77103.png,Canonical offline cache asset; jar stores these by numeric or named cache key.
offline/77104.png,offline_by_id_or_name/77104.png,Canonical offline cache asset; jar stores these by numeric or named cache key.
offline/77105.png,offline_by_id_or_name/77105.png,Canonical offline cache asset; jar stores these by numeric or named cache key.
offline/77106.png,offline_by_id_or_name/77106.png,Canonical offline cache asset; jar stores these by numeric or named cache key.
offline/77107.png,offline_by_id_or_name/77107.png,Canonical offline cache asset; jar stores these by numeric or named cache key.
offline/77108.png,offline_by_id_or_name/77108.png,Canonical offline cache asset; jar stores these by numeric or named cache key.
offline/77109.png,offline_by_id_or_name/77109.png,Canonical offline cache asset; jar stores these by numeric or named cache key.
offline/77198.png,offline_by_id_or_name/77198.png,Canonical offline cache asset; jar stores these by numeric or named cache key.
offline/77400.png,offline_by_id_or_name/77400.png,Canonical offline cache asset; jar stores these by numeric or named cache key.
offline/77401.png,offline_by_id_or_name/77401.png,Canonical offline cache asset; jar stores these by numeric or named cache key.
offline/77402.png,offline_by_id_or_name/77402.png,Canonical offline cache asset; jar stores these by numeric or named cache key.
offline/77403.png,offline_by_id_or_name/77403.png,Canonical offline cache asset; jar stores these by numeric or named cache key.
offline/77404.png,offline_by_id_or_name/77404.png,Canonical offline cache asset; jar stores these by numeric or named cache key.
offline/77405.png,offline_by_id_or_name/77405.png,Canonical offline cache asset; jar stores these by numeric or named cache key.
offline/77406.png,offline_by_id_or_name/77406.png,Canonical offline cache asset; jar stores these by numeric or named cache key.
offline/77407.png,offline_by_id_or_name/77407.png,Canonical offline cache asset; jar stores these by numeric or named cache key.
offline/77408.png,offline_by_id_or_name/77408.png,Canonical offline cache asset; jar stores these by numeric or named cache key.
offline/77409.png,offline_by_id_or_name/77409.png,Canonical offline cache asset; jar stores these by numeric or named cache key.
offline/77498.png,offline_by_id_or_name/77498.png,Canonical offline cache asset; jar stores these by numeric or named cache key.
offline/77500.png,offline_by_id_or_name/77500.png,Canonical offline cache asset; jar stores these by numeric or named cache key.
offline/77501.png,offline_by_id_or_name/77501.png,Canonical offline cache asset; jar stores these by numeric or named cache key.
offline/77502.png,offline_by_id_or_name/77502.png,Canonical offline cache asset; jar stores these by numeric or named cache key.
offline/77503.png,offline_by_id_or_name/77503.png,Canonical offline cache asset; jar stores these by numeric or named cache key.
offline/77504.png,offline_by_id_or_name/77504.png,Canonical offline cache asset; jar stores these by numeric or named cache key.
offline/77505.png,offline_by_id_or_name/77505.png,Canonical offline cache asset; jar stores these by numeric or named cache key.
offline/77506.png,offline_by_id_or_name/77506.png,Canonical offline cache asset; jar stores these by numeric or named cache key.
offline/77507.png,offline_by_id_or_name/77507.png,Canonical offline cache asset; jar stores these by numeric or named cache key.
offline/77508.png,offline_by_id_or_name/77508.png,Canonical offline cache asset; jar stores these by numeric or named cache key.
offline/77509.png,offline_by_id_or_name/77509.png,Canonical offline cache asset; jar stores these by numeric or named cache key.
offline/77598.png,offline_by_id_or_name/77598.png,Canonical offline cache asset; jar stores these by numeric or named cache key.
offline/78000.png,offline_by_id_or_name/78000.png,Canonical offline cache asset; jar stores these by numeric or named cache key.
offline/78001.png,offline_by_id_or_name/78001.png,Canonical offline cache asset; jar stores these by numeric or named cache key.
offline/78002.png,offline_by_id_or_name/78002.png,Canonical offline cache asset; jar stores these by numeric or named cache key.
offline/78003.png,offline_by_id_or_name/78003.png,Canonical offline cache asset; jar stores these by numeric or named cache key.
offline/78004.png,offline_by_id_or_name/78004.png,Canonical offline cache asset; jar stores these by numeric or named cache key.
offline/78005.png,offline_by_id_or_name/78005.png,Canonical offline cache asset; jar stores these by numeric or named cache key.
offline/78006.png,offline_by_id_or_name/78006.png,Canonical offline cache asset; jar stores these by numeric or named cache key.
offline/78007.png,offline_by_id_or_name/78007.png,Canonical offline cache asset; jar stores these by numeric or named cache key.
offline/78008.png,offline_by_id_or_name/78008.png,Canonical offline cache asset; jar stores these by numeric or named cache key.
offline/78009.png,offline_by_id_or_name/78009.png,Canonical offline cache asset; jar stores these by numeric or named cache key.
offline/78098.png,offline_by_id_or_name/78098.png,Canonical offline cache asset; jar stores these by numeric or named cache key.
offline/78100.png,offline_by_id_or_name/78100.png,Canonical offline cache asset; jar stores these by numeric or named cache key.
offline/78101.png,offline_by_id_or_name/78101.png,Canonical offline cache asset; jar stores these by numeric or named cache key.
offline/78102.png,offline_by_id_or_name/78102.png,Canonical offline cache asset; jar stores these by numeric or named cache key.
offline/78103.png,offline_by_id_or_name/78103.png,Canonical offline cache asset; jar stores these by numeric or named cache key.
offline/78104.png,offline_by_id_or_name/78104.png,Canonical offline cache asset; jar stores these by numeric or named cache key.
offline/78105.png,offline_by_id_or_name/78105.png,Canonical offline cache asset; jar stores these by numeric or named cache key.
offline/78106.png,offline_by_id_or_name/78106.png,Canonical offline cache asset; jar stores these by numeric or named cache key.
offline/78107.png,offline_by_id_or_name/78107.png,Canonical offline cache asset; jar stores these by numeric or named cache key.
offline/78108.png,offline_by_id_or_name/78108.png,Canonical offline cache asset; jar stores these by numeric or named cache key.
offline/78109.png,offline_by_id_or_name/78109.png,Canonical offline cache asset; jar stores these by numeric or named cache key.
offline/78198.png,offline_by_id_or_name/78198.png,Canonical offline cache asset; jar stores these by numeric or named cache key.
offline/78200.png,offline_by_id_or_name/78200.png,Canonical offline cache asset; jar stores these by numeric or named cache key.
offline/78201.png,offline_by_id_or_name/78201.png,Canonical offline cache asset; jar stores these by numeric or named cache key.
offline/78202.png,offline_by_id_or_name/78202.png,Canonical offline cache asset; jar stores these by numeric or named cache key.
offline/78203.png,offline_by_id_or_name/78203.png,Canonical offline cache asset; jar stores these by numeric or named cache key.
offline/78204.png,offline_by_id_or_name/78204.png,Canonical offline cache asset; jar stores these by numeric or named cache key.
offline/78205.png,offline_by_id_or_name/78205.png,Canonical offline cache asset; jar stores these by numeric or named cache key.
offline/78206.png,offline_by_id_or_name/78206.png,Canonical offline cache asset; jar stores these by numeric or named cache key.
offline/78207.png,offline_by_id_or_name/78207.png,Canonical offline cache asset; jar stores these by numeric or named cache key.
offline/78208.png,offline_by_id_or_name/78208.png,Canonical offline cache asset; jar stores these by numeric or named cache key.
offline/78209.png,offline_by_id_or_name/78209.png,Canonical offline cache asset; jar stores these by numeric or named cache key.
offline/78298.png,offline_by_id_or_name/78298.png,Canonical offline cache asset; jar stores these by numeric or named cache key.
offline/78300.png,offline_by_id_or_name/78300.png,Canonical offline cache asset; jar stores these by numeric or named cache key.
offline/78301.png,offline_by_id_or_name/78301.png,Canonical offline cache asset; jar stores these by numeric or named cache key.
offline/78302.png,offline_by_id_or_name/78302.png,Canonical offline cache asset; jar stores these by numeric or named cache key.
offline/78303.png,offline_by_id_or_name/78303.png,Canonical offline cache asset; jar stores these by numeric or named cache key.
offline/78304.png,offline_by_id_or_name/78304.png,Canonical offline cache asset; jar stores these by numeric or named cache key.
offline/78305.png,offline_by_id_or_name/78305.png,Canonical offline cache asset; jar stores these by numeric or named cache key.
offline/78306.png,offline_by_id_or_name/78306.png,Canonical offline cache asset; jar stores these by numeric or named cache key.
offline/78307.png,offline_by_id_or_name/78307.png,Canonical offline cache asset; jar stores these by numeric or named cache key.
offline/78308.png,offline_by_id_or_name/78308.png,Canonical offline cache asset; jar stores these by numeric or named cache key.
offline/78309.png,offline_by_id_or_name/78309.png,Canonical offline cache asset; jar stores these by numeric or named cache key.
offline/78398.png,offline_by_id_or_name/78398.png,Canonical offline cache asset; jar stores these by numeric or named cache key.
offline/79800.png,offline_by_id_or_name/79800.png,Canonical offline cache asset; jar stores these by numeric or named cache key.
offline/79801.png,offline_by_id_or_name/79801.png,Canonical offline cache asset; jar stores these by numeric or named cache key.
offline/79802.png,offline_by_id_or_name/79802.png,Canonical offline cache asset; jar stores these by numeric or named cache key.
offline/79803.png,offline_by_id_or_name/79803.png,Canonical offline cache asset; jar stores these by numeric or named cache key.
offline/79804.png,offline_by_id_or_name/79804.png,Canonical offline cache asset; jar stores these by numeric or named cache key.
offline/79805.png,offline_by_id_or_name/79805.png,Canonical offline cache asset; jar stores these by numeric or named cache key.
offline/79806.png,offline_by_id_or_name/79806.png,Canonical offline cache asset; jar stores these by numeric or named cache key.
offline/79807.png,offline_by_id_or_name/79807.png,Canonical offline cache asset; jar stores these by numeric or named cache key.
offline/79808.png,offline_by_id_or_name/79808.png,Canonical offline cache asset; jar stores these by numeric or named cache key.
offline/79809.png,offline_by_id_or_name/79809.png,Canonical offline cache asset; jar stores these by numeric or named cache key.
offline/79898.png,offline_by_id_or_name/79898.png,Canonical offline cache asset; jar stores these by numeric or named cache key.
offline/79900.png,offline_by_id_or_name/79900.png,Canonical offline cache asset; jar stores these by numeric or named cache key.
offline/79901.png,offline_by_id_or_name/79901.png,Canonical offline cache asset; jar stores these by numeric or named cache key.
offline/79902.png,offline_by_id_or_name/79902.png,Canonical offline cache asset; jar stores these by numeric or named cache key.
offline/79903.png,offline_by_id_or_name/79903.png,Canonical offline cache asset; jar stores these by numeric or named cache key.
offline/79904.png,offline_by_id_or_name/79904.png,Canonical offline cache asset; jar stores these by numeric or named cache key.
offline/79905.png,offline_by_id_or_name/79905.png,Canonical offline cache asset; jar stores these by numeric or named cache key.
offline/79906.png,offline_by_id_or_name/79906.png,Canonical offline cache asset; jar stores these by numeric or named cache key.
offline/79907.png,offline_by_id_or_name/79907.png,Canonical offline cache asset; jar stores these by numeric or named cache key.
offline/79908.png,offline_by_id_or_name/79908.png,Canonical offline cache asset; jar stores these by numeric or named cache key.
offline/79909.png,offline_by_id_or_name/79909.png,Canonical offline cache asset; jar stores these by numeric or named cache key.
offline/79998.png,offline_by_id_or_name/79998.png,Canonical offline cache asset; jar stores these by numeric or named cache key.
offline/80000.png,offline_by_id_or_name/80000.png,Canonical offline cache asset; jar stores these by numeric or named cache key.
offline/80001.png,offline_by_id_or_name/80001.png,Canonical offline cache asset; jar stores these by numeric or named cache key.
offline/80002.png,offline_by_id_or_name/80002.png,Canonical offline cache asset; jar stores these by numeric or named cache key.
offline/80003.png,offline_by_id_or_name/80003.png,Canonical offline cache asset; jar stores these by numeric or named cache key.
offline/80004.png,offline_by_id_or_name/80004.png,Canonical offline cache asset; jar stores these by numeric or named cache key.
offline/80005.png,offline_by_id_or_name/80005.png,Canonical offline cache asset; jar stores these by numeric or named cache key.
offline/80006.png,offline_by_id_or_name/80006.png,Canonical offline cache asset; jar stores these by numeric or named cache key.
offline/80007.png,offline_by_id_or_name/80007.png,Canonical offline cache asset; jar stores these by numeric or named cache key.
offline/80008.png,offline_by_id_or_name/80008.png,Canonical offline cache asset; jar stores these by numeric or named cache key.
offline/80009.png,offline_by_id_or_name/80009.png,Canonical offline cache asset; jar stores these by numeric or named cache key.
offline/80098.png,offline_by_id_or_name/80098.png,Canonical offline cache asset; jar stores these by numeric or named cache key.
offline/80200.png,offline_by_id_or_name/80200.png,Canonical offline cache asset; jar stores these by numeric or named cache key.
offline/80201.png,offline_by_id_or_name/80201.png,Canonical offline cache asset; jar stores these by numeric or named cache key.
offline/80202.png,offline_by_id_or_name/80202.png,Canonical offline cache asset; jar stores these by numeric or named cache key.
offline/80203.png,offline_by_id_or_name/80203.png,Canonical offline cache asset; jar stores these by numeric or named cache key.
offline/80204.png,offline_by_id_or_name/80204.png,Canonical offline cache asset; jar stores these by numeric or named cache key.
offline/80205.png,offline_by_id_or_name/80205.png,Canonical offline cache asset; jar stores these by numeric or named cache key.
offline/80206.png,offline_by_id_or_name/80206.png,Canonical offline cache asset; jar stores these by numeric or named cache key.
offline/80207.png,offline_by_id_or_name/80207.png,Canonical offline cache asset; jar stores these by numeric or named cache key.
offline/80208.png,offline_by_id_or_name/80208.png,Canonical offline cache asset; jar stores these by numeric or named cache key.
offline/80209.png,offline_by_id_or_name/80209.png,Canonical offline cache asset; jar stores these by numeric or named cache key.
offline/80298.png,offline_by_id_or_name/80298.png,Canonical offline cache asset; jar stores these by numeric or named cache key.
offline/80400.png,offline_by_id_or_name/80400.png,Canonical offline cache asset; jar stores these by numeric or named cache key.
offline/80401.png,offline_by_id_or_name/80401.png,Canonical offline cache asset; jar stores these by numeric or named cache key.
offline/80402.png,offline_by_id_or_name/80402.png,Canonical offline cache asset; jar stores these by numeric or named cache key.
offline/80403.png,offline_by_id_or_name/80403.png,Canonical offline cache asset; jar stores these by numeric or named cache key.
offline/80404.png,offline_by_id_or_name/80404.png,Canonical offline cache asset; jar stores these by numeric or named cache key.
offline/80405.png,offline_by_id_or_name/80405.png,Canonical offline cache asset; jar stores these by numeric or named cache key.
offline/80406.png,offline_by_id_or_name/80406.png,Canonical offline cache asset; jar stores these by numeric or named cache key.
offline/80407.png,offline_by_id_or_name/80407.png,Canonical offline cache asset; jar stores these by numeric or named cache key.
offline/80408.png,offline_by_id_or_name/80408.png,Canonical offline cache asset; jar stores these by numeric or named cache key.
offline/80409.png,offline_by_id_or_name/80409.png,Canonical offline cache asset; jar stores these by numeric or named cache key.
offline/80498.png,offline_by_id_or_name/80498.png,Canonical offline cache asset; jar stores these by numeric or named cache key.
offline/80600.png,offline_by_id_or_name/80600.png,Canonical offline cache asset; jar stores these by numeric or named cache key.
offline/80601.png,offline_by_id_or_name/80601.png,Canonical offline cache asset; jar stores these by numeric or named cache key.
offline/80602.png,offline_by_id_or_name/80602.png,Canonical offline cache asset; jar stores these by numeric or named cache key.
offline/80603.png,offline_by_id_or_name/80603.png,Canonical offline cache asset; jar stores these by numeric or named cache key.
offline/80604.png,offline_by_id_or_name/80604.png,Canonical offline cache asset; jar stores these by numeric or named cache key.
offline/80605.png,offline_by_id_or_name/80605.png,Canonical offline cache asset; jar stores these by numeric or named cache key.
offline/80606.png,offline_by_id_or_name/80606.png,Canonical offline cache asset; jar stores these by numeric or named cache key.
offline/80607.png,offline_by_id_or_name/80607.png,Canonical offline cache asset; jar stores these by numeric or named cache key.
offline/80608.png,offline_by_id_or_name/80608.png,Canonical offline cache asset; jar stores these by numeric or named cache key.
offline/80609.png,offline_by_id_or_name/80609.png,Canonical offline cache asset; jar stores these by numeric or named cache key.
offline/80698.png,offline_by_id_or_name/80698.png,Canonical offline cache asset; jar stores these by numeric or named cache key.
offline/80700.png,offline_by_id_or_name/80700.png,Canonical offline cache asset; jar stores these by numeric or named cache key.
offline/80701.png,offline_by_id_or_name/80701.png,Canonical offline cache asset; jar stores these by numeric or named cache key.
offline/80702.png,offline_by_id_or_name/80702.png,Canonical offline cache asset; jar stores these by numeric or named cache key.
offline/80703.png,offline_by_id_or_name/80703.png,Canonical offline cache asset; jar stores these by numeric or named cache key.
offline/80704.png,offline_by_id_or_name/80704.png,Canonical offline cache asset; jar stores these by numeric or named cache key.
offline/80705.png,offline_by_id_or_name/80705.png,Canonical offline cache asset; jar stores these by numeric or named cache key.
offline/80706.png,offline_by_id_or_name/80706.png,Canonical offline cache asset; jar stores these by numeric or named cache key.
offline/80707.png,offline_by_id_or_name/80707.png,Canonical offline cache asset; jar stores these by numeric or named cache key.
offline/80708.png,offline_by_id_or_name/80708.png,Canonical offline cache asset; jar stores these by numeric or named cache key.
offline/80709.png,offline_by_id_or_name/80709.png,Canonical offline cache asset; jar stores these by numeric or named cache key.
offline/80798.png,offline_by_id_or_name/80798.png,Canonical offline cache asset; jar stores these by numeric or named cache key.
offline/80800.png,offline_by_id_or_name/80800.png,Canonical offline cache asset; jar stores these by numeric or named cache key.
offline/80801.png,offline_by_id_or_name/80801.png,Canonical offline cache asset; jar stores these by numeric or named cache key.
offline/80802.png,offline_by_id_or_name/80802.png,Canonical offline cache asset; jar stores these by numeric or named cache key.
offline/80803.png,offline_by_id_or_name/80803.png,Canonical offline cache asset; jar stores these by numeric or named cache key.
offline/80804.png,offline_by_id_or_name/80804.png,Canonical offline cache asset; jar stores these by numeric or named cache key.
offline/80805.png,offline_by_id_or_name/80805.png,Canonical offline cache asset; jar stores these by numeric or named cache key.
offline/80806.png,offline_by_id_or_name/80806.png,Canonical offline cache asset; jar stores these by numeric or named cache key.
offline/80807.png,offline_by_id_or_name/80807.png,Canonical offline cache asset; jar stores these by numeric or named cache key.
offline/80808.png,offline_by_id_or_name/80808.png,Canonical offline cache asset; jar stores these by numeric or named cache key.
offline/80809.png,offline_by_id_or_name/80809.png,Canonical offline cache asset; jar stores these by numeric or named cache key.
offline/80898.png,offline_by_id_or_name/80898.png,Canonical offline cache asset; jar stores these by numeric or named cache key.
offline/81000.png,offline_by_id_or_name/81000.png,Canonical offline cache asset; jar stores these by numeric or named cache key.
offline/81001.png,offline_by_id_or_name/81001.png,Canonical offline cache asset; jar stores these by numeric or named cache key.
offline/81002.png,offline_by_id_or_name/81002.png,Canonical offline cache asset; jar stores these by numeric or named cache key.
offline/81003.png,offline_by_id_or_name/81003.png,Canonical offline cache asset; jar stores these by numeric or named cache key.
offline/81004.png,offline_by_id_or_name/81004.png,Canonical offline cache asset; jar stores these by numeric or named cache key.
offline/81005.png,offline_by_id_or_name/81005.png,Canonical offline cache asset; jar stores these by numeric or named cache key.
offline/81006.png,offline_by_id_or_name/81006.png,Canonical offline cache asset; jar stores these by numeric or named cache key.
offline/81007.png,offline_by_id_or_name/81007.png,Canonical offline cache asset; jar stores these by numeric or named cache key.
offline/81008.png,offline_by_id_or_name/81008.png,Canonical offline cache asset; jar stores these by numeric or named cache key.
offline/81009.png,offline_by_id_or_name/81009.png,Canonical offline cache asset; jar stores these by numeric or named cache key.
offline/81098.png,offline_by_id_or_name/81098.png,Canonical offline cache asset; jar stores these by numeric or named cache key.
offline/81100.png,offline_by_id_or_name/81100.png,Canonical offline cache asset; jar stores these by numeric or named cache key.
offline/81101.png,offline_by_id_or_name/81101.png,Canonical offline cache asset; jar stores these by numeric or named cache key.
offline/81102.png,offline_by_id_or_name/81102.png,Canonical offline cache asset; jar stores these by numeric or named cache key.
offline/81103.png,offline_by_id_or_name/81103.png,Canonical offline cache asset; jar stores these by numeric or named cache key.
offline/81104.png,offline_by_id_or_name/81104.png,Canonical offline cache asset; jar stores these by numeric or named cache key.
offline/81105.png,offline_by_id_or_name/81105.png,Canonical offline cache asset; jar stores these by numeric or named cache key.
offline/81106.png,offline_by_id_or_name/81106.png,Canonical offline cache asset; jar stores these by numeric or named cache key.
offline/81107.png,offline_by_id_or_name/81107.png,Canonical offline cache asset; jar stores these by numeric or named cache key.
offline/81108.png,offline_by_id_or_name/81108.png,Canonical offline cache asset; jar stores these by numeric or named cache key.
offline/81109.png,offline_by_id_or_name/81109.png,Canonical offline cache asset; jar stores these by numeric or named cache key.
offline/81198.png,offline_by_id_or_name/81198.png,Canonical offline cache asset; jar stores these by numeric or named cache key.
offline/81800.png,offline_by_id_or_name/81800.png,Canonical offline cache asset; jar stores these by numeric or named cache key.
offline/81801.png,offline_by_id_or_name/81801.png,Canonical offline cache asset; jar stores these by numeric or named cache key.
offline/81802.png,offline_by_id_or_name/81802.png,Canonical offline cache asset; jar stores these by numeric or named cache key.
offline/81803.png,offline_by_id_or_name/81803.png,Canonical offline cache asset; jar stores these by numeric or named cache key.
offline/81804.png,offline_by_id_or_name/81804.png,Canonical offline cache asset; jar stores these by numeric or named cache key.
offline/81805.png,offline_by_id_or_name/81805.png,Canonical offline cache asset; jar stores these by numeric or named cache key.
offline/81806.png,offline_by_id_or_name/81806.png,Canonical offline cache asset; jar stores these by numeric or named cache key.
offline/81807.png,offline_by_id_or_name/81807.png,Canonical offline cache asset; jar stores these by numeric or named cache key.
offline/81808.png,offline_by_id_or_name/81808.png,Canonical offline cache asset; jar stores these by numeric or named cache key.
offline/81809.png,offline_by_id_or_name/81809.png,Canonical offline cache asset; jar stores these by numeric or named cache key.
offline/81898.png,offline_by_id_or_name/81898.png,Canonical offline cache asset; jar stores these by numeric or named cache key.
offline/81900.png,offline_by_id_or_name/81900.png,Canonical offline cache asset; jar stores these by numeric or named cache key.
offline/82000.png,offline_by_id_or_name/82000.png,Canonical offline cache asset; jar stores these by numeric or named cache key.
offline/82001.png,offline_by_id_or_name/82001.png,Canonical offline cache asset; jar stores these by numeric or named cache key.
offline/82002.png,offline_by_id_or_name/82002.png,Canonical offline cache asset; jar stores these by numeric or named cache key.
offline/82003.png,offline_by_id_or_name/82003.png,Canonical offline cache asset; jar stores these by numeric or named cache key.
offline/82004.png,offline_by_id_or_name/82004.png,Canonical offline cache asset; jar stores these by numeric or named cache key.
offline/82005.png,offline_by_id_or_name/82005.png,Canonical offline cache asset; jar stores these by numeric or named cache key.
offline/82006.png,offline_by_id_or_name/82006.png,Canonical offline cache asset; jar stores these by numeric or named cache key.
offline/82007.png,offline_by_id_or_name/82007.png,Canonical offline cache asset; jar stores these by numeric or named cache key.
offline/82008.png,offline_by_id_or_name/82008.png,Canonical offline cache asset; jar stores these by numeric or named cache key.
offline/82009.png,offline_by_id_or_name/82009.png,Canonical offline cache asset; jar stores these by numeric or named cache key.
offline/82098.png,offline_by_id_or_name/82098.png,Canonical offline cache asset; jar stores these by numeric or named cache key.
offline/82300.png,offline_by_id_or_name/82300.png,Canonical offline cache asset; jar stores these by numeric or named cache key.
offline/82301.png,offline_by_id_or_name/82301.png,Canonical offline cache asset; jar stores these by numeric or named cache key.
offline/82302.png,offline_by_id_or_name/82302.png,Canonical offline cache asset; jar stores these by numeric or named cache key.
offline/82303.png,offline_by_id_or_name/82303.png,Canonical offline cache asset; jar stores these by numeric or named cache key.
offline/82304.png,offline_by_id_or_name/82304.png,Canonical offline cache asset; jar stores these by numeric or named cache key.
offline/82305.png,offline_by_id_or_name/82305.png,Canonical offline cache asset; jar stores these by numeric or named cache key.
offline/82306.png,offline_by_id_or_name/82306.png,Canonical offline cache asset; jar stores these by numeric or named cache key.
offline/82307.png,offline_by_id_or_name/82307.png,Canonical offline cache asset; jar stores these by numeric or named cache key.
offline/82308.png,offline_by_id_or_name/82308.png,Canonical offline cache asset; jar stores these by numeric or named cache key.
offline/82309.png,offline_by_id_or_name/82309.png,Canonical offline cache asset; jar stores these by numeric or named cache key.
offline/82398.png,offline_by_id_or_name/82398.png,Canonical offline cache asset; jar stores these by numeric or named cache key.
offline/82600.png,offline_by_id_or_name/82600.png,Canonical offline cache asset; jar stores these by numeric or named cache key.
offline/82601.png,offline_by_id_or_name/82601.png,Canonical offline cache asset; jar stores these by numeric or named cache key.
offline/82602.png,offline_by_id_or_name/82602.png,Canonical offline cache asset; jar stores these by numeric or named cache key.
offline/82603.png,offline_by_id_or_name/82603.png,Canonical offline cache asset; jar stores these by numeric or named cache key.
offline/82604.png,offline_by_id_or_name/82604.png,Canonical offline cache asset; jar stores these by numeric or named cache key.
offline/82605.png,offline_by_id_or_name/82605.png,Canonical offline cache asset; jar stores these by numeric or named cache key.
offline/82606.png,offline_by_id_or_name/82606.png,Canonical offline cache asset; jar stores these by numeric or named cache key.
offline/82607.png,offline_by_id_or_name/82607.png,Canonical offline cache asset; jar stores these by numeric or named cache key.
offline/82608.png,offline_by_id_or_name/82608.png,Canonical offline cache asset; jar stores these by numeric or named cache key.
offline/82609.png,offline_by_id_or_name/82609.png,Canonical offline cache asset; jar stores these by numeric or named cache key.
offline/82698.png,offline_by_id_or_name/82698.png,Canonical offline cache asset; jar stores these by numeric or named cache key.
offline/82700.png,offline_by_id_or_name/82700.png,Canonical offline cache asset; jar stores these by numeric or named cache key.
offline/82701.png,offline_by_id_or_name/82701.png,Canonical offline cache asset; jar stores these by numeric or named cache key.
offline/82702.png,offline_by_id_or_name/82702.png,Canonical offline cache asset; jar stores these by numeric or named cache key.
offline/82703.png,offline_by_id_or_name/82703.png,Canonical offline cache asset; jar stores these by numeric or named cache key.
offline/82704.png,offline_by_id_or_name/82704.png,Canonical offline cache asset; jar stores these by numeric or named cache key.
offline/82705.png,offline_by_id_or_name/82705.png,Canonical offline cache asset; jar stores these by numeric or named cache key.
offline/82706.png,offline_by_id_or_name/82706.png,Canonical offline cache asset; jar stores these by numeric or named cache key.
offline/82707.png,offline_by_id_or_name/82707.png,Canonical offline cache asset; jar stores these by numeric or named cache key.
offline/82708.png,offline_by_id_or_name/82708.png,Canonical offline cache asset; jar stores these by numeric or named cache key.
offline/82709.png,offline_by_id_or_name/82709.png,Canonical offline cache asset; jar stores these by numeric or named cache key.
offline/82798.png,offline_by_id_or_name/82798.png,Canonical offline cache asset; jar stores these by numeric or named cache key.
offline/82800.png,offline_by_id_or_name/82800.png,Canonical offline cache asset; jar stores these by numeric or named cache key.
offline/82801.png,offline_by_id_or_name/82801.png,Canonical offline cache asset; jar stores these by numeric or named cache key.
offline/82802.png,offline_by_id_or_name/82802.png,Canonical offline cache asset; jar stores these by numeric or named cache key.
offline/82803.png,offline_by_id_or_name/82803.png,Canonical offline cache asset; jar stores these by numeric or named cache key.
offline/82804.png,offline_by_id_or_name/82804.png,Canonical offline cache asset; jar stores these by numeric or named cache key.
offline/82805.png,offline_by_id_or_name/82805.png,Canonical offline cache asset; jar stores these by numeric or named cache key.
offline/82806.png,offline_by_id_or_name/82806.png,Canonical offline cache asset; jar stores these by numeric or named cache key.
offline/82807.png,offline_by_id_or_name/82807.png,Canonical offline cache asset; jar stores these by numeric or named cache key.
offline/82808.png,offline_by_id_or_name/82808.png,Canonical offline cache asset; jar stores these by numeric or named cache key.
offline/82809.png,offline_by_id_or_name/82809.png,Canonical offline cache asset; jar stores these by numeric or named cache key.
offline/82898.png,offline_by_id_or_name/82898.png,Canonical offline cache asset; jar stores these by numeric or named cache key.
offline/83100.png,offline_by_id_or_name/83100.png,Canonical offline cache asset; jar stores these by numeric or named cache key.
offline/83101.png,offline_by_id_or_name/83101.png,Canonical offline cache asset; jar stores these by numeric or named cache key.
offline/83102.png,offline_by_id_or_name/83102.png,Canonical offline cache asset; jar stores these by numeric or named cache key.
offline/83103.png,offline_by_id_or_name/83103.png,Canonical offline cache asset; jar stores these by numeric or named cache key.
offline/83104.png,offline_by_id_or_name/83104.png,Canonical offline cache asset; jar stores these by numeric or named cache key.
offline/83105.png,offline_by_id_or_name/83105.png,Canonical offline cache asset; jar stores these by numeric or named cache key.
offline/83106.png,offline_by_id_or_name/83106.png,Canonical offline cache asset; jar stores these by numeric or named cache key.
offline/83107.png,offline_by_id_or_name/83107.png,Canonical offline cache asset; jar stores these by numeric or named cache key.
offline/83108.png,offline_by_id_or_name/83108.png,Canonical offline cache asset; jar stores these by numeric or named cache key.
offline/83109.png,offline_by_id_or_name/83109.png,Canonical offline cache asset; jar stores these by numeric or named cache key.
offline/83198.png,offline_by_id_or_name/83198.png,Canonical offline cache asset; jar stores these by numeric or named cache key.
offline/83200.png,offline_by_id_or_name/83200.png,Canonical offline cache asset; jar stores these by numeric or named cache key.
offline/83201.png,offline_by_id_or_name/83201.png,Canonical offline cache asset; jar stores these by numeric or named cache key.
offline/83202.png,offline_by_id_or_name/83202.png,Canonical offline cache asset; jar stores these by numeric or named cache key.
offline/83203.png,offline_by_id_or_name/83203.png,Canonical offline cache asset; jar stores these by numeric or named cache key.
offline/83204.png,offline_by_id_or_name/83204.png,Canonical offline cache asset; jar stores these by numeric or named cache key.
offline/83205.png,offline_by_id_or_name/83205.png,Canonical offline cache asset; jar stores these by numeric or named cache key.
offline/83206.png,offline_by_id_or_name/83206.png,Canonical offline cache asset; jar stores these by numeric or named cache key.
offline/83207.png,offline_by_id_or_name/83207.png,Canonical offline cache asset; jar stores these by numeric or named cache key.
offline/83208.png,offline_by_id_or_name/83208.png,Canonical offline cache asset; jar stores these by numeric or named cache key.
offline/83209.png,offline_by_id_or_name/83209.png,Canonical offline cache asset; jar stores these by numeric or named cache key.
offline/83298.png,offline_by_id_or_name/83298.png,Canonical offline cache asset; jar stores these by numeric or named cache key.
offline/89000.png,offline_by_id_or_name/89000.png,Canonical offline cache asset; jar stores these by numeric or named cache key.
offline/89001.png,offline_by_id_or_name/89001.png,Canonical offline cache asset; jar stores these by numeric or named cache key.
offline/89002.png,offline_by_id_or_name/89002.png,Canonical offline cache asset; jar stores these by numeric or named cache key.
offline/89003.png,offline_by_id_or_name/89003.png,Canonical offline cache asset; jar stores these by numeric or named cache key.
offline/89004.png,offline_by_id_or_name/89004.png,Canonical offline cache asset; jar stores these by numeric or named cache key.
offline/89005.png,offline_by_id_or_name/89005.png,Canonical offline cache asset; jar stores these by numeric or named cache key.
offline/89006.png,offline_by_id_or_name/89006.png,Canonical offline cache asset; jar stores these by numeric or named cache key.
offline/89007.png,offline_by_id_or_name/89007.png,Canonical offline cache asset; jar stores these by numeric or named cache key.
offline/89008.png,offline_by_id_or_name/89008.png,Canonical offline cache asset; jar stores these by numeric or named cache key.
offline/89009.png,offline_by_id_or_name/89009.png,Canonical offline cache asset; jar stores these by numeric or named cache key.
offline/89098.png,offline_by_id_or_name/89098.png,Canonical offline cache asset; jar stores these by numeric or named cache key.
offline/89100.png,offline_by_id_or_name/89100.png,Canonical offline cache asset; jar stores these by numeric or named cache key.
offline/89101.png,offline_by_id_or_name/89101.png,Canonical offline cache asset; jar stores these by numeric or named cache key.
offline/89102.png,offline_by_id_or_name/89102.png,Canonical offline cache asset; jar stores these by numeric or named cache key.
offline/89103.png,offline_by_id_or_name/89103.png,Canonical offline cache asset; jar stores these by numeric or named cache key.
offline/89104.png,offline_by_id_or_name/89104.png,Canonical offline cache asset; jar stores these by numeric or named cache key.
offline/89105.png,offline_by_id_or_name/89105.png,Canonical offline cache asset; jar stores these by numeric or named cache key.
offline/89106.png,offline_by_id_or_name/89106.png,Canonical offline cache asset; jar stores these by numeric or named cache key.
offline/89107.png,offline_by_id_or_name/89107.png,Canonical offline cache asset; jar stores these by numeric or named cache key.
offline/89108.png,offline_by_id_or_name/89108.png,Canonical offline cache asset; jar stores these by numeric or named cache key.
offline/89109.png,offline_by_id_or_name/89109.png,Canonical offline cache asset; jar stores these by numeric or named cache key.
offline/89198.png,offline_by_id_or_name/89198.png,Canonical offline cache asset; jar stores these by numeric or named cache key.
offline/89200.png,offline_by_id_or_name/89200.png,Canonical offline cache asset; jar stores these by numeric or named cache key.
offline/89201.png,offline_by_id_or_name/89201.png,Canonical offline cache asset; jar stores these by numeric or named cache key.
offline/89202.png,offline_by_id_or_name/89202.png,Canonical offline cache asset; jar stores these by numeric or named cache key.
offline/89203.png,offline_by_id_or_name/89203.png,Canonical offline cache asset; jar stores these by numeric or named cache key.
offline/89204.png,offline_by_id_or_name/89204.png,Canonical offline cache asset; jar stores these by numeric or named cache key.
offline/89205.png,offline_by_id_or_name/89205.png,Canonical offline cache asset; jar stores these by numeric or named cache key.
offline/89206.png,offline_by_id_or_name/89206.png,Canonical offline cache asset; jar stores these by numeric or named cache key.
offline/89207.png,offline_by_id_or_name/89207.png,Canonical offline cache asset; jar stores these by numeric or named cache key.
offline/89208.png,offline_by_id_or_name/89208.png,Canonical offline cache asset; jar stores these by numeric or named cache key.
offline/89209.png,offline_by_id_or_name/89209.png,Canonical offline cache asset; jar stores these by numeric or named cache key.
offline/89298.png,offline_by_id_or_name/89298.png,Canonical offline cache asset; jar stores these by numeric or named cache key.
offline/89300.png,offline_by_id_or_name/89300.png,Canonical offline cache asset; jar stores these by numeric or named cache key.
offline/89301.png,offline_by_id_or_name/89301.png,Canonical offline cache asset; jar stores these by numeric or named cache key.
offline/89302.png,offline_by_id_or_name/89302.png,Canonical offline cache asset; jar stores these by numeric or named cache key.
offline/89303.png,offline_by_id_or_name/89303.png,Canonical offline cache asset; jar stores these by numeric or named cache key.
offline/89304.png,offline_by_id_or_name/89304.png,Canonical offline cache asset; jar stores these by numeric or named cache key.
offline/89305.png,offline_by_id_or_name/89305.png,Canonical offline cache asset; jar stores these by numeric or named cache key.
offline/89306.png,offline_by_id_or_name/89306.png,Canonical offline cache asset; jar stores these by numeric or named cache key.
offline/89307.png,offline_by_id_or_name/89307.png,Canonical offline cache asset; jar stores these by numeric or named cache key.
offline/89308.png,offline_by_id_or_name/89308.png,Canonical offline cache asset; jar stores these by numeric or named cache key.
offline/89309.png,offline_by_id_or_name/89309.png,Canonical offline cache asset; jar stores these by numeric or named cache key.
offline/89398.png,offline_by_id_or_name/89398.png,Canonical offline cache asset; jar stores these by numeric or named cache key.
offline/89900.png,offline_by_id_or_name/89900.png,Canonical offline cache asset; jar stores these by numeric or named cache key.
offline/89901.png,offline_by_id_or_name/89901.png,Canonical offline cache asset; jar stores these by numeric or named cache key.
offline/89902.png,offline_by_id_or_name/89902.png,Canonical offline cache asset; jar stores these by numeric or named cache key.
offline/89903.png,offline_by_id_or_name/89903.png,Canonical offline cache asset; jar stores these by numeric or named cache key.
offline/89904.png,offline_by_id_or_name/89904.png,Canonical offline cache asset; jar stores these by numeric or named cache key.
offline/89905.png,offline_by_id_or_name/89905.png,Canonical offline cache asset; jar stores these by numeric or named cache key.
offline/89906.png,offline_by_id_or_name/89906.png,Canonical offline cache asset; jar stores these by numeric or named cache key.
offline/89907.png,offline_by_id_or_name/89907.png,Canonical offline cache asset; jar stores these by numeric or named cache key.
offline/89908.png,offline_by_id_or_name/89908.png,Canonical offline cache asset; jar stores these by numeric or named cache key.
offline/89909.png,offline_by_id_or_name/89909.png,Canonical offline cache asset; jar stores these by numeric or named cache key.
offline/90200.png,offline_by_id_or_name/90200.png,Canonical offline cache asset; jar stores these by numeric or named cache key.
offline/90201.png,offline_by_id_or_name/90201.png,Canonical offline cache asset; jar stores these by numeric or named cache key.
offline/90202.png,offline_by_id_or_name/90202.png,Canonical offline cache asset; jar stores these by numeric or named cache key.
offline/90203.png,offline_by_id_or_name/90203.png,Canonical offline cache asset; jar stores these by numeric or named cache key.
offline/90204.png,offline_by_id_or_name/90204.png,Canonical offline cache asset; jar stores these by numeric or named cache key.
offline/90205.png,offline_by_id_or_name/90205.png,Canonical offline cache asset; jar stores these by numeric or named cache key.
offline/90206.png,offline_by_id_or_name/90206.png,Canonical offline cache asset; jar stores these by numeric or named cache key.
offline/90207.png,offline_by_id_or_name/90207.png,Canonical offline cache asset; jar stores these by numeric or named cache key.
offline/90208.png,offline_by_id_or_name/90208.png,Canonical offline cache asset; jar stores these by numeric or named cache key.
offline/90209.png,offline_by_id_or_name/90209.png,Canonical offline cache asset; jar stores these by numeric or named cache key.
offline/90298.png,offline_by_id_or_name/90298.png,Canonical offline cache asset; jar stores these by numeric or named cache key.
offline/90300.png,offline_by_id_or_name/90300.png,Canonical offline cache asset; jar stores these by numeric or named cache key.
offline/90301.png,offline_by_id_or_name/90301.png,Canonical offline cache asset; jar stores these by numeric or named cache key.
offline/90302.png,offline_by_id_or_name/90302.png,Canonical offline cache asset; jar stores these by numeric or named cache key.
offline/90303.png,offline_by_id_or_name/90303.png,Canonical offline cache asset; jar stores these by numeric or named cache key.
offline/90304.png,offline_by_id_or_name/90304.png,Canonical offline cache asset; jar stores these by numeric or named cache key.
offline/90305.png,offline_by_id_or_name/90305.png,Canonical offline cache asset; jar stores these by numeric or named cache key.
offline/90306.png,offline_by_id_or_name/90306.png,Canonical offline cache asset; jar stores these by numeric or named cache key.
offline/90307.png,offline_by_id_or_name/90307.png,Canonical offline cache asset; jar stores these by numeric or named cache key.
offline/90308.png,offline_by_id_or_name/90308.png,Canonical offline cache asset; jar stores these by numeric or named cache key.
offline/90309.png,offline_by_id_or_name/90309.png,Canonical offline cache asset; jar stores these by numeric or named cache key.
offline/90398.png,offline_by_id_or_name/90398.png,Canonical offline cache asset; jar stores these by numeric or named cache key.
offline/90400.png,offline_by_id_or_name/90400.png,Canonical offline cache asset; jar stores these by numeric or named cache key.
offline/90401.png,offline_by_id_or_name/90401.png,Canonical offline cache asset; jar stores these by numeric or named cache key.
offline/90402.png,offline_by_id_or_name/90402.png,Canonical offline cache asset; jar stores these by numeric or named cache key.
offline/90403.png,offline_by_id_or_name/90403.png,Canonical offline cache asset; jar stores these by numeric or named cache key.
offline/90404.png,offline_by_id_or_name/90404.png,Canonical offline cache asset; jar stores these by numeric or named cache key.
offline/90405.png,offline_by_id_or_name/90405.png,Canonical offline cache asset; jar stores these by numeric or named cache key.
offline/90406.png,offline_by_id_or_name/90406.png,Canonical offline cache asset; jar stores these by numeric or named cache key.
offline/90407.png,offline_by_id_or_name/90407.png,Canonical offline cache asset; jar stores these by numeric or named cache key.
offline/90408.png,offline_by_id_or_name/90408.png,Canonical offline cache asset; jar stores these by numeric or named cache key.
offline/90409.png,offline_by_id_or_name/90409.png,Canonical offline cache asset; jar stores these by numeric or named cache key.
offline/90498.png,offline_by_id_or_name/90498.png,Canonical offline cache asset; jar stores these by numeric or named cache key.
offline/90800.png,offline_by_id_or_name/90800.png,Canonical offline cache asset; jar stores these by numeric or named cache key.
offline/90801.png,offline_by_id_or_name/90801.png,Canonical offline cache asset; jar stores these by numeric or named cache key.
offline/90802.png,offline_by_id_or_name/90802.png,Canonical offline cache asset; jar stores these by numeric or named cache key.
offline/90803.png,offline_by_id_or_name/90803.png,Canonical offline cache asset; jar stores these by numeric or named cache key.
offline/90804.png,offline_by_id_or_name/90804.png,Canonical offline cache asset; jar stores these by numeric or named cache key.
offline/90805.png,offline_by_id_or_name/90805.png,Canonical offline cache asset; jar stores these by numeric or named cache key.
offline/90806.png,offline_by_id_or_name/90806.png,Canonical offline cache asset; jar stores these by numeric or named cache key.
offline/90807.png,offline_by_id_or_name/90807.png,Canonical offline cache asset; jar stores these by numeric or named cache key.
offline/90808.png,offline_by_id_or_name/90808.png,Canonical offline cache asset; jar stores these by numeric or named cache key.
offline/90809.png,offline_by_id_or_name/90809.png,Canonical offline cache asset; jar stores these by numeric or named cache key.
offline/90898.png,offline_by_id_or_name/90898.png,Canonical offline cache asset; jar stores these by numeric or named cache key.
offline/90900.png,offline_by_id_or_name/90900.png,Canonical offline cache asset; jar stores these by numeric or named cache key.
offline/90901.png,offline_by_id_or_name/90901.png,Canonical offline cache asset; jar stores these by numeric or named cache key.
offline/90902.png,offline_by_id_or_name/90902.png,Canonical offline cache asset; jar stores these by numeric or named cache key.
offline/90903.png,offline_by_id_or_name/90903.png,Canonical offline cache asset; jar stores these by numeric or named cache key.
offline/90904.png,offline_by_id_or_name/90904.png,Canonical offline cache asset; jar stores these by numeric or named cache key.
offline/90905.png,offline_by_id_or_name/90905.png,Canonical offline cache asset; jar stores these by numeric or named cache key.
offline/90906.png,offline_by_id_or_name/90906.png,Canonical offline cache asset; jar stores these by numeric or named cache key.
offline/90907.png,offline_by_id_or_name/90907.png,Canonical offline cache asset; jar stores these by numeric or named cache key.
offline/90908.png,offline_by_id_or_name/90908.png,Canonical offline cache asset; jar stores these by numeric or named cache key.
offline/90909.png,offline_by_id_or_name/90909.png,Canonical offline cache asset; jar stores these by numeric or named cache key.
offline/90998.png,offline_by_id_or_name/90998.png,Canonical offline cache asset; jar stores these by numeric or named cache key.
offline/91000.png,offline_by_id_or_name/91000.png,Canonical offline cache asset; jar stores these by numeric or named cache key.
offline/91001.png,offline_by_id_or_name/91001.png,Canonical offline cache asset; jar stores these by numeric or named cache key.
offline/91002.png,offline_by_id_or_name/91002.png,Canonical offline cache asset; jar stores these by numeric or named cache key.
offline/91003.png,offline_by_id_or_name/91003.png,Canonical offline cache asset; jar stores these by numeric or named cache key.
offline/91004.png,offline_by_id_or_name/91004.png,Canonical offline cache asset; jar stores these by numeric or named cache key.
offline/91005.png,offline_by_id_or_name/91005.png,Canonical offline cache asset; jar stores these by numeric or named cache key.
offline/91006.png,offline_by_id_or_name/91006.png,Canonical offline cache asset; jar stores these by numeric or named cache key.
offline/91007.png,offline_by_id_or_name/91007.png,Canonical offline cache asset; jar stores these by numeric or named cache key.
offline/91008.png,offline_by_id_or_name/91008.png,Canonical offline cache asset; jar stores these by numeric or named cache key.
offline/91009.png,offline_by_id_or_name/91009.png,Canonical offline cache asset; jar stores these by numeric or named cache key.
offline/91098.png,offline_by_id_or_name/91098.png,Canonical offline cache asset; jar stores these by numeric or named cache key.
offline/91100.png,offline_by_id_or_name/91100.png,Canonical offline cache asset; jar stores these by numeric or named cache key.
offline/91101.png,offline_by_id_or_name/91101.png,Canonical offline cache asset; jar stores these by numeric or named cache key.
offline/91102.png,offline_by_id_or_name/91102.png,Canonical offline cache asset; jar stores these by numeric or named cache key.
offline/91103.png,offline_by_id_or_name/91103.png,Canonical offline cache asset; jar stores these by numeric or named cache key.
offline/91104.png,offline_by_id_or_name/91104.png,Canonical offline cache asset; jar stores these by numeric or named cache key.
offline/91105.png,offline_by_id_or_name/91105.png,Canonical offline cache asset; jar stores these by numeric or named cache key.
offline/91106.png,offline_by_id_or_name/91106.png,Canonical offline cache asset; jar stores these by numeric or named cache key.
offline/91107.png,offline_by_id_or_name/91107.png,Canonical offline cache asset; jar stores these by numeric or named cache key.
offline/91108.png,offline_by_id_or_name/91108.png,Canonical offline cache asset; jar stores these by numeric or named cache key.
offline/91109.png,offline_by_id_or_name/91109.png,Canonical offline cache asset; jar stores these by numeric or named cache key.
offline/91198.png,offline_by_id_or_name/91198.png,Canonical offline cache asset; jar stores these by numeric or named cache key.
offline/91200.png,offline_by_id_or_name/91200.png,Canonical offline cache asset; jar stores these by numeric or named cache key.
offline/91201.png,offline_by_id_or_name/91201.png,Canonical offline cache asset; jar stores these by numeric or named cache key.
offline/91202.png,offline_by_id_or_name/91202.png,Canonical offline cache asset; jar stores these by numeric or named cache key.
offline/91203.png,offline_by_id_or_name/91203.png,Canonical offline cache asset; jar stores these by numeric or named cache key.
offline/91204.png,offline_by_id_or_name/91204.png,Canonical offline cache asset; jar stores these by numeric or named cache key.
offline/91205.png,offline_by_id_or_name/91205.png,Canonical offline cache asset; jar stores these by numeric or named cache key.
offline/91206.png,offline_by_id_or_name/91206.png,Canonical offline cache asset; jar stores these by numeric or named cache key.
offline/91207.png,offline_by_id_or_name/91207.png,Canonical offline cache asset; jar stores these by numeric or named cache key.
offline/91208.png,offline_by_id_or_name/91208.png,Canonical offline cache asset; jar stores these by numeric or named cache key.
offline/91209.png,offline_by_id_or_name/91209.png,Canonical offline cache asset; jar stores these by numeric or named cache key.
offline/91298.png,offline_by_id_or_name/91298.png,Canonical offline cache asset; jar stores these by numeric or named cache key.
offline/91300.png,offline_by_id_or_name/91300.png,Canonical offline cache asset; jar stores these by numeric or named cache key.
offline/91301.png,offline_by_id_or_name/91301.png,Canonical offline cache asset; jar stores these by numeric or named cache key.
offline/91302.png,offline_by_id_or_name/91302.png,Canonical offline cache asset; jar stores these by numeric or named cache key.
offline/91303.png,offline_by_id_or_name/91303.png,Canonical offline cache asset; jar stores these by numeric or named cache key.
offline/91304.png,offline_by_id_or_name/91304.png,Canonical offline cache asset; jar stores these by numeric or named cache key.
offline/91305.png,offline_by_id_or_name/91305.png,Canonical offline cache asset; jar stores these by numeric or named cache key.
offline/91306.png,offline_by_id_or_name/91306.png,Canonical offline cache asset; jar stores these by numeric or named cache key.
offline/91307.png,offline_by_id_or_name/91307.png,Canonical offline cache asset; jar stores these by numeric or named cache key.
offline/91308.png,offline_by_id_or_name/91308.png,Canonical offline cache asset; jar stores these by numeric or named cache key.
offline/91309.png,offline_by_id_or_name/91309.png,Canonical offline cache asset; jar stores these by numeric or named cache key.
offline/91398.png,offline_by_id_or_name/91398.png,Canonical offline cache asset; jar stores these by numeric or named cache key.
offline/92000.png,offline_by_id_or_name/92000.png,Canonical offline cache asset; jar stores these by numeric or named cache key.
offline/92001.png,offline_by_id_or_name/92001.png,Canonical offline cache asset; jar stores these by numeric or named cache key.
offline/92002.png,offline_by_id_or_name/92002.png,Canonical offline cache asset; jar stores these by numeric or named cache key.
offline/92003.png,offline_by_id_or_name/92003.png,Canonical offline cache asset; jar stores these by numeric or named cache key.
offline/92004.png,offline_by_id_or_name/92004.png,Canonical offline cache asset; jar stores these by numeric or named cache key.
offline/92005.png,offline_by_id_or_name/92005.png,Canonical offline cache asset; jar stores these by numeric or named cache key.
offline/92006.png,offline_by_id_or_name/92006.png,Canonical offline cache asset; jar stores these by numeric or named cache key.
offline/92007.png,offline_by_id_or_name/92007.png,Canonical offline cache asset; jar stores these by numeric or named cache key.
offline/92008.png,offline_by_id_or_name/92008.png,Canonical offline cache asset; jar stores these by numeric or named cache key.
offline/92009.png,offline_by_id_or_name/92009.png,Canonical offline cache asset; jar stores these by numeric or named cache key.
offline/92098.png,offline_by_id_or_name/92098.png,Canonical offline cache asset; jar stores these by numeric or named cache key.
offline/92400.png,offline_by_id_or_name/92400.png,Canonical offline cache asset; jar stores these by numeric or named cache key.
offline/92401.png,offline_by_id_or_name/92401.png,Canonical offline cache asset; jar stores these by numeric or named cache key.
offline/92402.png,offline_by_id_or_name/92402.png,Canonical offline cache asset; jar stores these by numeric or named cache key.
offline/92403.png,offline_by_id_or_name/92403.png,Canonical offline cache asset; jar stores these by numeric or named cache key.
offline/92404.png,offline_by_id_or_name/92404.png,Canonical offline cache asset; jar stores these by numeric or named cache key.
offline/92405.png,offline_by_id_or_name/92405.png,Canonical offline cache asset; jar stores these by numeric or named cache key.
offline/92406.png,offline_by_id_or_name/92406.png,Canonical offline cache asset; jar stores these by numeric or named cache key.
offline/92407.png,offline_by_id_or_name/92407.png,Canonical offline cache asset; jar stores these by numeric or named cache key.
offline/92408.png,offline_by_id_or_name/92408.png,Canonical offline cache asset; jar stores these by numeric or named cache key.
offline/92409.png,offline_by_id_or_name/92409.png,Canonical offline cache asset; jar stores these by numeric or named cache key.
offline/92498.png,offline_by_id_or_name/92498.png,Canonical offline cache asset; jar stores these by numeric or named cache key.
offline/92500.png,offline_by_id_or_name/92500.png,Canonical offline cache asset; jar stores these by numeric or named cache key.
offline/92501.png,offline_by_id_or_name/92501.png,Canonical offline cache asset; jar stores these by numeric or named cache key.
offline/92502.png,offline_by_id_or_name/92502.png,Canonical offline cache asset; jar stores these by numeric or named cache key.
offline/92503.png,offline_by_id_or_name/92503.png,Canonical offline cache asset; jar stores these by numeric or named cache key.
offline/92504.png,offline_by_id_or_name/92504.png,Canonical offline cache asset; jar stores these by numeric or named cache key.
offline/92505.png,offline_by_id_or_name/92505.png,Canonical offline cache asset; jar stores these by numeric or named cache key.
offline/92506.png,offline_by_id_or_name/92506.png,Canonical offline cache asset; jar stores these by numeric or named cache key.
offline/92507.png,offline_by_id_or_name/92507.png,Canonical offline cache asset; jar stores these by numeric or named cache key.
offline/92508.png,offline_by_id_or_name/92508.png,Canonical offline cache asset; jar stores these by numeric or named cache key.
offline/92509.png,offline_by_id_or_name/92509.png,Canonical offline cache asset; jar stores these by numeric or named cache key.
offline/92598.png,offline_by_id_or_name/92598.png,Canonical offline cache asset; jar stores these by numeric or named cache key.
offline/94000.png,offline_by_id_or_name/94000.png,Canonical offline cache asset; jar stores these by numeric or named cache key.
offline/94001.png,offline_by_id_or_name/94001.png,Canonical offline cache asset; jar stores these by numeric or named cache key.
offline/94002.png,offline_by_id_or_name/94002.png,Canonical offline cache asset; jar stores these by numeric or named cache key.
offline/94003.png,offline_by_id_or_name/94003.png,Canonical offline cache asset; jar stores these by numeric or named cache key.
offline/94004.png,offline_by_id_or_name/94004.png,Canonical offline cache asset; jar stores these by numeric or named cache key.
offline/94005.png,offline_by_id_or_name/94005.png,Canonical offline cache asset; jar stores these by numeric or named cache key.
offline/94006.png,offline_by_id_or_name/94006.png,Canonical offline cache asset; jar stores these by numeric or named cache key.
offline/94007.png,offline_by_id_or_name/94007.png,Canonical offline cache asset; jar stores these by numeric or named cache key.
offline/94008.png,offline_by_id_or_name/94008.png,Canonical offline cache asset; jar stores these by numeric or named cache key.
offline/94009.png,offline_by_id_or_name/94009.png,Canonical offline cache asset; jar stores these by numeric or named cache key.
offline/94098.png,offline_by_id_or_name/94098.png,Canonical offline cache asset; jar stores these by numeric or named cache key.
offline/94100.png,offline_by_id_or_name/94100.png,Canonical offline cache asset; jar stores these by numeric or named cache key.
offline/94101.png,offline_by_id_or_name/94101.png,Canonical offline cache asset; jar stores these by numeric or named cache key.
offline/94102.png,offline_by_id_or_name/94102.png,Canonical offline cache asset; jar stores these by numeric or named cache key.
offline/94103.png,offline_by_id_or_name/94103.png,Canonical offline cache asset; jar stores these by numeric or named cache key.
offline/94104.png,offline_by_id_or_name/94104.png,Canonical offline cache asset; jar stores these by numeric or named cache key.
offline/94105.png,offline_by_id_or_name/94105.png,Canonical offline cache asset; jar stores these by numeric or named cache key.
offline/94106.png,offline_by_id_or_name/94106.png,Canonical offline cache asset; jar stores these by numeric or named cache key.
offline/94107.png,offline_by_id_or_name/94107.png,Canonical offline cache asset; jar stores these by numeric or named cache key.
offline/94108.png,offline_by_id_or_name/94108.png,Canonical offline cache asset; jar stores these by numeric or named cache key.
offline/94109.png,offline_by_id_or_name/94109.png,Canonical offline cache asset; jar stores these by numeric or named cache key.
offline/94198.png,offline_by_id_or_name/94198.png,Canonical offline cache asset; jar stores these by numeric or named cache key.
offline/94200.png,offline_by_id_or_name/94200.png,Canonical offline cache asset; jar stores these by numeric or named cache key.
offline/94201.png,offline_by_id_or_name/94201.png,Canonical offline cache asset; jar stores these by numeric or named cache key.
offline/94202.png,offline_by_id_or_name/94202.png,Canonical offline cache asset; jar stores these by numeric or named cache key.
offline/94203.png,offline_by_id_or_name/94203.png,Canonical offline cache asset; jar stores these by numeric or named cache key.
offline/94204.png,offline_by_id_or_name/94204.png,Canonical offline cache asset; jar stores these by numeric or named cache key.
offline/94205.png,offline_by_id_or_name/94205.png,Canonical offline cache asset; jar stores these by numeric or named cache key.
offline/94206.png,offline_by_id_or_name/94206.png,Canonical offline cache asset; jar stores these by numeric or named cache key.
offline/94207.png,offline_by_id_or_name/94207.png,Canonical offline cache asset; jar stores these by numeric or named cache key.
offline/94208.png,offline_by_id_or_name/94208.png,Canonical offline cache asset; jar stores these by numeric or named cache key.
offline/94209.png,offline_by_id_or_name/94209.png,Canonical offline cache asset; jar stores these by numeric or named cache key.
offline/94298.png,offline_by_id_or_name/94298.png,Canonical offline cache asset; jar stores these by numeric or named cache key.
offline/94300.png,offline_by_id_or_name/94300.png,Canonical offline cache asset; jar stores these by numeric or named cache key.
offline/94301.png,offline_by_id_or_name/94301.png,Canonical offline cache asset; jar stores these by numeric or named cache key.
offline/94302.png,offline_by_id_or_name/94302.png,Canonical offline cache asset; jar stores these by numeric or named cache key.
offline/94303.png,offline_by_id_or_name/94303.png,Canonical offline cache asset; jar stores these by numeric or named cache key.
offline/94304.png,offline_by_id_or_name/94304.png,Canonical offline cache asset; jar stores these by numeric or named cache key.
offline/94305.png,offline_by_id_or_name/94305.png,Canonical offline cache asset; jar stores these by numeric or named cache key.
offline/94306.png,offline_by_id_or_name/94306.png,Canonical offline cache asset; jar stores these by numeric or named cache key.
offline/94307.png,offline_by_id_or_name/94307.png,Canonical offline cache asset; jar stores these by numeric or named cache key.
offline/94308.png,offline_by_id_or_name/94308.png,Canonical offline cache asset; jar stores these by numeric or named cache key.
offline/94309.png,offline_by_id_or_name/94309.png,Canonical offline cache asset; jar stores these by numeric or named cache key.
offline/94398.png,offline_by_id_or_name/94398.png,Canonical offline cache asset; jar stores these by numeric or named cache key.
offline/95200.png,offline_by_id_or_name/95200.png,Canonical offline cache asset; jar stores these by numeric or named cache key.
offline/95201.png,offline_by_id_or_name/95201.png,Canonical offline cache asset; jar stores these by numeric or named cache key.
offline/95202.png,offline_by_id_or_name/95202.png,Canonical offline cache asset; jar stores these by numeric or named cache key.
offline/95203.png,offline_by_id_or_name/95203.png,Canonical offline cache asset; jar stores these by numeric or named cache key.
offline/95204.png,offline_by_id_or_name/95204.png,Canonical offline cache asset; jar stores these by numeric or named cache key.
offline/95205.png,offline_by_id_or_name/95205.png,Canonical offline cache asset; jar stores these by numeric or named cache key.
offline/95206.png,offline_by_id_or_name/95206.png,Canonical offline cache asset; jar stores these by numeric or named cache key.
offline/95207.png,offline_by_id_or_name/95207.png,Canonical offline cache asset; jar stores these by numeric or named cache key.
offline/95208.png,offline_by_id_or_name/95208.png,Canonical offline cache asset; jar stores these by numeric or named cache key.
offline/95209.png,offline_by_id_or_name/95209.png,Canonical offline cache asset; jar stores these by numeric or named cache key.
offline/95298.png,offline_by_id_or_name/95298.png,Canonical offline cache asset; jar stores these by numeric or named cache key.
offline/95400.png,offline_by_id_or_name/95400.png,Canonical offline cache asset; jar stores these by numeric or named cache key.
offline/95401.png,offline_by_id_or_name/95401.png,Canonical offline cache asset; jar stores these by numeric or named cache key.
offline/95402.png,offline_by_id_or_name/95402.png,Canonical offline cache asset; jar stores these by numeric or named cache key.
offline/95403.png,offline_by_id_or_name/95403.png,Canonical offline cache asset; jar stores these by numeric or named cache key.
offline/95404.png,offline_by_id_or_name/95404.png,Canonical offline cache asset; jar stores these by numeric or named cache key.
offline/95405.png,offline_by_id_or_name/95405.png,Canonical offline cache asset; jar stores these by numeric or named cache key.
offline/95406.png,offline_by_id_or_name/95406.png,Canonical offline cache asset; jar stores these by numeric or named cache key.
offline/95407.png,offline_by_id_or_name/95407.png,Canonical offline cache asset; jar stores these by numeric or named cache key.
offline/95408.png,offline_by_id_or_name/95408.png,Canonical offline cache asset; jar stores these by numeric or named cache key.
offline/95409.png,offline_by_id_or_name/95409.png,Canonical offline cache asset; jar stores these by numeric or named cache key.
offline/95498.png,offline_by_id_or_name/95498.png,Canonical offline cache asset; jar stores these by numeric or named cache key.
offline/95500.png,offline_by_id_or_name/95500.png,Canonical offline cache asset; jar stores these by numeric or named cache key.
offline/95501.png,offline_by_id_or_name/95501.png,Canonical offline cache asset; jar stores these by numeric or named cache key.
offline/95502.png,offline_by_id_or_name/95502.png,Canonical offline cache asset; jar stores these by numeric or named cache key.
offline/95503.png,offline_by_id_or_name/95503.png,Canonical offline cache asset; jar stores these by numeric or named cache key.
offline/95504.png,offline_by_id_or_name/95504.png,Canonical offline cache asset; jar stores these by numeric or named cache key.
offline/95505.png,offline_by_id_or_name/95505.png,Canonical offline cache asset; jar stores these by numeric or named cache key.
offline/95506.png,offline_by_id_or_name/95506.png,Canonical offline cache asset; jar stores these by numeric or named cache key.
offline/95507.png,offline_by_id_or_name/95507.png,Canonical offline cache asset; jar stores these by numeric or named cache key.
offline/95508.png,offline_by_id_or_name/95508.png,Canonical offline cache asset; jar stores these by numeric or named cache key.
offline/95509.png,offline_by_id_or_name/95509.png,Canonical offline cache asset; jar stores these by numeric or named cache key.
offline/95598.png,offline_by_id_or_name/95598.png,Canonical offline cache asset; jar stores these by numeric or named cache key.
offline/95700.png,offline_by_id_or_name/95700.png,Canonical offline cache asset; jar stores these by numeric or named cache key.
offline/95701.png,offline_by_id_or_name/95701.png,Canonical offline cache asset; jar stores these by numeric or named cache key.
offline/95702.png,offline_by_id_or_name/95702.png,Canonical offline cache asset; jar stores these by numeric or named cache key.
offline/95703.png,offline_by_id_or_name/95703.png,Canonical offline cache asset; jar stores these by numeric or named cache key.
offline/95704.png,offline_by_id_or_name/95704.png,Canonical offline cache asset; jar stores these by numeric or named cache key.
offline/95705.png,offline_by_id_or_name/95705.png,Canonical offline cache asset; jar stores these by numeric or named cache key.
offline/95706.png,offline_by_id_or_name/95706.png,Canonical offline cache asset; jar stores these by numeric or named cache key.
offline/95707.png,offline_by_id_or_name/95707.png,Canonical offline cache asset; jar stores these by numeric or named cache key.
offline/95708.png,offline_by_id_or_name/95708.png,Canonical offline cache asset; jar stores these by numeric or named cache key.
offline/95709.png,offline_by_id_or_name/95709.png,Canonical offline cache asset; jar stores these by numeric or named cache key.
offline/95798.png,offline_by_id_or_name/95798.png,Canonical offline cache asset; jar stores these by numeric or named cache key.
offline/95800.png,offline_by_id_or_name/95800.png,Canonical offline cache asset; jar stores these by numeric or named cache key.
offline/95801.png,offline_by_id_or_name/95801.png,Canonical offline cache asset; jar stores these by numeric or named cache key.
offline/95802.png,offline_by_id_or_name/95802.png,Canonical offline cache asset; jar stores these by numeric or named cache key.
offline/95803.png,offline_by_id_or_name/95803.png,Canonical offline cache asset; jar stores these by numeric or named cache key.
offline/95804.png,offline_by_id_or_name/95804.png,Canonical offline cache asset; jar stores these by numeric or named cache key.
offline/95805.png,offline_by_id_or_name/95805.png,Canonical offline cache asset; jar stores these by numeric or named cache key.
offline/95806.png,offline_by_id_or_name/95806.png,Canonical offline cache asset; jar stores these by numeric or named cache key.
offline/95807.png,offline_by_id_or_name/95807.png,Canonical offline cache asset; jar stores these by numeric or named cache key.
offline/95808.png,offline_by_id_or_name/95808.png,Canonical offline cache asset; jar stores these by numeric or named cache key.
offline/95809.png,offline_by_id_or_name/95809.png,Canonical offline cache asset; jar stores these by numeric or named cache key.
offline/95898.png,offline_by_id_or_name/95898.png,Canonical offline cache asset; jar stores these by numeric or named cache key.
offline/95900.png,offline_by_id_or_name/95900.png,Canonical offline cache asset; jar stores these by numeric or named cache key.
offline/95901.png,offline_by_id_or_name/95901.png,Canonical offline cache asset; jar stores these by numeric or named cache key.
offline/95902.png,offline_by_id_or_name/95902.png,Canonical offline cache asset; jar stores these by numeric or named cache key.
offline/95903.png,offline_by_id_or_name/95903.png,Canonical offline cache asset; jar stores these by numeric or named cache key.
offline/95904.png,offline_by_id_or_name/95904.png,Canonical offline cache asset; jar stores these by numeric or named cache key.
offline/95905.png,offline_by_id_or_name/95905.png,Canonical offline cache asset; jar stores these by numeric or named cache key.
offline/95906.png,offline_by_id_or_name/95906.png,Canonical offline cache asset; jar stores these by numeric or named cache key.
offline/95907.png,offline_by_id_or_name/95907.png,Canonical offline cache asset; jar stores these by numeric or named cache key.
offline/95908.png,offline_by_id_or_name/95908.png,Canonical offline cache asset; jar stores these by numeric or named cache key.
offline/95909.png,offline_by_id_or_name/95909.png,Canonical offline cache asset; jar stores these by numeric or named cache key.
offline/95998.png,offline_by_id_or_name/95998.png,Canonical offline cache asset; jar stores these by numeric or named cache key.
offline/96000.png,offline_by_id_or_name/96000.png,Canonical offline cache asset; jar stores these by numeric or named cache key.
offline/96001.png,offline_by_id_or_name/96001.png,Canonical offline cache asset; jar stores these by numeric or named cache key.
offline/96002.png,offline_by_id_or_name/96002.png,Canonical offline cache asset; jar stores these by numeric or named cache key.
offline/96003.png,offline_by_id_or_name/96003.png,Canonical offline cache asset; jar stores these by numeric or named cache key.
offline/96004.png,offline_by_id_or_name/96004.png,Canonical offline cache asset; jar stores these by numeric or named cache key.
offline/96005.png,offline_by_id_or_name/96005.png,Canonical offline cache asset; jar stores these by numeric or named cache key.
offline/96006.png,offline_by_id_or_name/96006.png,Canonical offline cache asset; jar stores these by numeric or named cache key.
offline/96007.png,offline_by_id_or_name/96007.png,Canonical offline cache asset; jar stores these by numeric or named cache key.
offline/96008.png,offline_by_id_or_name/96008.png,Canonical offline cache asset; jar stores these by numeric or named cache key.
offline/96009.png,offline_by_id_or_name/96009.png,Canonical offline cache asset; jar stores these by numeric or named cache key.
offline/96098.png,offline_by_id_or_name/96098.png,Canonical offline cache asset; jar stores these by numeric or named cache key.
offline/96100.png,offline_by_id_or_name/96100.png,Canonical offline cache asset; jar stores these by numeric or named cache key.
offline/96101.png,offline_by_id_or_name/96101.png,Canonical offline cache asset; jar stores these by numeric or named cache key.
offline/96102.png,offline_by_id_or_name/96102.png,Canonical offline cache asset; jar stores these by numeric or named cache key.
offline/96103.png,offline_by_id_or_name/96103.png,Canonical offline cache asset; jar stores these by numeric or named cache key.
offline/96104.png,offline_by_id_or_name/96104.png,Canonical offline cache asset; jar stores these by numeric or named cache key.
offline/96105.png,offline_by_id_or_name/96105.png,Canonical offline cache asset; jar stores these by numeric or named cache key.
offline/96106.png,offline_by_id_or_name/96106.png,Canonical offline cache asset; jar stores these by numeric or named cache key.
offline/96107.png,offline_by_id_or_name/96107.png,Canonical offline cache asset; jar stores these by numeric or named cache key.
offline/96108.png,offline_by_id_or_name/96108.png,Canonical offline cache asset; jar stores these by numeric or named cache key.
offline/96109.png,offline_by_id_or_name/96109.png,Canonical offline cache asset; jar stores these by numeric or named cache key.
offline/96198.png,offline_by_id_or_name/96198.png,Canonical offline cache asset; jar stores these by numeric or named cache key.
offline/96200.png,offline_by_id_or_name/96200.png,Canonical offline cache asset; jar stores these by numeric or named cache key.
offline/96201.png,offline_by_id_or_name/96201.png,Canonical offline cache asset; jar stores these by numeric or named cache key.
offline/96202.png,offline_by_id_or_name/96202.png,Canonical offline cache asset; jar stores these by numeric or named cache key.
offline/96203.png,offline_by_id_or_name/96203.png,Canonical offline cache asset; jar stores these by numeric or named cache key.
offline/96204.png,offline_by_id_or_name/96204.png,Canonical offline cache asset; jar stores these by numeric or named cache key.
offline/96205.png,offline_by_id_or_name/96205.png,Canonical offline cache asset; jar stores these by numeric or named cache key.
offline/96206.png,offline_by_id_or_name/96206.png,Canonical offline cache asset; jar stores these by numeric or named cache key.
offline/96207.png,offline_by_id_or_name/96207.png,Canonical offline cache asset; jar stores these by numeric or named cache key.
offline/96208.png,offline_by_id_or_name/96208.png,Canonical offline cache asset; jar stores these by numeric or named cache key.
offline/96209.png,offline_by_id_or_name/96209.png,Canonical offline cache asset; jar stores these by numeric or named cache key.
offline/96298.png,offline_by_id_or_name/96298.png,Canonical offline cache asset; jar stores these by numeric or named cache key.
offline/96300.png,offline_by_id_or_name/96300.png,Canonical offline cache asset; jar stores these by numeric or named cache key.
offline/96301.png,offline_by_id_or_name/96301.png,Canonical offline cache asset; jar stores these by numeric or named cache key.
offline/96302.png,offline_by_id_or_name/96302.png,Canonical offline cache asset; jar stores these by numeric or named cache key.
offline/96303.png,offline_by_id_or_name/96303.png,Canonical offline cache asset; jar stores these by numeric or named cache key.
offline/96304.png,offline_by_id_or_name/96304.png,Canonical offline cache asset; jar stores these by numeric or named cache key.
offline/96305.png,offline_by_id_or_name/96305.png,Canonical offline cache asset; jar stores these by numeric or named cache key.
offline/96306.png,offline_by_id_or_name/96306.png,Canonical offline cache asset; jar stores these by numeric or named cache key.
offline/96307.png,offline_by_id_or_name/96307.png,Canonical offline cache asset; jar stores these by numeric or named cache key.
offline/96308.png,offline_by_id_or_name/96308.png,Canonical offline cache asset; jar stores these by numeric or named cache key.
offline/96309.png,offline_by_id_or_name/96309.png,Canonical offline cache asset; jar stores these by numeric or named cache key.
offline/96398.png,offline_by_id_or_name/96398.png,Canonical offline cache asset; jar stores these by numeric or named cache key.
offline/97100.png,offline_by_id_or_name/97100.png,Canonical offline cache asset; jar stores these by numeric or named cache key.
offline/97101.png,offline_by_id_or_name/97101.png,Canonical offline cache asset; jar stores these by numeric or named cache key.
offline/97102.png,offline_by_id_or_name/97102.png,Canonical offline cache asset; jar stores these by numeric or named cache key.
offline/97103.png,offline_by_id_or_name/97103.png,Canonical offline cache asset; jar stores these by numeric or named cache key.
offline/97104.png,offline_by_id_or_name/97104.png,Canonical offline cache asset; jar stores these by numeric or named cache key.
offline/97105.png,offline_by_id_or_name/97105.png,Canonical offline cache asset; jar stores these by numeric or named cache key.
offline/97106.png,offline_by_id_or_name/97106.png,Canonical offline cache asset; jar stores these by numeric or named cache key.
offline/97107.png,offline_by_id_or_name/97107.png,Canonical offline cache asset; jar stores these by numeric or named cache key.
offline/97108.png,offline_by_id_or_name/97108.png,Canonical offline cache asset; jar stores these by numeric or named cache key.
offline/97109.png,offline_by_id_or_name/97109.png,Canonical offline cache asset; jar stores these by numeric or named cache key.
offline/97198.png,offline_by_id_or_name/97198.png,Canonical offline cache asset; jar stores these by numeric or named cache key.
offline/97400.png,offline_by_id_or_name/97400.png,Canonical offline cache asset; jar stores these by numeric or named cache key.
offline/97401.png,offline_by_id_or_name/97401.png,Canonical offline cache asset; jar stores these by numeric or named cache key.
offline/97402.png,offline_by_id_or_name/97402.png,Canonical offline cache asset; jar stores these by numeric or named cache key.
offline/97403.png,offline_by_id_or_name/97403.png,Canonical offline cache asset; jar stores these by numeric or named cache key.
offline/97404.png,offline_by_id_or_name/97404.png,Canonical offline cache asset; jar stores these by numeric or named cache key.
offline/97405.png,offline_by_id_or_name/97405.png,Canonical offline cache asset; jar stores these by numeric or named cache key.
offline/97406.png,offline_by_id_or_name/97406.png,Canonical offline cache asset; jar stores these by numeric or named cache key.
offline/97407.png,offline_by_id_or_name/97407.png,Canonical offline cache asset; jar stores these by numeric or named cache key.
offline/97408.png,offline_by_id_or_name/97408.png,Canonical offline cache asset; jar stores these by numeric or named cache key.
offline/97409.png,offline_by_id_or_name/97409.png,Canonical offline cache asset; jar stores these by numeric or named cache key.
offline/97498.png,offline_by_id_or_name/97498.png,Canonical offline cache asset; jar stores these by numeric or named cache key.
offline/97500.png,offline_by_id_or_name/97500.png,Canonical offline cache asset; jar stores these by numeric or named cache key.
offline/97501.png,offline_by_id_or_name/97501.png,Canonical offline cache asset; jar stores these by numeric or named cache key.
offline/97502.png,offline_by_id_or_name/97502.png,Canonical offline cache asset; jar stores these by numeric or named cache key.
offline/97503.png,offline_by_id_or_name/97503.png,Canonical offline cache asset; jar stores these by numeric or named cache key.
offline/97504.png,offline_by_id_or_name/97504.png,Canonical offline cache asset; jar stores these by numeric or named cache key.
offline/97505.png,offline_by_id_or_name/97505.png,Canonical offline cache asset; jar stores these by numeric or named cache key.
offline/97506.png,offline_by_id_or_name/97506.png,Canonical offline cache asset; jar stores these by numeric or named cache key.
offline/97507.png,offline_by_id_or_name/97507.png,Canonical offline cache asset; jar stores these by numeric or named cache key.
offline/97508.png,offline_by_id_or_name/97508.png,Canonical offline cache asset; jar stores these by numeric or named cache key.
offline/97509.png,offline_by_id_or_name/97509.png,Canonical offline cache asset; jar stores these by numeric or named cache key.
offline/97598.png,offline_by_id_or_name/97598.png,Canonical offline cache asset; jar stores these by numeric or named cache key.
offline/98000.png,offline_by_id_or_name/98000.png,Canonical offline cache asset; jar stores these by numeric or named cache key.
offline/98001.png,offline_by_id_or_name/98001.png,Canonical offline cache asset; jar stores these by numeric or named cache key.
offline/98002.png,offline_by_id_or_name/98002.png,Canonical offline cache asset; jar stores these by numeric or named cache key.
offline/98003.png,offline_by_id_or_name/98003.png,Canonical offline cache asset; jar stores these by numeric or named cache key.
offline/98004.png,offline_by_id_or_name/98004.png,Canonical offline cache asset; jar stores these by numeric or named cache key.
offline/98005.png,offline_by_id_or_name/98005.png,Canonical offline cache asset; jar stores these by numeric or named cache key.
offline/98006.png,offline_by_id_or_name/98006.png,Canonical offline cache asset; jar stores these by numeric or named cache key.
offline/98007.png,offline_by_id_or_name/98007.png,Canonical offline cache asset; jar stores these by numeric or named cache key.
offline/98008.png,offline_by_id_or_name/98008.png,Canonical offline cache asset; jar stores these by numeric or named cache key.
offline/98009.png,offline_by_id_or_name/98009.png,Canonical offline cache asset; jar stores these by numeric or named cache key.
offline/98098.png,offline_by_id_or_name/98098.png,Canonical offline cache asset; jar stores these by numeric or named cache key.
offline/98100.png,offline_by_id_or_name/98100.png,Canonical offline cache asset; jar stores these by numeric or named cache key.
offline/98101.png,offline_by_id_or_name/98101.png,Canonical offline cache asset; jar stores these by numeric or named cache key.
offline/98102.png,offline_by_id_or_name/98102.png,Canonical offline cache asset; jar stores these by numeric or named cache key.
offline/98103.png,offline_by_id_or_name/98103.png,Canonical offline cache asset; jar stores these by numeric or named cache key.
offline/98104.png,offline_by_id_or_name/98104.png,Canonical offline cache asset; jar stores these by numeric or named cache key.
offline/98105.png,offline_by_id_or_name/98105.png,Canonical offline cache asset; jar stores these by numeric or named cache key.
offline/98106.png,offline_by_id_or_name/98106.png,Canonical offline cache asset; jar stores these by numeric or named cache key.
offline/98107.png,offline_by_id_or_name/98107.png,Canonical offline cache asset; jar stores these by numeric or named cache key.
offline/98108.png,offline_by_id_or_name/98108.png,Canonical offline cache asset; jar stores these by numeric or named cache key.
offline/98109.png,offline_by_id_or_name/98109.png,Canonical offline cache asset; jar stores these by numeric or named cache key.
offline/98198.png,offline_by_id_or_name/98198.png,Canonical offline cache asset; jar stores these by numeric or named cache key.
offline/98200.png,offline_by_id_or_name/98200.png,Canonical offline cache asset; jar stores these by numeric or named cache key.
offline/98201.png,offline_by_id_or_name/98201.png,Canonical offline cache asset; jar stores these by numeric or named cache key.
offline/98202.png,offline_by_id_or_name/98202.png,Canonical offline cache asset; jar stores these by numeric or named cache key.
offline/98203.png,offline_by_id_or_name/98203.png,Canonical offline cache asset; jar stores these by numeric or named cache key.
offline/98204.png,offline_by_id_or_name/98204.png,Canonical offline cache asset; jar stores these by numeric or named cache key.
offline/98205.png,offline_by_id_or_name/98205.png,Canonical offline cache asset; jar stores these by numeric or named cache key.
offline/98206.png,offline_by_id_or_name/98206.png,Canonical offline cache asset; jar stores these by numeric or named cache key.
offline/98207.png,offline_by_id_or_name/98207.png,Canonical offline cache asset; jar stores these by numeric or named cache key.
offline/98208.png,offline_by_id_or_name/98208.png,Canonical offline cache asset; jar stores these by numeric or named cache key.
offline/98209.png,offline_by_id_or_name/98209.png,Canonical offline cache asset; jar stores these by numeric or named cache key.
offline/98298.png,offline_by_id_or_name/98298.png,Canonical offline cache asset; jar stores these by numeric or named cache key.
offline/98300.png,offline_by_id_or_name/98300.png,Canonical offline cache asset; jar stores these by numeric or named cache key.
offline/98301.png,offline_by_id_or_name/98301.png,Canonical offline cache asset; jar stores these by numeric or named cache key.
offline/98302.png,offline_by_id_or_name/98302.png,Canonical offline cache asset; jar stores these by numeric or named cache key.
offline/98303.png,offline_by_id_or_name/98303.png,Canonical offline cache asset; jar stores these by numeric or named cache key.
offline/98304.png,offline_by_id_or_name/98304.png,Canonical offline cache asset; jar stores these by numeric or named cache key.
offline/98305.png,offline_by_id_or_name/98305.png,Canonical offline cache asset; jar stores these by numeric or named cache key.
offline/98306.png,offline_by_id_or_name/98306.png,Canonical offline cache asset; jar stores these by numeric or named cache key.
offline/98307.png,offline_by_id_or_name/98307.png,Canonical offline cache asset; jar stores these by numeric or named cache key.
offline/98308.png,offline_by_id_or_name/98308.png,Canonical offline cache asset; jar stores these by numeric or named cache key.
offline/98309.png,offline_by_id_or_name/98309.png,Canonical offline cache asset; jar stores these by numeric or named cache key.
offline/98398.png,offline_by_id_or_name/98398.png,Canonical offline cache asset; jar stores these by numeric or named cache key.
offline/99000.png,offline_by_id_or_name/99000.png,Canonical offline cache asset; jar stores these by numeric or named cache key.
offline/99000.png,character_body_990xx_confirmed/99000.png,Confirmed body-part base range used by the character compositor.
offline/99001.png,offline_by_id_or_name/99001.png,Canonical offline cache asset; jar stores these by numeric or named cache key.
offline/99001.png,character_body_990xx_confirmed/99001.png,Confirmed body-part base range used by the character compositor.
offline/99002.png,offline_by_id_or_name/99002.png,Canonical offline cache asset; jar stores these by numeric or named cache key.
offline/99002.png,character_body_990xx_confirmed/99002.png,Confirmed body-part base range used by the character compositor.
offline/99003.png,offline_by_id_or_name/99003.png,Canonical offline cache asset; jar stores these by numeric or named cache key.
offline/99003.png,character_body_990xx_confirmed/99003.png,Confirmed body-part base range used by the character compositor.
offline/99004.png,offline_by_id_or_name/99004.png,Canonical offline cache asset; jar stores these by numeric or named cache key.
offline/99004.png,character_body_990xx_confirmed/99004.png,Confirmed body-part base range used by the character compositor.
offline/99005.png,offline_by_id_or_name/99005.png,Canonical offline cache asset; jar stores these by numeric or named cache key.
offline/99005.png,character_body_990xx_confirmed/99005.png,Confirmed body-part base range used by the character compositor.
offline/99006.png,offline_by_id_or_name/99006.png,Canonical offline cache asset; jar stores these by numeric or named cache key.
offline/99006.png,character_body_990xx_confirmed/99006.png,Confirmed body-part base range used by the character compositor.
offline/99007.png,offline_by_id_or_name/99007.png,Canonical offline cache asset; jar stores these by numeric or named cache key.
offline/99007.png,character_body_990xx_confirmed/99007.png,Confirmed body-part base range used by the character compositor.
offline/99008.png,offline_by_id_or_name/99008.png,Canonical offline cache asset; jar stores these by numeric or named cache key.
offline/99008.png,character_body_990xx_confirmed/99008.png,Confirmed body-part base range used by the character compositor.
offline/99009.png,offline_by_id_or_name/99009.png,Canonical offline cache asset; jar stores these by numeric or named cache key.
offline/99009.png,character_body_990xx_confirmed/99009.png,Confirmed body-part base range used by the character compositor.
offline/99099.png,offline_by_id_or_name/99099.png,Canonical offline cache asset; jar stores these by numeric or named cache key.
offline/99099.png,character_body_990xx_confirmed/99099.png,Confirmed body-part base range used by the character compositor.
offline/99900.png,offline_by_id_or_name/99900.png,Canonical offline cache asset; jar stores these by numeric or named cache key.
offline/99901.png,offline_by_id_or_name/99901.png,Canonical offline cache asset; jar stores these by numeric or named cache key.
offline/99902.png,offline_by_id_or_name/99902.png,Canonical offline cache asset; jar stores these by numeric or named cache key.
offline/99903.png,offline_by_id_or_name/99903.png,Canonical offline cache asset; jar stores these by numeric or named cache key.
offline/99904.png,offline_by_id_or_name/99904.png,Canonical offline cache asset; jar stores these by numeric or named cache key.
offline/99905.png,offline_by_id_or_name/99905.png,Canonical offline cache asset; jar stores these by numeric or named cache key.
offline/99906.png,offline_by_id_or_name/99906.png,Canonical offline cache asset; jar stores these by numeric or named cache key.
offline/99907.png,offline_by_id_or_name/99907.png,Canonical offline cache asset; jar stores these by numeric or named cache key.
offline/99908.png,offline_by_id_or_name/99908.png,Canonical offline cache asset; jar stores these by numeric or named cache key.
offline/99909.png,offline_by_id_or_name/99909.png,Canonical offline cache asset; jar stores these by numeric or named cache key.
offline/99998.png,offline_by_id_or_name/99998.png,Canonical offline cache asset; jar stores these by numeric or named cache key.
offline/avatardownloadscreen.png,offline_by_id_or_name/avatardownloadscreen.png,Canonical offline cache asset; jar stores these by numeric or named cache key.
olaicons.png,root_named_assets/olaicons.png,Root-level named asset from jar; exact semantic role may still require code review.
onions.png,root_named_assets/onions.png,Root-level named asset from jar; exact semantic role may still require code review.
play/bkboardh.png,board_play_ui_confirmed/bkboardh.png,Loaded directly from /play/* by the board/battle UI.
play/bkboardv.png,board_play_ui_confirmed/bkboardv.png,Loaded directly from /play/* by the board/battle UI.
play/ground.png,board_play_ui_confirmed/ground.png,Loaded directly from /play/* by the board/battle UI.
play/hpbar.png,board_play_ui_confirmed/hpbar.png,Loaded directly from /play/* by the board/battle UI.
play/manabar.png,board_play_ui_confirmed/manabar.png,Loaded directly from /play/* by the board/battle UI.
play/powerbar.png,board_play_ui_confirmed/powerbar.png,Loaded directly from /play/* by the board/battle UI.
push.png,root_named_assets/push.png,Root-level named asset from jar; exact semantic role may still require code review.
questnotifyicon.png,root_named_assets/questnotifyicon.png,Root-level named asset from jar; exact semantic role may still require code review.
roomicon.png,root_named_assets/roomicon.png,Root-level named asset from jar; exact semantic role may still require code review.
shoppingcarticon.png,root_named_assets/shoppingcarticon.png,Root-level named asset from jar; exact semantic role may still require code review.
skicon.png,root_named_assets/skicon.png,Root-level named asset from jar; exact semantic role may still require code review.
skillupdownstat.png,root_named_assets/skillupdownstat.png,Root-level named asset from jar; exact semantic role may still require code review.
slotlock.png,root_named_assets/slotlock.png,Root-level named asset from jar; exact semantic role may still require code review.
smileys.png,root_named_assets/smileys.png,Root-level named asset from jar; exact semantic role may still require code review.
star.png,root_named_assets/star.png,Root-level named asset from jar; exact semantic role may still require code review.
staricon.png,root_named_assets/staricon.png,Root-level named asset from jar; exact semantic role may still require code review.
strlose.png,root_named_assets/strlose.png,Root-level named asset from jar; exact semantic role may still require code review.
strwin.png,root_named_assets/strwin.png,Root-level named asset from jar; exact semantic role may still require code review.
tab.png,root_named_assets/tab.png,Root-level named asset from jar; exact semantic role may still require code review.
taythuytinh.png,root_named_assets/taythuytinh.png,Root-level named asset from jar; exact semantic role may still require code review.
tinynumber.png,root_named_assets/tinynumber.png,Root-level named asset from jar; exact semantic role may still require code review.
zap.png,root_named_assets/zap.png,Root-level named asset from jar; exact semantic role may still require code review.
zoomfocus.png,root_named_assets/zoomfocus.png,Root-level named asset from jar; exact semantic role may still require code review.
